2026-07-27 05:17:16 [::1][-][-][error][ParseError] ParseError: syntax error, unexpected token "public", expecting end of file in D:\laragon\www\EVERYDAYMART\models\LoginForm.php:31
Stack trace:
#0 D:\laragon\www\EVERYDAYMART\controllers\SiteController.php(95): yii\BaseYii::autoload('app\\models\\Logi...')
#1 [internal function]: app\controllers\SiteController->actionLogin()
#2 D:\laragon\www\EVERYDAYMART\vendor\yiisoft\yii2\base\InlineAction.php(60): call_user_func_array(Array, Array)
#3 D:\laragon\www\EVERYDAYMART\vendor\yiisoft\yii2\base\Controller.php(182): yii\base\InlineAction->runWithParams(Array)
#4 D:\laragon\www\EVERYDAYMART\vendor\yiisoft\yii2\base\Module.php(547): yii\base\Controller->runAction('login', Array)
#5 D:\laragon\www\EVERYDAYMART\vendor\yiisoft\yii2\web\Application.php(105): yii\base\Module->runAction('site/login', Array)
#6 D:\laragon\www\EVERYDAYMART\vendor\yiisoft\yii2\base\Application.php(382): yii\web\Application->handleRequest(Object(yii\web\Request))
#7 D:\laragon\www\EVERYDAYMART\web\index.php(14): yii\base\Application->run()
#8 {main}
2026-07-27 05:17:16 [::1][-][-][info][application] $_GET = [
    'r' => 'site/login'
]

$_POST = []

$_FILES = []

$_COOKIE = []

$_SERVER = [
    'DOCUMENT_ROOT' => 'D:\\laragon\\www\\EVERYDAYMART\\web'
    'REMOTE_ADDR' => '::1'
    'REMOTE_PORT' => '59122'
    'SERVER_SOFTWARE' => 'PHP/8.4.13 (Development Server)'
    'SERVER_PROTOCOL' => 'HTTP/1.1'
    'SERVER_NAME' => 'localhost'
    'SERVER_PORT' => '8080'
    'REQUEST_URI' => '/index.php?r=site/login'
    'REQUEST_METHOD' => 'GET'
    'SCRIPT_NAME' => '/index.php'
    'SCRIPT_FILENAME' => 'D:\\laragon\\www\\EVERYDAYMART\\web\\index.php'
    'PHP_SELF' => '/index.php'
    'QUERY_STRING' => 'r=site/login'
    'HTTP_HOST' => 'localhost:8080'
    'HTTP_CONNECTION' => 'keep-alive'
    'HTTP_UPGRADE_INSECURE_REQUESTS' => '1'
    'HTTP_USER_AGENT' => 'Mozilla/5.0 (Windows NT 10.0; Win64; x64) AppleWebKit/537.36 (KHTML, like Gecko) Code/1.130.0 Chrome/148.0.7778.280 Electron/42.6.0 Safari/537.36'
    'HTTP_ACCEPT' => 'text/html,application/xhtml+xml,application/xml;q=0.9,image/avif,image/webp,image/apng,*/*;q=0.8,application/signed-exchange;v=b3;q=0.7'
    'HTTP_SEC_FETCH_SITE' => 'none'
    'HTTP_SEC_FETCH_MODE' => 'navigate'
    'HTTP_SEC_FETCH_USER' => '?1'
    'HTTP_SEC_FETCH_DEST' => 'document'
    'HTTP_ACCEPT_ENCODING' => 'gzip, deflate, br, zstd'
    'HTTP_ACCEPT_LANGUAGE' => 'en-US'
    'REQUEST_TIME_FLOAT' => 1785129436.014
    'REQUEST_TIME' => 1785129436
]
2026-07-27 05:26:06 [::1][-][-][error][ParseError] ParseError: syntax error, unexpected token "public", expecting end of file in D:\laragon\www\EVERYDAYMART\models\LoginForm.php:31
Stack trace:
#0 D:\laragon\www\EVERYDAYMART\controllers\SiteController.php(95): yii\BaseYii::autoload('app\\models\\Logi...')
#1 [internal function]: app\controllers\SiteController->actionLogin()
#2 D:\laragon\www\EVERYDAYMART\vendor\yiisoft\yii2\base\InlineAction.php(60): call_user_func_array(Array, Array)
#3 D:\laragon\www\EVERYDAYMART\vendor\yiisoft\yii2\base\Controller.php(182): yii\base\InlineAction->runWithParams(Array)
#4 D:\laragon\www\EVERYDAYMART\vendor\yiisoft\yii2\base\Module.php(547): yii\base\Controller->runAction('login', Array)
#5 D:\laragon\www\EVERYDAYMART\vendor\yiisoft\yii2\web\Application.php(105): yii\base\Module->runAction('site/login', Array)
#6 D:\laragon\www\EVERYDAYMART\vendor\yiisoft\yii2\base\Application.php(382): yii\web\Application->handleRequest(Object(yii\web\Request))
#7 D:\laragon\www\EVERYDAYMART\web\index.php(14): yii\base\Application->run()
#8 {main}
2026-07-27 05:26:05 [::1][-][-][info][application] $_GET = [
    'r' => 'site/login'
]

$_POST = []

$_FILES = []

$_COOKIE = [
    '_csrf' => '0b15706e1279e9673b5ebd4cde9d1cd0396df59bbfd179fa4a1d3f0e956e94c0a:2:{i:0;s:5:\"_csrf\";i:1;s:32:\"QKquRQTNiBghWsqgYapne4gbUGb30Ztq\";}'
]

$_SERVER = [
    'DOCUMENT_ROOT' => 'D:\\laragon\\www\\EVERYDAYMART\\web'
    'REMOTE_ADDR' => '::1'
    'REMOTE_PORT' => '57204'
    'SERVER_SOFTWARE' => 'PHP/8.4.13 (Development Server)'
    'SERVER_PROTOCOL' => 'HTTP/1.1'
    'SERVER_NAME' => 'localhost'
    'SERVER_PORT' => '8080'
    'REQUEST_URI' => '/index.php?r=site/login'
    'REQUEST_METHOD' => 'GET'
    'SCRIPT_NAME' => '/index.php'
    'SCRIPT_FILENAME' => 'D:\\laragon\\www\\EVERYDAYMART\\web\\index.php'
    'PHP_SELF' => '/index.php'
    'QUERY_STRING' => 'r=site/login'
    'HTTP_HOST' => 'localhost:8080'
    'HTTP_CONNECTION' => 'keep-alive'
    'HTTP_UPGRADE_INSECURE_REQUESTS' => '1'
    'HTTP_USER_AGENT' => 'Mozilla/5.0 (Windows NT 10.0; Win64; x64) AppleWebKit/537.36 (KHTML, like Gecko) Code/1.130.0 Chrome/148.0.7778.280 Electron/42.6.0 Safari/537.36'
    'HTTP_ACCEPT' => 'text/html,application/xhtml+xml,application/xml;q=0.9,image/avif,image/webp,image/apng,*/*;q=0.8,application/signed-exchange;v=b3;q=0.7'
    'HTTP_SEC_FETCH_SITE' => 'none'
    'HTTP_SEC_FETCH_MODE' => 'navigate'
    'HTTP_SEC_FETCH_USER' => '?1'
    'HTTP_SEC_FETCH_DEST' => 'document'
    'HTTP_ACCEPT_ENCODING' => 'gzip, deflate, br, zstd'
    'HTTP_ACCEPT_LANGUAGE' => 'en-US'
    'HTTP_COOKIE' => '_csrf=0b15706e1279e9673b5ebd4cde9d1cd0396df59bbfd179fa4a1d3f0e956e94c0a%3A2%3A%7Bi%3A0%3Bs%3A5%3A%22_csrf%22%3Bi%3A1%3Bs%3A32%3A%22QKquRQTNiBghWsqgYapne4gbUGb30Ztq%22%3B%7D'
    'REQUEST_TIME_FLOAT' => 1785129965.7808
    'REQUEST_TIME' => 1785129965
]
2026-07-27 05:54:54 [::1][-][-][error][ParseError] ParseError: syntax error, unexpected token "public", expecting end of file in D:\laragon\www\EVERYDAYMART\models\LoginForm.php:31
Stack trace:
#0 D:\laragon\www\EVERYDAYMART\controllers\SiteController.php(95): yii\BaseYii::autoload('app\\models\\Logi...')
#1 [internal function]: app\controllers\SiteController->actionLogin()
#2 D:\laragon\www\EVERYDAYMART\vendor\yiisoft\yii2\base\InlineAction.php(60): call_user_func_array(Array, Array)
#3 D:\laragon\www\EVERYDAYMART\vendor\yiisoft\yii2\base\Controller.php(182): yii\base\InlineAction->runWithParams(Array)
#4 D:\laragon\www\EVERYDAYMART\vendor\yiisoft\yii2\base\Module.php(547): yii\base\Controller->runAction('login', Array)
#5 D:\laragon\www\EVERYDAYMART\vendor\yiisoft\yii2\web\Application.php(105): yii\base\Module->runAction('site/login', Array)
#6 D:\laragon\www\EVERYDAYMART\vendor\yiisoft\yii2\base\Application.php(382): yii\web\Application->handleRequest(Object(yii\web\Request))
#7 D:\laragon\www\EVERYDAYMART\web\index.php(14): yii\base\Application->run()
#8 {main}
2026-07-27 05:54:54 [::1][-][-][info][application] $_GET = [
    'r' => 'site/login'
]

$_POST = []

$_FILES = []

$_COOKIE = []

$_SERVER = [
    'DOCUMENT_ROOT' => 'D:\\laragon\\www\\EVERYDAYMART\\web'
    'REMOTE_ADDR' => '::1'
    'REMOTE_PORT' => '54214'
    'SERVER_SOFTWARE' => 'PHP/8.4.13 (Development Server)'
    'SERVER_PROTOCOL' => 'HTTP/1.1'
    'SERVER_NAME' => 'localhost'
    'SERVER_PORT' => '8080'
    'REQUEST_URI' => '/index.php?r=site/login'
    'REQUEST_METHOD' => 'GET'
    'SCRIPT_NAME' => '/index.php'
    'SCRIPT_FILENAME' => 'D:\\laragon\\www\\EVERYDAYMART\\web\\index.php'
    'PHP_SELF' => '/index.php'
    'QUERY_STRING' => 'r=site/login'
    'HTTP_HOST' => 'localhost:8080'
    'HTTP_CONNECTION' => 'keep-alive'
    'HTTP_UPGRADE_INSECURE_REQUESTS' => '1'
    'HTTP_USER_AGENT' => 'Mozilla/5.0 (Windows NT 10.0; Win64; x64) AppleWebKit/537.36 (KHTML, like Gecko) Code/1.130.0 Chrome/148.0.7778.280 Electron/42.6.0 Safari/537.36'
    'HTTP_ACCEPT' => 'text/html,application/xhtml+xml,application/xml;q=0.9,image/avif,image/webp,image/apng,*/*;q=0.8,application/signed-exchange;v=b3;q=0.7'
    'HTTP_SEC_FETCH_SITE' => 'none'
    'HTTP_SEC_FETCH_MODE' => 'navigate'
    'HTTP_SEC_FETCH_USER' => '?1'
    'HTTP_SEC_FETCH_DEST' => 'document'
    'HTTP_ACCEPT_ENCODING' => 'gzip, deflate, br, zstd'
    'HTTP_ACCEPT_LANGUAGE' => 'en-US'
    'REQUEST_TIME_FLOAT' => 1785131694.4997
    'REQUEST_TIME' => 1785131694
]
2026-07-27 05:56:14 [::1][-][-][error][ParseError] ParseError: syntax error, unexpected token "public", expecting end of file in D:\laragon\www\EVERYDAYMART\models\LoginForm.php:36
Stack trace:
#0 D:\laragon\www\EVERYDAYMART\controllers\SiteController.php(95): yii\BaseYii::autoload('app\\models\\Logi...')
#1 [internal function]: app\controllers\SiteController->actionLogin()
#2 D:\laragon\www\EVERYDAYMART\vendor\yiisoft\yii2\base\InlineAction.php(60): call_user_func_array(Array, Array)
#3 D:\laragon\www\EVERYDAYMART\vendor\yiisoft\yii2\base\Controller.php(182): yii\base\InlineAction->runWithParams(Array)
#4 D:\laragon\www\EVERYDAYMART\vendor\yiisoft\yii2\base\Module.php(547): yii\base\Controller->runAction('login', Array)
#5 D:\laragon\www\EVERYDAYMART\vendor\yiisoft\yii2\web\Application.php(105): yii\base\Module->runAction('site/login', Array)
#6 D:\laragon\www\EVERYDAYMART\vendor\yiisoft\yii2\base\Application.php(382): yii\web\Application->handleRequest(Object(yii\web\Request))
#7 D:\laragon\www\EVERYDAYMART\web\index.php(14): yii\base\Application->run()
#8 {main}
2026-07-27 05:56:14 [::1][-][-][info][application] $_GET = [
    'r' => 'site/login'
]

$_POST = []

$_FILES = []

$_COOKIE = []

$_SERVER = [
    'DOCUMENT_ROOT' => 'D:\\laragon\\www\\EVERYDAYMART\\web'
    'REMOTE_ADDR' => '::1'
    'REMOTE_PORT' => '53611'
    'SERVER_SOFTWARE' => 'PHP/8.4.13 (Development Server)'
    'SERVER_PROTOCOL' => 'HTTP/1.1'
    'SERVER_NAME' => 'localhost'
    'SERVER_PORT' => '8080'
    'REQUEST_URI' => '/index.php?r=site/login'
    'REQUEST_METHOD' => 'GET'
    'SCRIPT_NAME' => '/index.php'
    'SCRIPT_FILENAME' => 'D:\\laragon\\www\\EVERYDAYMART\\web\\index.php'
    'PHP_SELF' => '/index.php'
    'QUERY_STRING' => 'r=site/login'
    'HTTP_HOST' => 'localhost:8080'
    'HTTP_CONNECTION' => 'keep-alive'
    'HTTP_CACHE_CONTROL' => 'max-age=0'
    'HTTP_UPGRADE_INSECURE_REQUESTS' => '1'
    'HTTP_USER_AGENT' => 'Mozilla/5.0 (Windows NT 10.0; Win64; x64) AppleWebKit/537.36 (KHTML, like Gecko) Code/1.130.0 Chrome/148.0.7778.280 Electron/42.6.0 Safari/537.36'
    'HTTP_ACCEPT' => 'text/html,application/xhtml+xml,application/xml;q=0.9,image/avif,image/webp,image/apng,*/*;q=0.8,application/signed-exchange;v=b3;q=0.7'
    'HTTP_SEC_FETCH_SITE' => 'none'
    'HTTP_SEC_FETCH_MODE' => 'navigate'
    'HTTP_SEC_FETCH_USER' => '?1'
    'HTTP_SEC_FETCH_DEST' => 'document'
    'HTTP_ACCEPT_ENCODING' => 'gzip, deflate, br, zstd'
    'HTTP_ACCEPT_LANGUAGE' => 'en-US'
    'REQUEST_TIME_FLOAT' => 1785131774.4676
    'REQUEST_TIME' => 1785131774
]
2026-07-27 05:56:55 [::1][-][-][error][ParseError] ParseError: syntax error, unexpected token "public", expecting end of file in D:\laragon\www\EVERYDAYMART\models\LoginForm.php:36
Stack trace:
#0 D:\laragon\www\EVERYDAYMART\controllers\SiteController.php(95): yii\BaseYii::autoload('app\\models\\Logi...')
#1 [internal function]: app\controllers\SiteController->actionLogin()
#2 D:\laragon\www\EVERYDAYMART\vendor\yiisoft\yii2\base\InlineAction.php(60): call_user_func_array(Array, Array)
#3 D:\laragon\www\EVERYDAYMART\vendor\yiisoft\yii2\base\Controller.php(182): yii\base\InlineAction->runWithParams(Array)
#4 D:\laragon\www\EVERYDAYMART\vendor\yiisoft\yii2\base\Module.php(547): yii\base\Controller->runAction('login', Array)
#5 D:\laragon\www\EVERYDAYMART\vendor\yiisoft\yii2\web\Application.php(105): yii\base\Module->runAction('site/login', Array)
#6 D:\laragon\www\EVERYDAYMART\vendor\yiisoft\yii2\base\Application.php(382): yii\web\Application->handleRequest(Object(yii\web\Request))
#7 D:\laragon\www\EVERYDAYMART\web\index.php(14): yii\base\Application->run()
#8 {main}
2026-07-27 05:56:54 [::1][-][-][info][application] $_GET = [
    'r' => 'site/login'
]

$_POST = []

$_FILES = []

$_COOKIE = []

$_SERVER = [
    'DOCUMENT_ROOT' => 'D:\\laragon\\www\\EVERYDAYMART\\web'
    'REMOTE_ADDR' => '::1'
    'REMOTE_PORT' => '62951'
    'SERVER_SOFTWARE' => 'PHP/8.4.13 (Development Server)'
    'SERVER_PROTOCOL' => 'HTTP/1.1'
    'SERVER_NAME' => 'localhost'
    'SERVER_PORT' => '8080'
    'REQUEST_URI' => '/index.php?r=site/login'
    'REQUEST_METHOD' => 'GET'
    'SCRIPT_NAME' => '/index.php'
    'SCRIPT_FILENAME' => 'D:\\laragon\\www\\EVERYDAYMART\\web\\index.php'
    'PHP_SELF' => '/index.php'
    'QUERY_STRING' => 'r=site/login'
    'HTTP_HOST' => 'localhost:8080'
    'HTTP_CONNECTION' => 'keep-alive'
    'HTTP_CACHE_CONTROL' => 'max-age=0'
    'HTTP_UPGRADE_INSECURE_REQUESTS' => '1'
    'HTTP_USER_AGENT' => 'Mozilla/5.0 (Windows NT 10.0; Win64; x64) AppleWebKit/537.36 (KHTML, like Gecko) Code/1.130.0 Chrome/148.0.7778.280 Electron/42.6.0 Safari/537.36'
    'HTTP_ACCEPT' => 'text/html,application/xhtml+xml,application/xml;q=0.9,image/avif,image/webp,image/apng,*/*;q=0.8,application/signed-exchange;v=b3;q=0.7'
    'HTTP_SEC_FETCH_SITE' => 'none'
    'HTTP_SEC_FETCH_MODE' => 'navigate'
    'HTTP_SEC_FETCH_USER' => '?1'
    'HTTP_SEC_FETCH_DEST' => 'document'
    'HTTP_ACCEPT_ENCODING' => 'gzip, deflate, br, zstd'
    'HTTP_ACCEPT_LANGUAGE' => 'en-US'
    'REQUEST_TIME_FLOAT' => 1785131814.7729
    'REQUEST_TIME' => 1785131814
]
2026-07-27 06:34:27 [::1][-][-][error][yii\base\InvalidConfigException] yii\base\InvalidConfigException: Invalid validation rule: a rule must specify both attribute names and validator type. in D:\laragon\www\EVERYDAYMART\vendor\yiisoft\yii2\base\Model.php:488
Stack trace:
#0 D:\laragon\www\EVERYDAYMART\vendor\yiisoft\yii2\base\Model.php(437): yii\base\Model->createValidators()
#1 D:\laragon\www\EVERYDAYMART\vendor\yiisoft\yii2\base\Model.php(204): yii\base\Model->getValidators()
#2 D:\laragon\www\EVERYDAYMART\vendor\yiisoft\yii2\base\Model.php(836): yii\base\Model->scenarios()
#3 D:\laragon\www\EVERYDAYMART\vendor\yiisoft\yii2\base\Model.php(451): yii\base\Model->activeAttributes()
#4 D:\laragon\www\EVERYDAYMART\vendor\yiisoft\yii2\base\Model.php(511): yii\base\Model->getActiveValidators('username')
#5 D:\laragon\www\EVERYDAYMART\vendor\yiisoft\yii2\widgets\ActiveField.php(934): yii\base\Model->isAttributeRequired('username')
#6 D:\laragon\www\EVERYDAYMART\vendor\yiisoft\yii2\widgets\ActiveField.php(407): yii\widgets\ActiveField->addAriaAttributes(Array)
#7 D:\laragon\www\EVERYDAYMART\views\site\login.php(78): yii\widgets\ActiveField->textInput()
#8 D:\laragon\www\EVERYDAYMART\vendor\yiisoft\yii2\base\View.php(345): require('D:\\laragon\\www\\...')
#9 [internal function]: yii\base\View->{closure:yii\base\View::renderPhpFile():343}('D:\\laragon\\www\\...', Array)
#10 D:\laragon\www\EVERYDAYMART\vendor\yiisoft\yii2\base\View.php(350): call_user_func_array(Object(Closure), Array)
#11 D:\laragon\www\EVERYDAYMART\vendor\yiisoft\yii2\base\View.php(257): yii\base\View->renderPhpFile('D:\\laragon\\www\\...', Array)
#12 D:\laragon\www\EVERYDAYMART\vendor\yiisoft\yii2\base\View.php(156): yii\base\View->renderFile('D:\\laragon\\www\\...', Array, Object(app\controllers\SiteController))
#13 D:\laragon\www\EVERYDAYMART\vendor\yiisoft\yii2\base\Controller.php(423): yii\base\View->render('login', Array, Object(app\controllers\SiteController))
#14 D:\laragon\www\EVERYDAYMART\controllers\SiteController.php(103): yii\base\Controller->render('login', Array)
#15 [internal function]: app\controllers\SiteController->actionLogin()
#16 D:\laragon\www\EVERYDAYMART\vendor\yiisoft\yii2\base\InlineAction.php(60): call_user_func_array(Array, Array)
#17 D:\laragon\www\EVERYDAYMART\vendor\yiisoft\yii2\base\Controller.php(182): yii\base\InlineAction->runWithParams(Array)
#18 D:\laragon\www\EVERYDAYMART\vendor\yiisoft\yii2\base\Module.php(547): yii\base\Controller->runAction('login', Array)
#19 D:\laragon\www\EVERYDAYMART\vendor\yiisoft\yii2\web\Application.php(105): yii\base\Module->runAction('site/login', Array)
#20 D:\laragon\www\EVERYDAYMART\vendor\yiisoft\yii2\base\Application.php(382): yii\web\Application->handleRequest(Object(yii\web\Request))
#21 D:\laragon\www\EVERYDAYMART\web\index.php(14): yii\base\Application->run()
#22 {main}
2026-07-27 06:34:27 [::1][-][-][info][application] $_GET = [
    'r' => 'site/login'
]

$_POST = []

$_FILES = []

$_COOKIE = [
    '_csrf' => 'b1cad9cfa182869a70d56f2ae3c1d54611e82301bf3b59846267f55faa062736a:2:{i:0;s:5:\"_csrf\";i:1;s:32:\"MDl2qCvpSUTzSp83QR-RcueGWAdHR-QQ\";}'
]

$_SERVER = [
    'DOCUMENT_ROOT' => 'D:\\laragon\\www\\EVERYDAYMART\\web'
    'REMOTE_ADDR' => '::1'
    'REMOTE_PORT' => '64129'
    'SERVER_SOFTWARE' => 'PHP/8.4.13 (Development Server)'
    'SERVER_PROTOCOL' => 'HTTP/1.1'
    'SERVER_NAME' => 'localhost'
    'SERVER_PORT' => '8080'
    'REQUEST_URI' => '/index.php?r=site/login'
    'REQUEST_METHOD' => 'GET'
    'SCRIPT_NAME' => '/index.php'
    'SCRIPT_FILENAME' => 'D:\\laragon\\www\\EVERYDAYMART\\web\\index.php'
    'PHP_SELF' => '/index.php'
    'QUERY_STRING' => 'r=site/login'
    'HTTP_HOST' => 'localhost:8080'
    'HTTP_CONNECTION' => 'keep-alive'
    'HTTP_UPGRADE_INSECURE_REQUESTS' => '1'
    'HTTP_USER_AGENT' => 'Mozilla/5.0 (Windows NT 10.0; Win64; x64) AppleWebKit/537.36 (KHTML, like Gecko) Code/1.130.0 Chrome/148.0.7778.280 Electron/42.6.0 Safari/537.36'
    'HTTP_ACCEPT' => 'text/html,application/xhtml+xml,application/xml;q=0.9,image/avif,image/webp,image/apng,*/*;q=0.8,application/signed-exchange;v=b3;q=0.7'
    'HTTP_SEC_FETCH_SITE' => 'none'
    'HTTP_SEC_FETCH_MODE' => 'navigate'
    'HTTP_SEC_FETCH_USER' => '?1'
    'HTTP_SEC_FETCH_DEST' => 'document'
    'HTTP_ACCEPT_ENCODING' => 'gzip, deflate, br, zstd'
    'HTTP_ACCEPT_LANGUAGE' => 'en-US'
    'HTTP_COOKIE' => '_csrf=b1cad9cfa182869a70d56f2ae3c1d54611e82301bf3b59846267f55faa062736a%3A2%3A%7Bi%3A0%3Bs%3A5%3A%22_csrf%22%3Bi%3A1%3Bs%3A32%3A%22MDl2qCvpSUTzSp83QR-RcueGWAdHR-QQ%22%3B%7D'
    'REQUEST_TIME_FLOAT' => 1785134067.5496
    'REQUEST_TIME' => 1785134067
]
2026-07-27 07:12:15 [::1][-][9dfdc8f7dfd2df0a6211cdea1168b5ed][error][ParseError] ParseError: syntax error, unexpected token "(", expecting variable in D:\laragon\www\EVERYDAYMART\models\User.php:31
Stack trace:
#0 D:\laragon\www\EVERYDAYMART\vendor\yiisoft\yii2\web\User.php(698): yii\BaseYii::autoload('app\\models\\User')
#1 D:\laragon\www\EVERYDAYMART\vendor\yiisoft\yii2\web\User.php(200): yii\web\User->renewAuthStatus()
#2 D:\laragon\www\EVERYDAYMART\vendor\yiisoft\yii2\web\User.php(367): yii\web\User->getIdentity()
#3 D:\laragon\www\EVERYDAYMART\vendor\yiisoft\yii2\base\Component.php(142): yii\web\User->getIsGuest()
#4 D:\laragon\www\EVERYDAYMART\vendor\yiisoft\yii2-debug\src\panels\UserPanel.php(86): yii\base\Component->__get('isGuest')
#5 D:\laragon\www\EVERYDAYMART\vendor\yiisoft\yii2\base\BaseObject.php(109): yii\debug\panels\UserPanel->init()
#6 [internal function]: yii\base\BaseObject->__construct(Array)
#7 D:\laragon\www\EVERYDAYMART\vendor\yiisoft\yii2\di\Container.php(426): ReflectionClass->newInstanceArgs(Array)
#8 D:\laragon\www\EVERYDAYMART\vendor\yiisoft\yii2\di\Container.php(174): yii\di\Container->build('yii\\debug\\panel...', Array, Array)
#9 D:\laragon\www\EVERYDAYMART\vendor\yiisoft\yii2\BaseYii.php(370): yii\di\Container->get('yii\\debug\\panel...', Array, Array)
#10 D:\laragon\www\EVERYDAYMART\vendor\yiisoft\yii2-debug\src\Module.php(268): yii\BaseYii::createObject(Array)
#11 D:\laragon\www\EVERYDAYMART\vendor\yiisoft\yii2-debug\src\Module.php(240): yii\debug\Module->initPanels()
#12 D:\laragon\www\EVERYDAYMART\vendor\yiisoft\yii2\base\BaseObject.php(109): yii\debug\Module->init()
#13 D:\laragon\www\EVERYDAYMART\vendor\yiisoft\yii2\base\Module.php(160): yii\base\BaseObject->__construct(Array)
#14 [internal function]: yii\base\Module->__construct('debug', Object(yii\web\Application), Array)
#15 D:\laragon\www\EVERYDAYMART\vendor\yiisoft\yii2\di\Container.php(418): ReflectionClass->newInstanceArgs(Array)
#16 D:\laragon\www\EVERYDAYMART\vendor\yiisoft\yii2\di\Container.php(174): yii\di\Container->build('yii\\debug\\Modul...', Array, Array)
#17 D:\laragon\www\EVERYDAYMART\vendor\yiisoft\yii2\BaseYii.php(370): yii\di\Container->get('yii\\debug\\Modul...', Array, Array)
#18 D:\laragon\www\EVERYDAYMART\vendor\yiisoft\yii2\base\Module.php(441): yii\BaseYii::createObject(Array, Array)
#19 D:\laragon\www\EVERYDAYMART\vendor\yiisoft\yii2\base\Application.php(312): yii\base\Module->getModule('debug')
#20 D:\laragon\www\EVERYDAYMART\vendor\yiisoft\yii2\web\Application.php(71): yii\base\Application->bootstrap()
#21 D:\laragon\www\EVERYDAYMART\vendor\yiisoft\yii2\base\Application.php(270): yii\web\Application->bootstrap()
#22 D:\laragon\www\EVERYDAYMART\vendor\yiisoft\yii2\base\BaseObject.php(109): yii\base\Application->init()
#23 D:\laragon\www\EVERYDAYMART\vendor\yiisoft\yii2\base\Application.php(203): yii\base\BaseObject->__construct(Array)
#24 D:\laragon\www\EVERYDAYMART\web\index.php(14): yii\base\Application->__construct(Array)
#25 {main}
2026-07-27 07:12:15 [::1][-][9dfdc8f7dfd2df0a6211cdea1168b5ed][info][application] $_GET = [
    'r' => 'site/login'
]

$_POST = [
    '_csrf' => 'viKIk7eu1u8pTyFEsMy9VpTajrHeRXy0v3l_ckr7_YjzZuShxu2gn3oadT7jvIVlxYij470wGfPoOBs6GNas2Q=='
    'LoginForm' => [
        'username' => 'admin'
        'password' => 'admin123'
        'rememberMe' => '1'
    ]
    'login-button' => ''
]

$_FILES = []

$_COOKIE = [
    'PHPSESSID' => '9dfdc8f7dfd2df0a6211cdea1168b5ed'
    '_identity' => '0dfee0019ae3402f22494b7bab2f9452f03a39d44c07e6635788af167b61caa9a:2:{i:0;s:9:\"_identity\";i:1;s:28:\"[\"100\",\"test100key\",2592000]\";}'
    '_csrf' => '2db8708138d5533c168cb048e424bf46e3519ab0957b8a7532f972fd6157b7bfa:2:{i:0;s:5:\"_csrf\";i:1;s:32:\"h9yr1r0q2hyeYFHCiQ-9_69qw8hmK6B9\";}'
]

$_SESSION = [
    '__flash' => []
    '__id' => '100'
    '__authKey' => 'test100key'
]

$_SERVER = [
    'DOCUMENT_ROOT' => 'D:\\laragon\\www\\EVERYDAYMART\\web'
    'REMOTE_ADDR' => '::1'
    'REMOTE_PORT' => '61853'
    'SERVER_SOFTWARE' => 'PHP/8.4.13 (Development Server)'
    'SERVER_PROTOCOL' => 'HTTP/1.1'
    'SERVER_NAME' => 'localhost'
    'SERVER_PORT' => '8080'
    'REQUEST_URI' => '/index.php?r=site/login'
    'REQUEST_METHOD' => 'POST'
    'SCRIPT_NAME' => '/index.php'
    'SCRIPT_FILENAME' => 'D:\\laragon\\www\\EVERYDAYMART\\web\\index.php'
    'PHP_SELF' => '/index.php'
    'QUERY_STRING' => 'r=site/login'
    'HTTP_HOST' => 'localhost:8080'
    'HTTP_CONNECTION' => 'keep-alive'
    'CONTENT_LENGTH' => '231'
    'HTTP_CONTENT_LENGTH' => '231'
    'HTTP_CACHE_CONTROL' => 'max-age=0'
    'HTTP_UPGRADE_INSECURE_REQUESTS' => '1'
    'CONTENT_TYPE' => 'application/x-www-form-urlencoded'
    'HTTP_CONTENT_TYPE' => 'application/x-www-form-urlencoded'
    'HTTP_USER_AGENT' => 'Mozilla/5.0 (Windows NT 10.0; Win64; x64) AppleWebKit/537.36 (KHTML, like Gecko) Code/1.130.0 Chrome/148.0.7778.280 Electron/42.6.0 Safari/537.36'
    'HTTP_ORIGIN' => 'http://localhost:8080'
    'HTTP_ACCEPT' => 'text/html,application/xhtml+xml,application/xml;q=0.9,image/avif,image/webp,image/apng,*/*;q=0.8,application/signed-exchange;v=b3;q=0.7'
    'HTTP_SEC_FETCH_SITE' => 'same-origin'
    'HTTP_SEC_FETCH_MODE' => 'navigate'
    'HTTP_SEC_FETCH_USER' => '?1'
    'HTTP_SEC_FETCH_DEST' => 'document'
    'HTTP_REFERER' => 'http://localhost:8080/index.php?r=site/login'
    'HTTP_ACCEPT_ENCODING' => 'gzip, deflate, br, zstd'
    'HTTP_ACCEPT_LANGUAGE' => 'en-US'
    'HTTP_COOKIE' => 'PHPSESSID=9dfdc8f7dfd2df0a6211cdea1168b5ed; _identity=0dfee0019ae3402f22494b7bab2f9452f03a39d44c07e6635788af167b61caa9a%3A2%3A%7Bi%3A0%3Bs%3A9%3A%22_identity%22%3Bi%3A1%3Bs%3A28%3A%22%5B%22100%22%2C%22test100key%22%2C2592000%5D%22%3B%7D; _csrf=2db8708138d5533c168cb048e424bf46e3519ab0957b8a7532f972fd6157b7bfa%3A2%3A%7Bi%3A0%3Bs%3A5%3A%22_csrf%22%3Bi%3A1%3Bs%3A32%3A%22h9yr1r0q2hyeYFHCiQ-9_69qw8hmK6B9%22%3B%7D'
    'REQUEST_TIME_FLOAT' => 1785136335.5104
    'REQUEST_TIME' => 1785136335
]
2026-07-27 07:34:31 [::1][-][6eaf11b7840c32c4d988c2548b3ce8c0][error][yii\base\UnknownPropertyException] yii\base\UnknownPropertyException: Getting unknown property: app\models\User::passwordHash in D:\laragon\www\EVERYDAYMART\vendor\yiisoft\yii2\base\Component.php:157
Stack trace:
#0 D:\laragon\www\EVERYDAYMART\vendor\yiisoft\yii2\db\BaseActiveRecord.php(295): yii\base\Component->__get('passwordHash')
#1 D:\laragon\www\EVERYDAYMART\models\LoginForm.php(53): yii\db\BaseActiveRecord->__get('passwordHash')
#2 D:\laragon\www\EVERYDAYMART\vendor\yiisoft\yii2\validators\InlineValidator.php(77): app\models\LoginForm->validatePassword('password', NULL, Object(yii\validators\InlineValidator), 'admin123')
#3 D:\laragon\www\EVERYDAYMART\vendor\yiisoft\yii2\validators\Validator.php(260): yii\validators\InlineValidator->validateAttribute(Object(app\models\LoginForm), 'password')
#4 D:\laragon\www\EVERYDAYMART\vendor\yiisoft\yii2\base\Model.php(384): yii\validators\Validator->validateAttributes(Object(app\models\LoginForm), Array)
#5 D:\laragon\www\EVERYDAYMART\models\LoginForm.php(64): yii\base\Model->validate()
#6 D:\laragon\www\EVERYDAYMART\controllers\SiteController.php(97): app\models\LoginForm->login()
#7 [internal function]: app\controllers\SiteController->actionLogin()
#8 D:\laragon\www\EVERYDAYMART\vendor\yiisoft\yii2\base\InlineAction.php(60): call_user_func_array(Array, Array)
#9 D:\laragon\www\EVERYDAYMART\vendor\yiisoft\yii2\base\Controller.php(182): yii\base\InlineAction->runWithParams(Array)
#10 D:\laragon\www\EVERYDAYMART\vendor\yiisoft\yii2\base\Module.php(547): yii\base\Controller->runAction('login', Array)
#11 D:\laragon\www\EVERYDAYMART\vendor\yiisoft\yii2\web\Application.php(105): yii\base\Module->runAction('site/login', Array)
#12 D:\laragon\www\EVERYDAYMART\vendor\yiisoft\yii2\base\Application.php(382): yii\web\Application->handleRequest(Object(yii\web\Request))
#13 D:\laragon\www\EVERYDAYMART\web\index.php(14): yii\base\Application->run()
#14 {main}
2026-07-27 07:34:31 [::1][-][6eaf11b7840c32c4d988c2548b3ce8c0][info][application] $_GET = [
    'r' => 'site/login'
]

$_POST = [
    '_csrf' => 'n-pL5oXTCT5AYv14RywDCmJnf1B46bzXffFyZ6nzRbD30zKUtKE5T3IKhB0eaktJCzZSaSffhaYKyRoK4sUHiQ=='
    'LoginForm' => [
        'username' => 'admin'
        'password' => 'admin123'
        'rememberMe' => '1'
    ]
    'login-button' => ''
]

$_FILES = []

$_COOKIE = [
    '_csrf' => '2db8708138d5533c168cb048e424bf46e3519ab0957b8a7532f972fd6157b7bfa:2:{i:0;s:5:\"_csrf\";i:1;s:32:\"h9yr1r0q2hyeYFHCiQ-9_69qw8hmK6B9\";}'
    'PHPSESSID' => '6eaf11b7840c32c4d988c2548b3ce8c0'
]

$_SESSION = [
    '__flash' => []
]

$_SERVER = [
    'DOCUMENT_ROOT' => 'D:\\laragon\\www\\EVERYDAYMART\\web'
    'REMOTE_ADDR' => '::1'
    'REMOTE_PORT' => '58909'
    'SERVER_SOFTWARE' => 'PHP/8.4.13 (Development Server)'
    'SERVER_PROTOCOL' => 'HTTP/1.1'
    'SERVER_NAME' => 'localhost'
    'SERVER_PORT' => '8080'
    'REQUEST_URI' => '/index.php?r=site/login'
    'REQUEST_METHOD' => 'POST'
    'SCRIPT_NAME' => '/index.php'
    'SCRIPT_FILENAME' => 'D:\\laragon\\www\\EVERYDAYMART\\web\\index.php'
    'PHP_SELF' => '/index.php'
    'QUERY_STRING' => 'r=site/login'
    'HTTP_HOST' => 'localhost:8080'
    'HTTP_CONNECTION' => 'keep-alive'
    'CONTENT_LENGTH' => '231'
    'HTTP_CONTENT_LENGTH' => '231'
    'HTTP_CACHE_CONTROL' => 'max-age=0'
    'HTTP_UPGRADE_INSECURE_REQUESTS' => '1'
    'CONTENT_TYPE' => 'application/x-www-form-urlencoded'
    'HTTP_CONTENT_TYPE' => 'application/x-www-form-urlencoded'
    'HTTP_USER_AGENT' => 'Mozilla/5.0 (Windows NT 10.0; Win64; x64) AppleWebKit/537.36 (KHTML, like Gecko) Code/1.130.0 Chrome/148.0.7778.280 Electron/42.6.0 Safari/537.36'
    'HTTP_ORIGIN' => 'http://localhost:8080'
    'HTTP_ACCEPT' => 'text/html,application/xhtml+xml,application/xml;q=0.9,image/avif,image/webp,image/apng,*/*;q=0.8,application/signed-exchange;v=b3;q=0.7'
    'HTTP_SEC_FETCH_SITE' => 'same-origin'
    'HTTP_SEC_FETCH_MODE' => 'navigate'
    'HTTP_SEC_FETCH_USER' => '?1'
    'HTTP_SEC_FETCH_DEST' => 'document'
    'HTTP_REFERER' => 'http://localhost:8080/index.php?r=site/login'
    'HTTP_ACCEPT_ENCODING' => 'gzip, deflate, br, zstd'
    'HTTP_ACCEPT_LANGUAGE' => 'en-US'
    'HTTP_COOKIE' => '_csrf=2db8708138d5533c168cb048e424bf46e3519ab0957b8a7532f972fd6157b7bfa%3A2%3A%7Bi%3A0%3Bs%3A5%3A%22_csrf%22%3Bi%3A1%3Bs%3A32%3A%22h9yr1r0q2hyeYFHCiQ-9_69qw8hmK6B9%22%3B%7D; PHPSESSID=6eaf11b7840c32c4d988c2548b3ce8c0'
    'REQUEST_TIME_FLOAT' => 1785137671.8143
    'REQUEST_TIME' => 1785137671
]
2026-07-28 03:21:46 [::1][-][-][error][yii\db\Exception] PDOException: SQLSTATE[HY000] [2002] No connection could be made because the target machine actively refused it in D:\laragon\www\EVERYDAYMART\vendor\yiisoft\yii2\db\Connection.php:721
Stack trace:
#0 D:\laragon\www\EVERYDAYMART\vendor\yiisoft\yii2\db\Connection.php(721): PDO->__construct('mysql:host=loca...', 'root', Object(SensitiveParameterValue), NULL)
#1 D:\laragon\www\EVERYDAYMART\vendor\yiisoft\yii2\db\Connection.php(636): yii\db\Connection->createPdoInstance()
#2 D:\laragon\www\EVERYDAYMART\vendor\yiisoft\yii2\db\Connection.php(1066): yii\db\Connection->open()
#3 D:\laragon\www\EVERYDAYMART\vendor\yiisoft\yii2\db\Connection.php(1053): yii\db\Connection->getMasterPdo()
#4 D:\laragon\www\EVERYDAYMART\vendor\yiisoft\yii2\db\Command.php(261): yii\db\Connection->getSlavePdo(true)
#5 D:\laragon\www\EVERYDAYMART\vendor\yiisoft\yii2\db\Command.php(1181): yii\db\Command->prepare(true)
#6 D:\laragon\www\EVERYDAYMART\vendor\yiisoft\yii2\db\Command.php(417): yii\db\Command->queryInternal('fetchAll', NULL)
#7 D:\laragon\www\EVERYDAYMART\vendor\yiisoft\yii2\db\mysql\Schema.php(370): yii\db\Command->queryAll()
#8 D:\laragon\www\EVERYDAYMART\vendor\yiisoft\yii2\db\mysql\Schema.php(138): yii\db\mysql\Schema->findColumns(Object(yii\db\TableSchema))
#9 D:\laragon\www\EVERYDAYMART\vendor\yiisoft\yii2\db\Schema.php(757): yii\db\mysql\Schema->loadTableSchema('user')
#10 D:\laragon\www\EVERYDAYMART\vendor\yiisoft\yii2\db\Schema.php(193): yii\db\Schema->getTableMetadata('user', 'schema', false)
#11 D:\laragon\www\EVERYDAYMART\vendor\yiisoft\yii2\db\ActiveRecord.php(434): yii\db\Schema->getTableSchema('user')
#12 D:\laragon\www\EVERYDAYMART\vendor\yiisoft\yii2\db\ActiveRecord.php(261): yii\db\ActiveRecord::getTableSchema()
#13 D:\laragon\www\EVERYDAYMART\vendor\yiisoft\yii2\db\ActiveRecord.php(233): yii\db\ActiveRecord::filterValidColumnNames(Object(yii\db\Connection), Array)
#14 D:\laragon\www\EVERYDAYMART\vendor\yiisoft\yii2\db\ActiveRecord.php(190): yii\db\ActiveRecord::filterCondition(Array, Array)
#15 D:\laragon\www\EVERYDAYMART\vendor\yiisoft\yii2\db\BaseActiveRecord.php(109): yii\db\ActiveRecord::findByCondition(Array)
#16 D:\laragon\www\EVERYDAYMART\models\User.php(28): yii\db\BaseActiveRecord::findOne(Array)
#17 D:\laragon\www\EVERYDAYMART\models\LoginForm.php(76): app\models\User::findByUsername('admin')
#18 D:\laragon\www\EVERYDAYMART\models\LoginForm.php(52): app\models\LoginForm->getUser()
#19 D:\laragon\www\EVERYDAYMART\vendor\yiisoft\yii2\validators\InlineValidator.php(77): app\models\LoginForm->validatePassword('password', NULL, Object(yii\validators\InlineValidator), 'admin123')
#20 D:\laragon\www\EVERYDAYMART\vendor\yiisoft\yii2\validators\Validator.php(260): yii\validators\InlineValidator->validateAttribute(Object(app\models\LoginForm), 'password')
#21 D:\laragon\www\EVERYDAYMART\vendor\yiisoft\yii2\base\Model.php(384): yii\validators\Validator->validateAttributes(Object(app\models\LoginForm), Array)
#22 D:\laragon\www\EVERYDAYMART\models\LoginForm.php(64): yii\base\Model->validate()
#23 D:\laragon\www\EVERYDAYMART\controllers\SiteController.php(97): app\models\LoginForm->login()
#24 [internal function]: app\controllers\SiteController->actionLogin()
#25 D:\laragon\www\EVERYDAYMART\vendor\yiisoft\yii2\base\InlineAction.php(60): call_user_func_array(Array, Array)
#26 D:\laragon\www\EVERYDAYMART\vendor\yiisoft\yii2\base\Controller.php(182): yii\base\InlineAction->runWithParams(Array)
#27 D:\laragon\www\EVERYDAYMART\vendor\yiisoft\yii2\base\Module.php(547): yii\base\Controller->runAction('login', Array)
#28 D:\laragon\www\EVERYDAYMART\vendor\yiisoft\yii2\web\Application.php(105): yii\base\Module->runAction('site/login', Array)
#29 D:\laragon\www\EVERYDAYMART\vendor\yiisoft\yii2\base\Application.php(382): yii\web\Application->handleRequest(Object(yii\web\Request))
#30 D:\laragon\www\EVERYDAYMART\web\index.php(14): yii\base\Application->run()
#31 {main}

Next yii\db\Exception: SQLSTATE[HY000] [2002] No connection could be made because the target machine actively refused it in D:\laragon\www\EVERYDAYMART\vendor\yiisoft\yii2\db\Connection.php:647
Stack trace:
#0 D:\laragon\www\EVERYDAYMART\vendor\yiisoft\yii2\db\Connection.php(1066): yii\db\Connection->open()
#1 D:\laragon\www\EVERYDAYMART\vendor\yiisoft\yii2\db\Connection.php(1053): yii\db\Connection->getMasterPdo()
#2 D:\laragon\www\EVERYDAYMART\vendor\yiisoft\yii2\db\Command.php(261): yii\db\Connection->getSlavePdo(true)
#3 D:\laragon\www\EVERYDAYMART\vendor\yiisoft\yii2\db\Command.php(1181): yii\db\Command->prepare(true)
#4 D:\laragon\www\EVERYDAYMART\vendor\yiisoft\yii2\db\Command.php(417): yii\db\Command->queryInternal('fetchAll', NULL)
#5 D:\laragon\www\EVERYDAYMART\vendor\yiisoft\yii2\db\mysql\Schema.php(370): yii\db\Command->queryAll()
#6 D:\laragon\www\EVERYDAYMART\vendor\yiisoft\yii2\db\mysql\Schema.php(138): yii\db\mysql\Schema->findColumns(Object(yii\db\TableSchema))
#7 D:\laragon\www\EVERYDAYMART\vendor\yiisoft\yii2\db\Schema.php(757): yii\db\mysql\Schema->loadTableSchema('user')
#8 D:\laragon\www\EVERYDAYMART\vendor\yiisoft\yii2\db\Schema.php(193): yii\db\Schema->getTableMetadata('user', 'schema', false)
#9 D:\laragon\www\EVERYDAYMART\vendor\yiisoft\yii2\db\ActiveRecord.php(434): yii\db\Schema->getTableSchema('user')
#10 D:\laragon\www\EVERYDAYMART\vendor\yiisoft\yii2\db\ActiveRecord.php(261): yii\db\ActiveRecord::getTableSchema()
#11 D:\laragon\www\EVERYDAYMART\vendor\yiisoft\yii2\db\ActiveRecord.php(233): yii\db\ActiveRecord::filterValidColumnNames(Object(yii\db\Connection), Array)
#12 D:\laragon\www\EVERYDAYMART\vendor\yiisoft\yii2\db\ActiveRecord.php(190): yii\db\ActiveRecord::filterCondition(Array, Array)
#13 D:\laragon\www\EVERYDAYMART\vendor\yiisoft\yii2\db\BaseActiveRecord.php(109): yii\db\ActiveRecord::findByCondition(Array)
#14 D:\laragon\www\EVERYDAYMART\models\User.php(28): yii\db\BaseActiveRecord::findOne(Array)
#15 D:\laragon\www\EVERYDAYMART\models\LoginForm.php(76): app\models\User::findByUsername('admin')
#16 D:\laragon\www\EVERYDAYMART\models\LoginForm.php(52): app\models\LoginForm->getUser()
#17 D:\laragon\www\EVERYDAYMART\vendor\yiisoft\yii2\validators\InlineValidator.php(77): app\models\LoginForm->validatePassword('password', NULL, Object(yii\validators\InlineValidator), 'admin123')
#18 D:\laragon\www\EVERYDAYMART\vendor\yiisoft\yii2\validators\Validator.php(260): yii\validators\InlineValidator->validateAttribute(Object(app\models\LoginForm), 'password')
#19 D:\laragon\www\EVERYDAYMART\vendor\yiisoft\yii2\base\Model.php(384): yii\validators\Validator->validateAttributes(Object(app\models\LoginForm), Array)
#20 D:\laragon\www\EVERYDAYMART\models\LoginForm.php(64): yii\base\Model->validate()
#21 D:\laragon\www\EVERYDAYMART\controllers\SiteController.php(97): app\models\LoginForm->login()
#22 [internal function]: app\controllers\SiteController->actionLogin()
#23 D:\laragon\www\EVERYDAYMART\vendor\yiisoft\yii2\base\InlineAction.php(60): call_user_func_array(Array, Array)
#24 D:\laragon\www\EVERYDAYMART\vendor\yiisoft\yii2\base\Controller.php(182): yii\base\InlineAction->runWithParams(Array)
#25 D:\laragon\www\EVERYDAYMART\vendor\yiisoft\yii2\base\Module.php(547): yii\base\Controller->runAction('login', Array)
#26 D:\laragon\www\EVERYDAYMART\vendor\yiisoft\yii2\web\Application.php(105): yii\base\Module->runAction('site/login', Array)
#27 D:\laragon\www\EVERYDAYMART\vendor\yiisoft\yii2\base\Application.php(382): yii\web\Application->handleRequest(Object(yii\web\Request))
#28 D:\laragon\www\EVERYDAYMART\web\index.php(14): yii\base\Application->run()
#29 {main}
Additional Information:
Array
(
    [0] => HY000
    [1] => 2002
    [2] => No connection could be made because the target machine actively refused it
)

2026-07-28 03:21:41 [::1][-][-][info][application] $_GET = [
    'r' => 'site/login'
]

$_POST = [
    '_csrf' => 'lYVqzs5aVVvWROIPZckmdAA7IoXZEgh8mrfER2qengzbxzWRgCo-PbU3qVAT8F4DZ0wVtY4_TkvR8YU9OeurPA=='
    'LoginForm' => [
        'username' => 'admin'
        'password' => 'admin123'
        'rememberMe' => '1'
    ]
    'login-button' => ''
]

$_FILES = []

$_COOKIE = [
    '_csrf' => '98ba141e5af43e35490ca41a09c2989679d7a67a198361e3388dc3c1be7b101ea:2:{i:0;s:5:\"_csrf\";i:1;s:32:\"NB__NpkfcsK_v9xwgw70W-F7KFAzSu50\";}'
]

$_SERVER = [
    'DOCUMENT_ROOT' => 'D:\\laragon\\www\\EVERYDAYMART\\web'
    'REMOTE_ADDR' => '::1'
    'REMOTE_PORT' => '50932'
    'SERVER_SOFTWARE' => 'PHP/8.4.13 (Development Server)'
    'SERVER_PROTOCOL' => 'HTTP/1.1'
    'SERVER_NAME' => 'localhost'
    'SERVER_PORT' => '8080'
    'REQUEST_URI' => '/index.php?r=site%2Flogin'
    'REQUEST_METHOD' => 'POST'
    'SCRIPT_NAME' => '/index.php'
    'SCRIPT_FILENAME' => 'D:\\laragon\\www\\EVERYDAYMART\\web\\index.php'
    'PHP_SELF' => '/index.php'
    'QUERY_STRING' => 'r=site%2Flogin'
    'HTTP_HOST' => 'localhost:8080'
    'HTTP_CONNECTION' => 'keep-alive'
    'CONTENT_LENGTH' => '231'
    'HTTP_CONTENT_LENGTH' => '231'
    'HTTP_CACHE_CONTROL' => 'max-age=0'
    'HTTP_UPGRADE_INSECURE_REQUESTS' => '1'
    'CONTENT_TYPE' => 'application/x-www-form-urlencoded'
    'HTTP_CONTENT_TYPE' => 'application/x-www-form-urlencoded'
    'HTTP_USER_AGENT' => 'Mozilla/5.0 (Windows NT 10.0; Win64; x64) AppleWebKit/537.36 (KHTML, like Gecko) Code/1.130.0 Chrome/148.0.7778.280 Electron/42.6.0 Safari/537.36'
    'HTTP_ORIGIN' => 'http://localhost:8080'
    'HTTP_ACCEPT' => 'text/html,application/xhtml+xml,application/xml;q=0.9,image/avif,image/webp,image/apng,*/*;q=0.8,application/signed-exchange;v=b3;q=0.7'
    'HTTP_SEC_FETCH_SITE' => 'same-origin'
    'HTTP_SEC_FETCH_MODE' => 'navigate'
    'HTTP_SEC_FETCH_USER' => '?1'
    'HTTP_SEC_FETCH_DEST' => 'document'
    'HTTP_REFERER' => 'http://localhost:8080/index.php?r=site%2Flogin'
    'HTTP_ACCEPT_ENCODING' => 'gzip, deflate, br, zstd'
    'HTTP_ACCEPT_LANGUAGE' => 'en-US'
    'HTTP_COOKIE' => '_csrf=98ba141e5af43e35490ca41a09c2989679d7a67a198361e3388dc3c1be7b101ea%3A2%3A%7Bi%3A0%3Bs%3A5%3A%22_csrf%22%3Bi%3A1%3Bs%3A32%3A%22NB__NpkfcsK_v9xwgw70W-F7KFAzSu50%22%3B%7D'
    'REQUEST_TIME_FLOAT' => 1785208901.6043
    'REQUEST_TIME' => 1785208901
]
2026-07-28 03:23:04 [::1][-][-][error][yii\base\UnknownPropertyException] yii\base\UnknownPropertyException: Getting unknown property: app\models\User::passwordHash in D:\laragon\www\EVERYDAYMART\vendor\yiisoft\yii2\base\Component.php:157
Stack trace:
#0 D:\laragon\www\EVERYDAYMART\vendor\yiisoft\yii2\db\BaseActiveRecord.php(295): yii\base\Component->__get('passwordHash')
#1 D:\laragon\www\EVERYDAYMART\models\LoginForm.php(53): yii\db\BaseActiveRecord->__get('passwordHash')
#2 D:\laragon\www\EVERYDAYMART\vendor\yiisoft\yii2\validators\InlineValidator.php(77): app\models\LoginForm->validatePassword('password', NULL, Object(yii\validators\InlineValidator), 'admin123')
#3 D:\laragon\www\EVERYDAYMART\vendor\yiisoft\yii2\validators\Validator.php(260): yii\validators\InlineValidator->validateAttribute(Object(app\models\LoginForm), 'password')
#4 D:\laragon\www\EVERYDAYMART\vendor\yiisoft\yii2\base\Model.php(384): yii\validators\Validator->validateAttributes(Object(app\models\LoginForm), Array)
#5 D:\laragon\www\EVERYDAYMART\models\LoginForm.php(64): yii\base\Model->validate()
#6 D:\laragon\www\EVERYDAYMART\controllers\SiteController.php(97): app\models\LoginForm->login()
#7 [internal function]: app\controllers\SiteController->actionLogin()
#8 D:\laragon\www\EVERYDAYMART\vendor\yiisoft\yii2\base\InlineAction.php(60): call_user_func_array(Array, Array)
#9 D:\laragon\www\EVERYDAYMART\vendor\yiisoft\yii2\base\Controller.php(182): yii\base\InlineAction->runWithParams(Array)
#10 D:\laragon\www\EVERYDAYMART\vendor\yiisoft\yii2\base\Module.php(547): yii\base\Controller->runAction('login', Array)
#11 D:\laragon\www\EVERYDAYMART\vendor\yiisoft\yii2\web\Application.php(105): yii\base\Module->runAction('site/login', Array)
#12 D:\laragon\www\EVERYDAYMART\vendor\yiisoft\yii2\base\Application.php(382): yii\web\Application->handleRequest(Object(yii\web\Request))
#13 D:\laragon\www\EVERYDAYMART\web\index.php(14): yii\base\Application->run()
#14 {main}
2026-07-28 03:23:00 [::1][-][-][info][application] $_GET = [
    'r' => 'site/login'
]

$_POST = [
    '_csrf' => 'lYVqzs5aVVvWROIPZckmdAA7IoXZEgh8mrfER2qengzbxzWRgCo-PbU3qVAT8F4DZ0wVtY4_TkvR8YU9OeurPA=='
    'LoginForm' => [
        'username' => 'admin'
        'password' => 'admin123'
        'rememberMe' => '1'
    ]
    'login-button' => ''
]

$_FILES = []

$_COOKIE = [
    '_csrf' => '98ba141e5af43e35490ca41a09c2989679d7a67a198361e3388dc3c1be7b101ea:2:{i:0;s:5:\"_csrf\";i:1;s:32:\"NB__NpkfcsK_v9xwgw70W-F7KFAzSu50\";}'
]

$_SERVER = [
    'DOCUMENT_ROOT' => 'D:\\laragon\\www\\EVERYDAYMART\\web'
    'REMOTE_ADDR' => '::1'
    'REMOTE_PORT' => '61669'
    'SERVER_SOFTWARE' => 'PHP/8.4.13 (Development Server)'
    'SERVER_PROTOCOL' => 'HTTP/1.1'
    'SERVER_NAME' => 'localhost'
    'SERVER_PORT' => '8080'
    'REQUEST_URI' => '/index.php?r=site%2Flogin'
    'REQUEST_METHOD' => 'POST'
    'SCRIPT_NAME' => '/index.php'
    'SCRIPT_FILENAME' => 'D:\\laragon\\www\\EVERYDAYMART\\web\\index.php'
    'PHP_SELF' => '/index.php'
    'QUERY_STRING' => 'r=site%2Flogin'
    'HTTP_HOST' => 'localhost:8080'
    'HTTP_CONNECTION' => 'keep-alive'
    'CONTENT_LENGTH' => '231'
    'HTTP_CONTENT_LENGTH' => '231'
    'HTTP_CACHE_CONTROL' => 'max-age=0'
    'HTTP_UPGRADE_INSECURE_REQUESTS' => '1'
    'CONTENT_TYPE' => 'application/x-www-form-urlencoded'
    'HTTP_CONTENT_TYPE' => 'application/x-www-form-urlencoded'
    'HTTP_USER_AGENT' => 'Mozilla/5.0 (Windows NT 10.0; Win64; x64) AppleWebKit/537.36 (KHTML, like Gecko) Code/1.130.0 Chrome/148.0.7778.280 Electron/42.6.0 Safari/537.36'
    'HTTP_ORIGIN' => 'http://localhost:8080'
    'HTTP_ACCEPT' => 'text/html,application/xhtml+xml,application/xml;q=0.9,image/avif,image/webp,image/apng,*/*;q=0.8,application/signed-exchange;v=b3;q=0.7'
    'HTTP_SEC_FETCH_SITE' => 'same-origin'
    'HTTP_SEC_FETCH_MODE' => 'navigate'
    'HTTP_SEC_FETCH_USER' => '?1'
    'HTTP_SEC_FETCH_DEST' => 'document'
    'HTTP_REFERER' => 'http://localhost:8080/index.php?r=site%2Flogin'
    'HTTP_ACCEPT_ENCODING' => 'gzip, deflate, br, zstd'
    'HTTP_ACCEPT_LANGUAGE' => 'en-US'
    'HTTP_COOKIE' => '_csrf=98ba141e5af43e35490ca41a09c2989679d7a67a198361e3388dc3c1be7b101ea%3A2%3A%7Bi%3A0%3Bs%3A5%3A%22_csrf%22%3Bi%3A1%3Bs%3A32%3A%22NB__NpkfcsK_v9xwgw70W-F7KFAzSu50%22%3B%7D'
    'REQUEST_TIME_FLOAT' => 1785208980.3609
    'REQUEST_TIME' => 1785208980
]
2026-07-28 03:31:29 [::1][-][-][error][yii\base\UnknownPropertyException] yii\base\UnknownPropertyException: Setting unknown property: app\models\LoginForm::cipher in D:\laragon\www\EVERYDAYMART\vendor\yiisoft\yii2\base\Component.php:224
Stack trace:
#0 D:\laragon\www\EVERYDAYMART\vendor\yiisoft\yii2\BaseYii.php(562): yii\base\Component->__set('cipher', 'AES-128-CBC')
#1 D:\laragon\www\EVERYDAYMART\vendor\yiisoft\yii2\base\BaseObject.php(107): yii\BaseYii::configure(Object(app\models\LoginForm), Object(yii\base\Security))
#2 D:\laragon\www\EVERYDAYMART\controllers\SiteController.php(95): yii\base\BaseObject->__construct(Object(yii\base\Security))
#3 [internal function]: app\controllers\SiteController->actionLogin()
#4 D:\laragon\www\EVERYDAYMART\vendor\yiisoft\yii2\base\InlineAction.php(60): call_user_func_array(Array, Array)
#5 D:\laragon\www\EVERYDAYMART\vendor\yiisoft\yii2\base\Controller.php(182): yii\base\InlineAction->runWithParams(Array)
#6 D:\laragon\www\EVERYDAYMART\vendor\yiisoft\yii2\base\Module.php(547): yii\base\Controller->runAction('login', Array)
#7 D:\laragon\www\EVERYDAYMART\vendor\yiisoft\yii2\web\Application.php(105): yii\base\Module->runAction('site/login', Array)
#8 D:\laragon\www\EVERYDAYMART\vendor\yiisoft\yii2\base\Application.php(382): yii\web\Application->handleRequest(Object(yii\web\Request))
#9 D:\laragon\www\EVERYDAYMART\web\index.php(14): yii\base\Application->run()
#10 {main}
2026-07-28 03:31:29 [::1][-][-][info][application] $_GET = [
    'r' => 'site/login'
]

$_POST = []

$_FILES = []

$_COOKIE = [
    '_csrf' => '98ba141e5af43e35490ca41a09c2989679d7a67a198361e3388dc3c1be7b101ea:2:{i:0;s:5:\"_csrf\";i:1;s:32:\"NB__NpkfcsK_v9xwgw70W-F7KFAzSu50\";}'
]

$_SERVER = [
    'DOCUMENT_ROOT' => 'D:\\laragon\\www\\EVERYDAYMART\\web'
    'REMOTE_ADDR' => '::1'
    'REMOTE_PORT' => '64785'
    'SERVER_SOFTWARE' => 'PHP/8.4.13 (Development Server)'
    'SERVER_PROTOCOL' => 'HTTP/1.1'
    'SERVER_NAME' => 'localhost'
    'SERVER_PORT' => '8080'
    'REQUEST_URI' => '/index.php?r=site%2Flogin'
    'REQUEST_METHOD' => 'GET'
    'SCRIPT_NAME' => '/index.php'
    'SCRIPT_FILENAME' => 'D:\\laragon\\www\\EVERYDAYMART\\web\\index.php'
    'PHP_SELF' => '/index.php'
    'QUERY_STRING' => 'r=site%2Flogin'
    'HTTP_HOST' => 'localhost:8080'
    'HTTP_CONNECTION' => 'keep-alive'
    'HTTP_UPGRADE_INSECURE_REQUESTS' => '1'
    'HTTP_USER_AGENT' => 'Mozilla/5.0 (Windows NT 10.0; Win64; x64) AppleWebKit/537.36 (KHTML, like Gecko) Code/1.130.0 Chrome/148.0.7778.280 Electron/42.6.0 Safari/537.36'
    'HTTP_ACCEPT' => 'text/html,application/xhtml+xml,application/xml;q=0.9,image/avif,image/webp,image/apng,*/*;q=0.8,application/signed-exchange;v=b3;q=0.7'
    'HTTP_SEC_FETCH_SITE' => 'same-origin'
    'HTTP_SEC_FETCH_MODE' => 'navigate'
    'HTTP_SEC_FETCH_USER' => '?1'
    'HTTP_SEC_FETCH_DEST' => 'document'
    'HTTP_REFERER' => 'http://localhost:8080/index.php?r=site%2Findex'
    'HTTP_ACCEPT_ENCODING' => 'gzip, deflate, br, zstd'
    'HTTP_ACCEPT_LANGUAGE' => 'en-US'
    'HTTP_COOKIE' => '_csrf=98ba141e5af43e35490ca41a09c2989679d7a67a198361e3388dc3c1be7b101ea%3A2%3A%7Bi%3A0%3Bs%3A5%3A%22_csrf%22%3Bi%3A1%3Bs%3A32%3A%22NB__NpkfcsK_v9xwgw70W-F7KFAzSu50%22%3B%7D'
    'REQUEST_TIME_FLOAT' => 1785209489.8314
    'REQUEST_TIME' => 1785209489
]
2026-07-28 03:32:30 [::1][-][-][error][yii\base\UnknownPropertyException] yii\base\UnknownPropertyException: Setting unknown property: app\models\LoginForm::cipher in D:\laragon\www\EVERYDAYMART\vendor\yiisoft\yii2\base\Component.php:224
Stack trace:
#0 D:\laragon\www\EVERYDAYMART\vendor\yiisoft\yii2\BaseYii.php(562): yii\base\Component->__set('cipher', 'AES-128-CBC')
#1 D:\laragon\www\EVERYDAYMART\vendor\yiisoft\yii2\base\BaseObject.php(107): yii\BaseYii::configure(Object(app\models\LoginForm), Object(yii\base\Security))
#2 D:\laragon\www\EVERYDAYMART\controllers\SiteController.php(95): yii\base\BaseObject->__construct(Object(yii\base\Security))
#3 [internal function]: app\controllers\SiteController->actionLogin()
#4 D:\laragon\www\EVERYDAYMART\vendor\yiisoft\yii2\base\InlineAction.php(60): call_user_func_array(Array, Array)
#5 D:\laragon\www\EVERYDAYMART\vendor\yiisoft\yii2\base\Controller.php(182): yii\base\InlineAction->runWithParams(Array)
#6 D:\laragon\www\EVERYDAYMART\vendor\yiisoft\yii2\base\Module.php(547): yii\base\Controller->runAction('login', Array)
#7 D:\laragon\www\EVERYDAYMART\vendor\yiisoft\yii2\web\Application.php(105): yii\base\Module->runAction('site/login', Array)
#8 D:\laragon\www\EVERYDAYMART\vendor\yiisoft\yii2\base\Application.php(382): yii\web\Application->handleRequest(Object(yii\web\Request))
#9 D:\laragon\www\EVERYDAYMART\web\index.php(14): yii\base\Application->run()
#10 {main}
2026-07-28 03:32:30 [::1][-][-][info][application] $_GET = [
    'r' => 'site/login'
]

$_POST = []

$_FILES = []

$_COOKIE = [
    '_csrf' => '98ba141e5af43e35490ca41a09c2989679d7a67a198361e3388dc3c1be7b101ea:2:{i:0;s:5:\"_csrf\";i:1;s:32:\"NB__NpkfcsK_v9xwgw70W-F7KFAzSu50\";}'
]

$_SERVER = [
    'DOCUMENT_ROOT' => 'D:\\laragon\\www\\EVERYDAYMART\\web'
    'REMOTE_ADDR' => '::1'
    'REMOTE_PORT' => '53177'
    'SERVER_SOFTWARE' => 'PHP/8.4.13 (Development Server)'
    'SERVER_PROTOCOL' => 'HTTP/1.1'
    'SERVER_NAME' => 'localhost'
    'SERVER_PORT' => '8080'
    'REQUEST_URI' => '/index.php?r=site%2Flogin'
    'REQUEST_METHOD' => 'GET'
    'SCRIPT_NAME' => '/index.php'
    'SCRIPT_FILENAME' => 'D:\\laragon\\www\\EVERYDAYMART\\web\\index.php'
    'PHP_SELF' => '/index.php'
    'QUERY_STRING' => 'r=site%2Flogin'
    'HTTP_HOST' => 'localhost:8080'
    'HTTP_CONNECTION' => 'keep-alive'
    'HTTP_UPGRADE_INSECURE_REQUESTS' => '1'
    'HTTP_USER_AGENT' => 'Mozilla/5.0 (Windows NT 10.0; Win64; x64) AppleWebKit/537.36 (KHTML, like Gecko) Code/1.130.0 Chrome/148.0.7778.280 Electron/42.6.0 Safari/537.36'
    'HTTP_ACCEPT' => 'text/html,application/xhtml+xml,application/xml;q=0.9,image/avif,image/webp,image/apng,*/*;q=0.8,application/signed-exchange;v=b3;q=0.7'
    'HTTP_SEC_FETCH_SITE' => 'same-origin'
    'HTTP_SEC_FETCH_MODE' => 'navigate'
    'HTTP_SEC_FETCH_USER' => '?1'
    'HTTP_SEC_FETCH_DEST' => 'document'
    'HTTP_REFERER' => 'http://localhost:8080/index.php?r=site%2Flogin'
    'HTTP_ACCEPT_ENCODING' => 'gzip, deflate, br, zstd'
    'HTTP_ACCEPT_LANGUAGE' => 'en-US'
    'HTTP_COOKIE' => '_csrf=98ba141e5af43e35490ca41a09c2989679d7a67a198361e3388dc3c1be7b101ea%3A2%3A%7Bi%3A0%3Bs%3A5%3A%22_csrf%22%3Bi%3A1%3Bs%3A32%3A%22NB__NpkfcsK_v9xwgw70W-F7KFAzSu50%22%3B%7D'
    'REQUEST_TIME_FLOAT' => 1785209550.5905
    'REQUEST_TIME' => 1785209550
]
2026-07-29 07:56:21 [::1][1][b7c1d4c5131dfdbd630a62c27d4d5184][error][yii\web\HttpException:404] yii\base\InvalidRouteException: Unable to resolve the request "penjualan/create". in D:\laragon\www\EVERYDAYMART\vendor\yiisoft\yii2\base\Module.php:556
Stack trace:
#0 D:\laragon\www\EVERYDAYMART\vendor\yiisoft\yii2\web\Application.php(105): yii\base\Module->runAction('penjualan/creat...', Array)
#1 D:\laragon\www\EVERYDAYMART\vendor\yiisoft\yii2\base\Application.php(382): yii\web\Application->handleRequest(Object(yii\web\Request))
#2 D:\laragon\www\EVERYDAYMART\web\index.php(14): yii\base\Application->run()
#3 {main}

Next yii\web\NotFoundHttpException: Page not found. in D:\laragon\www\EVERYDAYMART\vendor\yiisoft\yii2\web\Application.php:117
Stack trace:
#0 D:\laragon\www\EVERYDAYMART\vendor\yiisoft\yii2\base\Application.php(382): yii\web\Application->handleRequest(Object(yii\web\Request))
#1 D:\laragon\www\EVERYDAYMART\web\index.php(14): yii\base\Application->run()
#2 {main}
2026-07-29 07:56:20 [::1][1][b7c1d4c5131dfdbd630a62c27d4d5184][info][application] $_GET = [
    'r' => 'penjualan/create'
]

$_POST = []

$_FILES = []

$_COOKIE = [
    'PHPSESSID' => 'b7c1d4c5131dfdbd630a62c27d4d5184'
    '_identity' => '315de64354e447141d4474079587fddbf24651f74f13e00a13a49b181dda432ba:2:{i:0;s:9:\"_identity\";i:1;s:16:\"[1,null,2592000]\";}'
    '_csrf' => '806de8117988c3c8f7e1434b63d9f954608b85a379fa19ca4085466443dd930fa:2:{i:0;s:5:\"_csrf\";i:1;s:32:\"da9i4gQKq2zYp6GzjC0flwpT1A5h_pp4\";}'
]

$_SESSION = [
    '__flash' => []
    '__id' => 1
    '__authKey' => null
]

$_SERVER = [
    'DOCUMENT_ROOT' => 'D:\\laragon\\www\\EVERYDAYMART\\web'
    'REMOTE_ADDR' => '::1'
    'REMOTE_PORT' => '63200'
    'SERVER_SOFTWARE' => 'PHP/8.4.13 (Development Server)'
    'SERVER_PROTOCOL' => 'HTTP/1.1'
    'SERVER_NAME' => 'localhost'
    'SERVER_PORT' => '8080'
    'REQUEST_URI' => '/index.php?r=penjualan%2Fcreate'
    'REQUEST_METHOD' => 'GET'
    'SCRIPT_NAME' => '/index.php'
    'SCRIPT_FILENAME' => 'D:\\laragon\\www\\EVERYDAYMART\\web\\index.php'
    'PHP_SELF' => '/index.php'
    'QUERY_STRING' => 'r=penjualan%2Fcreate'
    'HTTP_HOST' => 'localhost:8080'
    'HTTP_CONNECTION' => 'keep-alive'
    'HTTP_UPGRADE_INSECURE_REQUESTS' => '1'
    'HTTP_USER_AGENT' => 'Mozilla/5.0 (Windows NT 10.0; Win64; x64) AppleWebKit/537.36 (KHTML, like Gecko) Code/1.130.0 Chrome/148.0.7778.280 Electron/42.6.0 Safari/537.36'
    'HTTP_ACCEPT' => 'text/html,application/xhtml+xml,application/xml;q=0.9,image/avif,image/webp,image/apng,*/*;q=0.8,application/signed-exchange;v=b3;q=0.7'
    'HTTP_SEC_FETCH_SITE' => 'same-origin'
    'HTTP_SEC_FETCH_MODE' => 'navigate'
    'HTTP_SEC_FETCH_USER' => '?1'
    'HTTP_SEC_FETCH_DEST' => 'document'
    'HTTP_REFERER' => 'http://localhost:8080/index.php'
    'HTTP_ACCEPT_ENCODING' => 'gzip, deflate, br, zstd'
    'HTTP_ACCEPT_LANGUAGE' => 'en-US'
    'HTTP_COOKIE' => 'PHPSESSID=b7c1d4c5131dfdbd630a62c27d4d5184; _identity=315de64354e447141d4474079587fddbf24651f74f13e00a13a49b181dda432ba%3A2%3A%7Bi%3A0%3Bs%3A9%3A%22_identity%22%3Bi%3A1%3Bs%3A16%3A%22%5B1%2Cnull%2C2592000%5D%22%3B%7D; _csrf=806de8117988c3c8f7e1434b63d9f954608b85a379fa19ca4085466443dd930fa%3A2%3A%7Bi%3A0%3Bs%3A5%3A%22_csrf%22%3Bi%3A1%3Bs%3A32%3A%22da9i4gQKq2zYp6GzjC0flwpT1A5h_pp4%22%3B%7D'
    'REQUEST_TIME_FLOAT' => 1785311780.889
    'REQUEST_TIME' => 1785311780
]
2026-07-29 07:56:26 [::1][1][b7c1d4c5131dfdbd630a62c27d4d5184][error][yii\web\HttpException:404] yii\base\InvalidRouteException: Unable to resolve the request "penjualan/index". in D:\laragon\www\EVERYDAYMART\vendor\yiisoft\yii2\base\Module.php:556
Stack trace:
#0 D:\laragon\www\EVERYDAYMART\vendor\yiisoft\yii2\web\Application.php(105): yii\base\Module->runAction('penjualan/index', Array)
#1 D:\laragon\www\EVERYDAYMART\vendor\yiisoft\yii2\base\Application.php(382): yii\web\Application->handleRequest(Object(yii\web\Request))
#2 D:\laragon\www\EVERYDAYMART\web\index.php(14): yii\base\Application->run()
#3 {main}

Next yii\web\NotFoundHttpException: Page not found. in D:\laragon\www\EVERYDAYMART\vendor\yiisoft\yii2\web\Application.php:117
Stack trace:
#0 D:\laragon\www\EVERYDAYMART\vendor\yiisoft\yii2\base\Application.php(382): yii\web\Application->handleRequest(Object(yii\web\Request))
#1 D:\laragon\www\EVERYDAYMART\web\index.php(14): yii\base\Application->run()
#2 {main}
2026-07-29 07:56:26 [::1][1][b7c1d4c5131dfdbd630a62c27d4d5184][info][application] $_GET = [
    'r' => 'penjualan/index'
]

$_POST = []

$_FILES = []

$_COOKIE = [
    'PHPSESSID' => 'b7c1d4c5131dfdbd630a62c27d4d5184'
    '_identity' => '315de64354e447141d4474079587fddbf24651f74f13e00a13a49b181dda432ba:2:{i:0;s:9:\"_identity\";i:1;s:16:\"[1,null,2592000]\";}'
    '_csrf' => '806de8117988c3c8f7e1434b63d9f954608b85a379fa19ca4085466443dd930fa:2:{i:0;s:5:\"_csrf\";i:1;s:32:\"da9i4gQKq2zYp6GzjC0flwpT1A5h_pp4\";}'
]

$_SESSION = [
    '__flash' => []
    '__id' => 1
    '__authKey' => null
]

$_SERVER = [
    'DOCUMENT_ROOT' => 'D:\\laragon\\www\\EVERYDAYMART\\web'
    'REMOTE_ADDR' => '::1'
    'REMOTE_PORT' => '58820'
    'SERVER_SOFTWARE' => 'PHP/8.4.13 (Development Server)'
    'SERVER_PROTOCOL' => 'HTTP/1.1'
    'SERVER_NAME' => 'localhost'
    'SERVER_PORT' => '8080'
    'REQUEST_URI' => '/index.php?r=penjualan%2Findex'
    'REQUEST_METHOD' => 'GET'
    'SCRIPT_NAME' => '/index.php'
    'SCRIPT_FILENAME' => 'D:\\laragon\\www\\EVERYDAYMART\\web\\index.php'
    'PHP_SELF' => '/index.php'
    'QUERY_STRING' => 'r=penjualan%2Findex'
    'HTTP_HOST' => 'localhost:8080'
    'HTTP_CONNECTION' => 'keep-alive'
    'HTTP_UPGRADE_INSECURE_REQUESTS' => '1'
    'HTTP_USER_AGENT' => 'Mozilla/5.0 (Windows NT 10.0; Win64; x64) AppleWebKit/537.36 (KHTML, like Gecko) Code/1.130.0 Chrome/148.0.7778.280 Electron/42.6.0 Safari/537.36'
    'HTTP_ACCEPT' => 'text/html,application/xhtml+xml,application/xml;q=0.9,image/avif,image/webp,image/apng,*/*;q=0.8,application/signed-exchange;v=b3;q=0.7'
    'HTTP_SEC_FETCH_SITE' => 'same-origin'
    'HTTP_SEC_FETCH_MODE' => 'navigate'
    'HTTP_SEC_FETCH_USER' => '?1'
    'HTTP_SEC_FETCH_DEST' => 'document'
    'HTTP_REFERER' => 'http://localhost:8080/index.php?r=penjualan%2Fcreate'
    'HTTP_ACCEPT_ENCODING' => 'gzip, deflate, br, zstd'
    'HTTP_ACCEPT_LANGUAGE' => 'en-US'
    'HTTP_COOKIE' => 'PHPSESSID=b7c1d4c5131dfdbd630a62c27d4d5184; _identity=315de64354e447141d4474079587fddbf24651f74f13e00a13a49b181dda432ba%3A2%3A%7Bi%3A0%3Bs%3A9%3A%22_identity%22%3Bi%3A1%3Bs%3A16%3A%22%5B1%2Cnull%2C2592000%5D%22%3B%7D; _csrf=806de8117988c3c8f7e1434b63d9f954608b85a379fa19ca4085466443dd930fa%3A2%3A%7Bi%3A0%3Bs%3A5%3A%22_csrf%22%3Bi%3A1%3Bs%3A32%3A%22da9i4gQKq2zYp6GzjC0flwpT1A5h_pp4%22%3B%7D'
    'REQUEST_TIME_FLOAT' => 1785311786.5806
    'REQUEST_TIME' => 1785311786
]
2026-07-29 07:56:28 [::1][1][b7c1d4c5131dfdbd630a62c27d4d5184][error][yii\web\HttpException:404] yii\base\InvalidRouteException: Unable to resolve the request "penjualan/create". in D:\laragon\www\EVERYDAYMART\vendor\yiisoft\yii2\base\Module.php:556
Stack trace:
#0 D:\laragon\www\EVERYDAYMART\vendor\yiisoft\yii2\web\Application.php(105): yii\base\Module->runAction('penjualan/creat...', Array)
#1 D:\laragon\www\EVERYDAYMART\vendor\yiisoft\yii2\base\Application.php(382): yii\web\Application->handleRequest(Object(yii\web\Request))
#2 D:\laragon\www\EVERYDAYMART\web\index.php(14): yii\base\Application->run()
#3 {main}

Next yii\web\NotFoundHttpException: Page not found. in D:\laragon\www\EVERYDAYMART\vendor\yiisoft\yii2\web\Application.php:117
Stack trace:
#0 D:\laragon\www\EVERYDAYMART\vendor\yiisoft\yii2\base\Application.php(382): yii\web\Application->handleRequest(Object(yii\web\Request))
#1 D:\laragon\www\EVERYDAYMART\web\index.php(14): yii\base\Application->run()
#2 {main}
2026-07-29 07:56:28 [::1][1][b7c1d4c5131dfdbd630a62c27d4d5184][info][application] $_GET = [
    'r' => 'penjualan/create'
]

$_POST = []

$_FILES = []

$_COOKIE = [
    'PHPSESSID' => 'b7c1d4c5131dfdbd630a62c27d4d5184'
    '_identity' => '315de64354e447141d4474079587fddbf24651f74f13e00a13a49b181dda432ba:2:{i:0;s:9:\"_identity\";i:1;s:16:\"[1,null,2592000]\";}'
    '_csrf' => '806de8117988c3c8f7e1434b63d9f954608b85a379fa19ca4085466443dd930fa:2:{i:0;s:5:\"_csrf\";i:1;s:32:\"da9i4gQKq2zYp6GzjC0flwpT1A5h_pp4\";}'
]

$_SESSION = [
    '__flash' => []
    '__id' => 1
    '__authKey' => null
]

$_SERVER = [
    'DOCUMENT_ROOT' => 'D:\\laragon\\www\\EVERYDAYMART\\web'
    'REMOTE_ADDR' => '::1'
    'REMOTE_PORT' => '51302'
    'SERVER_SOFTWARE' => 'PHP/8.4.13 (Development Server)'
    'SERVER_PROTOCOL' => 'HTTP/1.1'
    'SERVER_NAME' => 'localhost'
    'SERVER_PORT' => '8080'
    'REQUEST_URI' => '/index.php?r=penjualan%2Fcreate'
    'REQUEST_METHOD' => 'GET'
    'SCRIPT_NAME' => '/index.php'
    'SCRIPT_FILENAME' => 'D:\\laragon\\www\\EVERYDAYMART\\web\\index.php'
    'PHP_SELF' => '/index.php'
    'QUERY_STRING' => 'r=penjualan%2Fcreate'
    'HTTP_HOST' => 'localhost:8080'
    'HTTP_CONNECTION' => 'keep-alive'
    'HTTP_UPGRADE_INSECURE_REQUESTS' => '1'
    'HTTP_USER_AGENT' => 'Mozilla/5.0 (Windows NT 10.0; Win64; x64) AppleWebKit/537.36 (KHTML, like Gecko) Code/1.130.0 Chrome/148.0.7778.280 Electron/42.6.0 Safari/537.36'
    'HTTP_ACCEPT' => 'text/html,application/xhtml+xml,application/xml;q=0.9,image/avif,image/webp,image/apng,*/*;q=0.8,application/signed-exchange;v=b3;q=0.7'
    'HTTP_SEC_FETCH_SITE' => 'same-origin'
    'HTTP_SEC_FETCH_MODE' => 'navigate'
    'HTTP_SEC_FETCH_USER' => '?1'
    'HTTP_SEC_FETCH_DEST' => 'document'
    'HTTP_REFERER' => 'http://localhost:8080/index.php?r=penjualan%2Findex'
    'HTTP_ACCEPT_ENCODING' => 'gzip, deflate, br, zstd'
    'HTTP_ACCEPT_LANGUAGE' => 'en-US'
    'HTTP_COOKIE' => 'PHPSESSID=b7c1d4c5131dfdbd630a62c27d4d5184; _identity=315de64354e447141d4474079587fddbf24651f74f13e00a13a49b181dda432ba%3A2%3A%7Bi%3A0%3Bs%3A9%3A%22_identity%22%3Bi%3A1%3Bs%3A16%3A%22%5B1%2Cnull%2C2592000%5D%22%3B%7D; _csrf=806de8117988c3c8f7e1434b63d9f954608b85a379fa19ca4085466443dd930fa%3A2%3A%7Bi%3A0%3Bs%3A5%3A%22_csrf%22%3Bi%3A1%3Bs%3A32%3A%22da9i4gQKq2zYp6GzjC0flwpT1A5h_pp4%22%3B%7D'
    'REQUEST_TIME_FLOAT' => 1785311788.6187
    'REQUEST_TIME' => 1785311788
]
2026-07-29 07:58:15 [::1][1][b7c1d4c5131dfdbd630a62c27d4d5184][error][yii\web\HttpException:404] yii\base\InvalidRouteException: Unable to resolve the request "penjualan/create". in D:\laragon\www\EVERYDAYMART\vendor\yiisoft\yii2\base\Module.php:556
Stack trace:
#0 D:\laragon\www\EVERYDAYMART\vendor\yiisoft\yii2\web\Application.php(105): yii\base\Module->runAction('penjualan/creat...', Array)
#1 D:\laragon\www\EVERYDAYMART\vendor\yiisoft\yii2\base\Application.php(382): yii\web\Application->handleRequest(Object(yii\web\Request))
#2 D:\laragon\www\EVERYDAYMART\web\index.php(14): yii\base\Application->run()
#3 {main}

Next yii\web\NotFoundHttpException: Page not found. in D:\laragon\www\EVERYDAYMART\vendor\yiisoft\yii2\web\Application.php:117
Stack trace:
#0 D:\laragon\www\EVERYDAYMART\vendor\yiisoft\yii2\base\Application.php(382): yii\web\Application->handleRequest(Object(yii\web\Request))
#1 D:\laragon\www\EVERYDAYMART\web\index.php(14): yii\base\Application->run()
#2 {main}
2026-07-29 07:58:14 [::1][1][b7c1d4c5131dfdbd630a62c27d4d5184][info][application] $_GET = [
    'r' => 'penjualan/create'
]

$_POST = []

$_FILES = []

$_COOKIE = [
    'PHPSESSID' => 'b7c1d4c5131dfdbd630a62c27d4d5184'
    '_identity' => '315de64354e447141d4474079587fddbf24651f74f13e00a13a49b181dda432ba:2:{i:0;s:9:\"_identity\";i:1;s:16:\"[1,null,2592000]\";}'
    '_csrf' => '806de8117988c3c8f7e1434b63d9f954608b85a379fa19ca4085466443dd930fa:2:{i:0;s:5:\"_csrf\";i:1;s:32:\"da9i4gQKq2zYp6GzjC0flwpT1A5h_pp4\";}'
]

$_SESSION = [
    '__flash' => []
    '__id' => 1
    '__authKey' => null
]

$_SERVER = [
    'DOCUMENT_ROOT' => 'D:\\laragon\\www\\EVERYDAYMART\\web'
    'REMOTE_ADDR' => '::1'
    'REMOTE_PORT' => '61125'
    'SERVER_SOFTWARE' => 'PHP/8.4.13 (Development Server)'
    'SERVER_PROTOCOL' => 'HTTP/1.1'
    'SERVER_NAME' => 'localhost'
    'SERVER_PORT' => '8080'
    'REQUEST_URI' => '/index.php?r=penjualan%2Fcreate'
    'REQUEST_METHOD' => 'GET'
    'SCRIPT_NAME' => '/index.php'
    'SCRIPT_FILENAME' => 'D:\\laragon\\www\\EVERYDAYMART\\web\\index.php'
    'PHP_SELF' => '/index.php'
    'QUERY_STRING' => 'r=penjualan%2Fcreate'
    'HTTP_HOST' => 'localhost:8080'
    'HTTP_CONNECTION' => 'keep-alive'
    'HTTP_UPGRADE_INSECURE_REQUESTS' => '1'
    'HTTP_USER_AGENT' => 'Mozilla/5.0 (Windows NT 10.0; Win64; x64) AppleWebKit/537.36 (KHTML, like Gecko) Code/1.130.0 Chrome/148.0.7778.280 Electron/42.6.0 Safari/537.36'
    'HTTP_ACCEPT' => 'text/html,application/xhtml+xml,application/xml;q=0.9,image/avif,image/webp,image/apng,*/*;q=0.8,application/signed-exchange;v=b3;q=0.7'
    'HTTP_SEC_FETCH_SITE' => 'same-origin'
    'HTTP_SEC_FETCH_MODE' => 'navigate'
    'HTTP_SEC_FETCH_USER' => '?1'
    'HTTP_SEC_FETCH_DEST' => 'document'
    'HTTP_REFERER' => 'http://localhost:8080/index.php?r=site%2Findex'
    'HTTP_ACCEPT_ENCODING' => 'gzip, deflate, br, zstd'
    'HTTP_ACCEPT_LANGUAGE' => 'en-US'
    'HTTP_COOKIE' => 'PHPSESSID=b7c1d4c5131dfdbd630a62c27d4d5184; _identity=315de64354e447141d4474079587fddbf24651f74f13e00a13a49b181dda432ba%3A2%3A%7Bi%3A0%3Bs%3A9%3A%22_identity%22%3Bi%3A1%3Bs%3A16%3A%22%5B1%2Cnull%2C2592000%5D%22%3B%7D; _csrf=806de8117988c3c8f7e1434b63d9f954608b85a379fa19ca4085466443dd930fa%3A2%3A%7Bi%3A0%3Bs%3A5%3A%22_csrf%22%3Bi%3A1%3Bs%3A32%3A%22da9i4gQKq2zYp6GzjC0flwpT1A5h_pp4%22%3B%7D'
    'REQUEST_TIME_FLOAT' => 1785311894.6595
    'REQUEST_TIME' => 1785311894
]
2026-07-29 08:00:01 [::1][1][b7c1d4c5131dfdbd630a62c27d4d5184][error][yii\web\HttpException:404] yii\base\InvalidRouteException: Unable to resolve the request "penjualan/create". in D:\laragon\www\EVERYDAYMART\vendor\yiisoft\yii2\base\Module.php:556
Stack trace:
#0 D:\laragon\www\EVERYDAYMART\vendor\yiisoft\yii2\web\Application.php(105): yii\base\Module->runAction('penjualan/creat...', Array)
#1 D:\laragon\www\EVERYDAYMART\vendor\yiisoft\yii2\base\Application.php(382): yii\web\Application->handleRequest(Object(yii\web\Request))
#2 D:\laragon\www\EVERYDAYMART\web\index.php(14): yii\base\Application->run()
#3 {main}

Next yii\web\NotFoundHttpException: Page not found. in D:\laragon\www\EVERYDAYMART\vendor\yiisoft\yii2\web\Application.php:117
Stack trace:
#0 D:\laragon\www\EVERYDAYMART\vendor\yiisoft\yii2\base\Application.php(382): yii\web\Application->handleRequest(Object(yii\web\Request))
#1 D:\laragon\www\EVERYDAYMART\web\index.php(14): yii\base\Application->run()
#2 {main}
2026-07-29 07:59:59 [::1][1][b7c1d4c5131dfdbd630a62c27d4d5184][info][application] $_GET = [
    'r' => 'penjualan/create'
]

$_POST = []

$_FILES = []

$_COOKIE = [
    'PHPSESSID' => 'b7c1d4c5131dfdbd630a62c27d4d5184'
    '_identity' => '315de64354e447141d4474079587fddbf24651f74f13e00a13a49b181dda432ba:2:{i:0;s:9:\"_identity\";i:1;s:16:\"[1,null,2592000]\";}'
    '_csrf' => '806de8117988c3c8f7e1434b63d9f954608b85a379fa19ca4085466443dd930fa:2:{i:0;s:5:\"_csrf\";i:1;s:32:\"da9i4gQKq2zYp6GzjC0flwpT1A5h_pp4\";}'
]

$_SESSION = [
    '__flash' => []
    '__id' => 1
    '__authKey' => null
]

$_SERVER = [
    'DOCUMENT_ROOT' => 'D:\\laragon\\www\\EVERYDAYMART\\web'
    'REMOTE_ADDR' => '::1'
    'REMOTE_PORT' => '57154'
    'SERVER_SOFTWARE' => 'PHP/8.4.13 (Development Server)'
    'SERVER_PROTOCOL' => 'HTTP/1.1'
    'SERVER_NAME' => 'localhost'
    'SERVER_PORT' => '8080'
    'REQUEST_URI' => '/index.php?r=penjualan%2Fcreate'
    'REQUEST_METHOD' => 'GET'
    'SCRIPT_NAME' => '/index.php'
    'SCRIPT_FILENAME' => 'D:\\laragon\\www\\EVERYDAYMART\\web\\index.php'
    'PHP_SELF' => '/index.php'
    'QUERY_STRING' => 'r=penjualan%2Fcreate'
    'HTTP_HOST' => 'localhost:8080'
    'HTTP_CONNECTION' => 'keep-alive'
    'HTTP_UPGRADE_INSECURE_REQUESTS' => '1'
    'HTTP_USER_AGENT' => 'Mozilla/5.0 (Windows NT 10.0; Win64; x64) AppleWebKit/537.36 (KHTML, like Gecko) Code/1.130.0 Chrome/148.0.7778.280 Electron/42.6.0 Safari/537.36'
    'HTTP_ACCEPT' => 'text/html,application/xhtml+xml,application/xml;q=0.9,image/avif,image/webp,image/apng,*/*;q=0.8,application/signed-exchange;v=b3;q=0.7'
    'HTTP_SEC_FETCH_SITE' => 'same-origin'
    'HTTP_SEC_FETCH_MODE' => 'navigate'
    'HTTP_SEC_FETCH_USER' => '?1'
    'HTTP_SEC_FETCH_DEST' => 'document'
    'HTTP_REFERER' => 'http://localhost:8080/index.php'
    'HTTP_ACCEPT_ENCODING' => 'gzip, deflate, br, zstd'
    'HTTP_ACCEPT_LANGUAGE' => 'en-US'
    'HTTP_COOKIE' => 'PHPSESSID=b7c1d4c5131dfdbd630a62c27d4d5184; _identity=315de64354e447141d4474079587fddbf24651f74f13e00a13a49b181dda432ba%3A2%3A%7Bi%3A0%3Bs%3A9%3A%22_identity%22%3Bi%3A1%3Bs%3A16%3A%22%5B1%2Cnull%2C2592000%5D%22%3B%7D; _csrf=806de8117988c3c8f7e1434b63d9f954608b85a379fa19ca4085466443dd930fa%3A2%3A%7Bi%3A0%3Bs%3A5%3A%22_csrf%22%3Bi%3A1%3Bs%3A32%3A%22da9i4gQKq2zYp6GzjC0flwpT1A5h_pp4%22%3B%7D'
    'REQUEST_TIME_FLOAT' => 1785311999.1695
    'REQUEST_TIME' => 1785311999
]
2026-07-30 04:42:29 [::1][-][-][warning][yii\web\User::getIdentityAndDurationFromCookie] Invalid cookie auth key attempted for user '1' from ::1: 
2026-07-30 04:42:11 [::1][-][-][info][application] $_GET = [
    'r' => 'transaksi/create'
]

$_POST = []

$_FILES = []

$_COOKIE = [
    '_identity' => '315de64354e447141d4474079587fddbf24651f74f13e00a13a49b181dda432ba:2:{i:0;s:9:\"_identity\";i:1;s:16:\"[1,null,2592000]\";}'
]

$_SERVER = [
    'DOCUMENT_ROOT' => 'D:\\laragon\\www\\EVERYDAYMART\\web'
    'REMOTE_ADDR' => '::1'
    'REMOTE_PORT' => '55353'
    'SERVER_SOFTWARE' => 'PHP/8.4.13 (Development Server)'
    'SERVER_PROTOCOL' => 'HTTP/1.1'
    'SERVER_NAME' => 'localhost'
    'SERVER_PORT' => '8080'
    'REQUEST_URI' => '/index.php?r=transaksi%2Fcreate'
    'REQUEST_METHOD' => 'GET'
    'SCRIPT_NAME' => '/index.php'
    'SCRIPT_FILENAME' => 'D:\\laragon\\www\\EVERYDAYMART\\web\\index.php'
    'PHP_SELF' => '/index.php'
    'QUERY_STRING' => 'r=transaksi%2Fcreate'
    'HTTP_HOST' => 'localhost:8080'
    'HTTP_CONNECTION' => 'keep-alive'
    'HTTP_CACHE_CONTROL' => 'max-age=0'
    'HTTP_UPGRADE_INSECURE_REQUESTS' => '1'
    'HTTP_USER_AGENT' => 'Mozilla/5.0 (Windows NT 10.0; Win64; x64) AppleWebKit/537.36 (KHTML, like Gecko) Code/1.130.0 Chrome/148.0.7778.280 Electron/42.6.0 Safari/537.36'
    'HTTP_ACCEPT' => 'text/html,application/xhtml+xml,application/xml;q=0.9,image/avif,image/webp,image/apng,*/*;q=0.8,application/signed-exchange;v=b3;q=0.7'
    'HTTP_SEC_FETCH_SITE' => 'none'
    'HTTP_SEC_FETCH_MODE' => 'navigate'
    'HTTP_SEC_FETCH_USER' => '?1'
    'HTTP_SEC_FETCH_DEST' => 'document'
    'HTTP_ACCEPT_ENCODING' => 'gzip, deflate, br, zstd'
    'HTTP_ACCEPT_LANGUAGE' => 'en-US'
    'HTTP_COOKIE' => '_identity=315de64354e447141d4474079587fddbf24651f74f13e00a13a49b181dda432ba%3A2%3A%7Bi%3A0%3Bs%3A9%3A%22_identity%22%3Bi%3A1%3Bs%3A16%3A%22%5B1%2Cnull%2C2592000%5D%22%3B%7D'
    'REQUEST_TIME_FLOAT' => 1785386531.0523
    'REQUEST_TIME' => 1785386531
]
2026-07-30 04:57:55 [::1][1][583f78fbe5dd6935318cb3c732256b0a][error][yii\db\Exception] PDOException: SQLSTATE[22007]: Invalid datetime format: 1292 Incorrect datetime value: '21 desember 2019' for column 'tgl_transaksi' at row 1 in D:\laragon\www\EVERYDAYMART\vendor\yiisoft\yii2\db\Command.php:1320
Stack trace:
#0 D:\laragon\www\EVERYDAYMART\vendor\yiisoft\yii2\db\Command.php(1320): PDOStatement->execute()
#1 D:\laragon\www\EVERYDAYMART\vendor\yiisoft\yii2\db\Command.php(1120): yii\db\Command->internalExecute('INSERT INTO `tr...')
#2 D:\laragon\www\EVERYDAYMART\vendor\yiisoft\yii2\db\Schema.php(432): yii\db\Command->execute()
#3 D:\laragon\www\EVERYDAYMART\vendor\yiisoft\yii2\db\ActiveRecord.php(627): yii\db\Schema->insert('transaksi', Array)
#4 D:\laragon\www\EVERYDAYMART\vendor\yiisoft\yii2\db\ActiveRecord.php(565): yii\db\ActiveRecord->insertInternal(NULL)
#5 D:\laragon\www\EVERYDAYMART\vendor\yiisoft\yii2\db\BaseActiveRecord.php(695): yii\db\ActiveRecord->insert(true, NULL)
#6 D:\laragon\www\EVERYDAYMART\controllers\TransaksiController.php(73): yii\db\BaseActiveRecord->save()
#7 [internal function]: app\controllers\TransaksiController->actionCreate()
#8 D:\laragon\www\EVERYDAYMART\vendor\yiisoft\yii2\base\InlineAction.php(60): call_user_func_array(Array, Array)
#9 D:\laragon\www\EVERYDAYMART\vendor\yiisoft\yii2\base\Controller.php(182): yii\base\InlineAction->runWithParams(Array)
#10 D:\laragon\www\EVERYDAYMART\vendor\yiisoft\yii2\base\Module.php(547): yii\base\Controller->runAction('create', Array)
#11 D:\laragon\www\EVERYDAYMART\vendor\yiisoft\yii2\web\Application.php(105): yii\base\Module->runAction('transaksi/creat...', Array)
#12 D:\laragon\www\EVERYDAYMART\vendor\yiisoft\yii2\base\Application.php(382): yii\web\Application->handleRequest(Object(yii\web\Request))
#13 D:\laragon\www\EVERYDAYMART\web\index.php(14): yii\base\Application->run()
#14 {main}

Next yii\db\Exception: SQLSTATE[22007]: Invalid datetime format: 1292 Incorrect datetime value: '21 desember 2019' for column 'tgl_transaksi' at row 1
The SQL being executed was: INSERT INTO `transaksi` (`id_room`, `no_nota`, `customer`, `tgl_transaksi`, `total_harga`, `id_outlet`, `waiter`) VALUES (NULL, '1', 'ujang', '21 desember 2019', 100000, 1, 'aku') in D:\laragon\www\EVERYDAYMART\vendor\yiisoft\yii2\db\Schema.php:677
Stack trace:
#0 D:\laragon\www\EVERYDAYMART\vendor\yiisoft\yii2\db\Command.php(1325): yii\db\Schema->convertException(Object(PDOException), 'INSERT INTO `tr...')
#1 D:\laragon\www\EVERYDAYMART\vendor\yiisoft\yii2\db\Command.php(1120): yii\db\Command->internalExecute('INSERT INTO `tr...')
#2 D:\laragon\www\EVERYDAYMART\vendor\yiisoft\yii2\db\Schema.php(432): yii\db\Command->execute()
#3 D:\laragon\www\EVERYDAYMART\vendor\yiisoft\yii2\db\ActiveRecord.php(627): yii\db\Schema->insert('transaksi', Array)
#4 D:\laragon\www\EVERYDAYMART\vendor\yiisoft\yii2\db\ActiveRecord.php(565): yii\db\ActiveRecord->insertInternal(NULL)
#5 D:\laragon\www\EVERYDAYMART\vendor\yiisoft\yii2\db\BaseActiveRecord.php(695): yii\db\ActiveRecord->insert(true, NULL)
#6 D:\laragon\www\EVERYDAYMART\controllers\TransaksiController.php(73): yii\db\BaseActiveRecord->save()
#7 [internal function]: app\controllers\TransaksiController->actionCreate()
#8 D:\laragon\www\EVERYDAYMART\vendor\yiisoft\yii2\base\InlineAction.php(60): call_user_func_array(Array, Array)
#9 D:\laragon\www\EVERYDAYMART\vendor\yiisoft\yii2\base\Controller.php(182): yii\base\InlineAction->runWithParams(Array)
#10 D:\laragon\www\EVERYDAYMART\vendor\yiisoft\yii2\base\Module.php(547): yii\base\Controller->runAction('create', Array)
#11 D:\laragon\www\EVERYDAYMART\vendor\yiisoft\yii2\web\Application.php(105): yii\base\Module->runAction('transaksi/creat...', Array)
#12 D:\laragon\www\EVERYDAYMART\vendor\yiisoft\yii2\base\Application.php(382): yii\web\Application->handleRequest(Object(yii\web\Request))
#13 D:\laragon\www\EVERYDAYMART\web\index.php(14): yii\base\Application->run()
#14 {main}
Additional Information:
Array
(
    [0] => 22007
    [1] => 1292
    [2] => Incorrect datetime value: '21 desember 2019' for column 'tgl_transaksi' at row 1
)

2026-07-30 04:57:55 [::1][1][583f78fbe5dd6935318cb3c732256b0a][info][application] $_GET = [
    'r' => 'transaksi/create'
]

$_POST = [
    '_csrf' => 'KwDUEN1cSIaJlXaMV0gDZHKEopmvvCK66vUIHjnDpU5yZKJqhAwx4NOgQ_k8B2IhA7aW3_CFe466jE1nDIzmAA=='
    'Transaksi' => [
        'id_room' => ''
        'no_nota' => '1'
        'customer' => 'ujang'
        'tgl_transaksi' => '21 desember 2019'
        'total_harga' => '100000'
        'id_outlet' => '1'
        'waiter' => 'aku'
    ]
]

$_FILES = []

$_COOKIE = [
    'PHPSESSID' => '583f78fbe5dd6935318cb3c732256b0a'
    '_identity' => '315de64354e447141d4474079587fddbf24651f74f13e00a13a49b181dda432ba:2:{i:0;s:9:\"_identity\";i:1;s:16:\"[1,null,2592000]\";}'
    '_csrf' => '3489f6b4395f1d1116f6ddc6f5ed22df7ccbc9ac88cd848dd3f9b6945ce4a685a:2:{i:0;s:5:\"_csrf\";i:1;s:32:\"YdvzYPyfZ55ukOaEq24F_9Y4PyEy5OCN\";}'
]

$_SESSION = [
    '__flash' => []
    '__id' => 1
    '__authKey' => null
]

$_SERVER = [
    'DOCUMENT_ROOT' => 'D:\\laragon\\www\\EVERYDAYMART\\web'
    'REMOTE_ADDR' => '::1'
    'REMOTE_PORT' => '51008'
    'SERVER_SOFTWARE' => 'PHP/8.4.13 (Development Server)'
    'SERVER_PROTOCOL' => 'HTTP/1.1'
    'SERVER_NAME' => 'localhost'
    'SERVER_PORT' => '8080'
    'REQUEST_URI' => '/index.php?r=transaksi%2Fcreate'
    'REQUEST_METHOD' => 'POST'
    'SCRIPT_NAME' => '/index.php'
    'SCRIPT_FILENAME' => 'D:\\laragon\\www\\EVERYDAYMART\\web\\index.php'
    'PHP_SELF' => '/index.php'
    'QUERY_STRING' => 'r=transaksi%2Fcreate'
    'HTTP_HOST' => 'localhost:8080'
    'HTTP_CONNECTION' => 'keep-alive'
    'CONTENT_LENGTH' => '310'
    'HTTP_CONTENT_LENGTH' => '310'
    'HTTP_CACHE_CONTROL' => 'max-age=0'
    'HTTP_UPGRADE_INSECURE_REQUESTS' => '1'
    'CONTENT_TYPE' => 'application/x-www-form-urlencoded'
    'HTTP_CONTENT_TYPE' => 'application/x-www-form-urlencoded'
    'HTTP_USER_AGENT' => 'Mozilla/5.0 (Windows NT 10.0; Win64; x64) AppleWebKit/537.36 (KHTML, like Gecko) Code/1.130.0 Chrome/148.0.7778.280 Electron/42.6.0 Safari/537.36'
    'HTTP_ORIGIN' => 'http://localhost:8080'
    'HTTP_ACCEPT' => 'text/html,application/xhtml+xml,application/xml;q=0.9,image/avif,image/webp,image/apng,*/*;q=0.8,application/signed-exchange;v=b3;q=0.7'
    'HTTP_SEC_FETCH_SITE' => 'same-origin'
    'HTTP_SEC_FETCH_MODE' => 'navigate'
    'HTTP_SEC_FETCH_USER' => '?1'
    'HTTP_SEC_FETCH_DEST' => 'document'
    'HTTP_REFERER' => 'http://localhost:8080/index.php?r=transaksi%2Fcreate'
    'HTTP_ACCEPT_ENCODING' => 'gzip, deflate, br, zstd'
    'HTTP_ACCEPT_LANGUAGE' => 'en-US'
    'HTTP_COOKIE' => 'PHPSESSID=583f78fbe5dd6935318cb3c732256b0a; _identity=315de64354e447141d4474079587fddbf24651f74f13e00a13a49b181dda432ba%3A2%3A%7Bi%3A0%3Bs%3A9%3A%22_identity%22%3Bi%3A1%3Bs%3A16%3A%22%5B1%2Cnull%2C2592000%5D%22%3B%7D; _csrf=3489f6b4395f1d1116f6ddc6f5ed22df7ccbc9ac88cd848dd3f9b6945ce4a685a%3A2%3A%7Bi%3A0%3Bs%3A5%3A%22_csrf%22%3Bi%3A1%3Bs%3A32%3A%22YdvzYPyfZ55ukOaEq24F_9Y4PyEy5OCN%22%3B%7D'
    'REQUEST_TIME_FLOAT' => 1785387475.5542
    'REQUEST_TIME' => 1785387475
]
2026-07-30 04:58:53 [::1][1][583f78fbe5dd6935318cb3c732256b0a][error][yii\db\Exception] PDOException: SQLSTATE[22007]: Invalid datetime format: 1292 Incorrect datetime value: '0' for column 'tgl_transaksi' at row 1 in D:\laragon\www\EVERYDAYMART\vendor\yiisoft\yii2\db\Command.php:1320
Stack trace:
#0 D:\laragon\www\EVERYDAYMART\vendor\yiisoft\yii2\db\Command.php(1320): PDOStatement->execute()
#1 D:\laragon\www\EVERYDAYMART\vendor\yiisoft\yii2\db\Command.php(1120): yii\db\Command->internalExecute('INSERT INTO `tr...')
#2 D:\laragon\www\EVERYDAYMART\vendor\yiisoft\yii2\db\Schema.php(432): yii\db\Command->execute()
#3 D:\laragon\www\EVERYDAYMART\vendor\yiisoft\yii2\db\ActiveRecord.php(627): yii\db\Schema->insert('transaksi', Array)
#4 D:\laragon\www\EVERYDAYMART\vendor\yiisoft\yii2\db\ActiveRecord.php(565): yii\db\ActiveRecord->insertInternal(NULL)
#5 D:\laragon\www\EVERYDAYMART\vendor\yiisoft\yii2\db\BaseActiveRecord.php(695): yii\db\ActiveRecord->insert(true, NULL)
#6 D:\laragon\www\EVERYDAYMART\controllers\TransaksiController.php(73): yii\db\BaseActiveRecord->save()
#7 [internal function]: app\controllers\TransaksiController->actionCreate()
#8 D:\laragon\www\EVERYDAYMART\vendor\yiisoft\yii2\base\InlineAction.php(60): call_user_func_array(Array, Array)
#9 D:\laragon\www\EVERYDAYMART\vendor\yiisoft\yii2\base\Controller.php(182): yii\base\InlineAction->runWithParams(Array)
#10 D:\laragon\www\EVERYDAYMART\vendor\yiisoft\yii2\base\Module.php(547): yii\base\Controller->runAction('create', Array)
#11 D:\laragon\www\EVERYDAYMART\vendor\yiisoft\yii2\web\Application.php(105): yii\base\Module->runAction('transaksi/creat...', Array)
#12 D:\laragon\www\EVERYDAYMART\vendor\yiisoft\yii2\base\Application.php(382): yii\web\Application->handleRequest(Object(yii\web\Request))
#13 D:\laragon\www\EVERYDAYMART\web\index.php(14): yii\base\Application->run()
#14 {main}

Next yii\db\Exception: SQLSTATE[22007]: Invalid datetime format: 1292 Incorrect datetime value: '0' for column 'tgl_transaksi' at row 1
The SQL being executed was: INSERT INTO `transaksi` (`id_room`, `no_nota`, `customer`, `tgl_transaksi`, `total_harga`, `id_outlet`, `waiter`) VALUES (NULL, '1', 'ujang', '0', 100000, 1, 'aku') in D:\laragon\www\EVERYDAYMART\vendor\yiisoft\yii2\db\Schema.php:677
Stack trace:
#0 D:\laragon\www\EVERYDAYMART\vendor\yiisoft\yii2\db\Command.php(1325): yii\db\Schema->convertException(Object(PDOException), 'INSERT INTO `tr...')
#1 D:\laragon\www\EVERYDAYMART\vendor\yiisoft\yii2\db\Command.php(1120): yii\db\Command->internalExecute('INSERT INTO `tr...')
#2 D:\laragon\www\EVERYDAYMART\vendor\yiisoft\yii2\db\Schema.php(432): yii\db\Command->execute()
#3 D:\laragon\www\EVERYDAYMART\vendor\yiisoft\yii2\db\ActiveRecord.php(627): yii\db\Schema->insert('transaksi', Array)
#4 D:\laragon\www\EVERYDAYMART\vendor\yiisoft\yii2\db\ActiveRecord.php(565): yii\db\ActiveRecord->insertInternal(NULL)
#5 D:\laragon\www\EVERYDAYMART\vendor\yiisoft\yii2\db\BaseActiveRecord.php(695): yii\db\ActiveRecord->insert(true, NULL)
#6 D:\laragon\www\EVERYDAYMART\controllers\TransaksiController.php(73): yii\db\BaseActiveRecord->save()
#7 [internal function]: app\controllers\TransaksiController->actionCreate()
#8 D:\laragon\www\EVERYDAYMART\vendor\yiisoft\yii2\base\InlineAction.php(60): call_user_func_array(Array, Array)
#9 D:\laragon\www\EVERYDAYMART\vendor\yiisoft\yii2\base\Controller.php(182): yii\base\InlineAction->runWithParams(Array)
#10 D:\laragon\www\EVERYDAYMART\vendor\yiisoft\yii2\base\Module.php(547): yii\base\Controller->runAction('create', Array)
#11 D:\laragon\www\EVERYDAYMART\vendor\yiisoft\yii2\web\Application.php(105): yii\base\Module->runAction('transaksi/creat...', Array)
#12 D:\laragon\www\EVERYDAYMART\vendor\yiisoft\yii2\base\Application.php(382): yii\web\Application->handleRequest(Object(yii\web\Request))
#13 D:\laragon\www\EVERYDAYMART\web\index.php(14): yii\base\Application->run()
#14 {main}
Additional Information:
Array
(
    [0] => 22007
    [1] => 1292
    [2] => Incorrect datetime value: '0' for column 'tgl_transaksi' at row 1
)

2026-07-30 04:58:53 [::1][1][583f78fbe5dd6935318cb3c732256b0a][info][application] $_GET = [
    'r' => 'transaksi/create'
]

$_POST = [
    '_csrf' => 'BFrncayvQ3t-56XRJ5TyizSMLhFUPa7STvMxcH-noANdPpEL9f86HSTSkKRM25PORb4aVwsE9-YeinQJSujjTQ=='
    'Transaksi' => [
        'id_room' => ''
        'no_nota' => '1'
        'customer' => 'ujang'
        'tgl_transaksi' => '0'
        'total_harga' => '100000'
        'id_outlet' => '1'
        'waiter' => 'aku'
    ]
]

$_FILES = []

$_COOKIE = [
    'PHPSESSID' => '583f78fbe5dd6935318cb3c732256b0a'
    '_identity' => '315de64354e447141d4474079587fddbf24651f74f13e00a13a49b181dda432ba:2:{i:0;s:9:\"_identity\";i:1;s:16:\"[1,null,2592000]\";}'
    '_csrf' => '3489f6b4395f1d1116f6ddc6f5ed22df7ccbc9ac88cd848dd3f9b6945ce4a685a:2:{i:0;s:5:\"_csrf\";i:1;s:32:\"YdvzYPyfZ55ukOaEq24F_9Y4PyEy5OCN\";}'
]

$_SESSION = [
    '__flash' => []
    '__id' => 1
    '__authKey' => null
]

$_SERVER = [
    'DOCUMENT_ROOT' => 'D:\\laragon\\www\\EVERYDAYMART\\web'
    'REMOTE_ADDR' => '::1'
    'REMOTE_PORT' => '50794'
    'SERVER_SOFTWARE' => 'PHP/8.4.13 (Development Server)'
    'SERVER_PROTOCOL' => 'HTTP/1.1'
    'SERVER_NAME' => 'localhost'
    'SERVER_PORT' => '8080'
    'REQUEST_URI' => '/index.php?r=transaksi%2Fcreate'
    'REQUEST_METHOD' => 'POST'
    'SCRIPT_NAME' => '/index.php'
    'SCRIPT_FILENAME' => 'D:\\laragon\\www\\EVERYDAYMART\\web\\index.php'
    'PHP_SELF' => '/index.php'
    'QUERY_STRING' => 'r=transaksi%2Fcreate'
    'HTTP_HOST' => 'localhost:8080'
    'HTTP_CONNECTION' => 'keep-alive'
    'CONTENT_LENGTH' => '295'
    'HTTP_CONTENT_LENGTH' => '295'
    'HTTP_CACHE_CONTROL' => 'max-age=0'
    'HTTP_UPGRADE_INSECURE_REQUESTS' => '1'
    'CONTENT_TYPE' => 'application/x-www-form-urlencoded'
    'HTTP_CONTENT_TYPE' => 'application/x-www-form-urlencoded'
    'HTTP_USER_AGENT' => 'Mozilla/5.0 (Windows NT 10.0; Win64; x64) AppleWebKit/537.36 (KHTML, like Gecko) Code/1.130.0 Chrome/148.0.7778.280 Electron/42.6.0 Safari/537.36'
    'HTTP_ORIGIN' => 'http://localhost:8080'
    'HTTP_ACCEPT' => 'text/html,application/xhtml+xml,application/xml;q=0.9,image/avif,image/webp,image/apng,*/*;q=0.8,application/signed-exchange;v=b3;q=0.7'
    'HTTP_SEC_FETCH_SITE' => 'same-origin'
    'HTTP_SEC_FETCH_MODE' => 'navigate'
    'HTTP_SEC_FETCH_USER' => '?1'
    'HTTP_SEC_FETCH_DEST' => 'document'
    'HTTP_REFERER' => 'http://localhost:8080/index.php?r=transaksi%2Fcreate'
    'HTTP_ACCEPT_ENCODING' => 'gzip, deflate, br, zstd'
    'HTTP_ACCEPT_LANGUAGE' => 'en-US'
    'HTTP_COOKIE' => 'PHPSESSID=583f78fbe5dd6935318cb3c732256b0a; _identity=315de64354e447141d4474079587fddbf24651f74f13e00a13a49b181dda432ba%3A2%3A%7Bi%3A0%3Bs%3A9%3A%22_identity%22%3Bi%3A1%3Bs%3A16%3A%22%5B1%2Cnull%2C2592000%5D%22%3B%7D; _csrf=3489f6b4395f1d1116f6ddc6f5ed22df7ccbc9ac88cd848dd3f9b6945ce4a685a%3A2%3A%7Bi%3A0%3Bs%3A5%3A%22_csrf%22%3Bi%3A1%3Bs%3A32%3A%22YdvzYPyfZ55ukOaEq24F_9Y4PyEy5OCN%22%3B%7D'
    'REQUEST_TIME_FLOAT' => 1785387533.4344
    'REQUEST_TIME' => 1785387533
]
2026-07-30 05:44:24 [::1][1][583f78fbe5dd6935318cb3c732256b0a][error][yii\db\Exception] PDOException: SQLSTATE[22007]: Invalid datetime format: 1292 Incorrect datetime value: 'CURRENT_TIMESTAMP' for column 'tgl_transaksi' at row 1 in D:\laragon\www\EVERYDAYMART\vendor\yiisoft\yii2\db\Command.php:1320
Stack trace:
#0 D:\laragon\www\EVERYDAYMART\vendor\yiisoft\yii2\db\Command.php(1320): PDOStatement->execute()
#1 D:\laragon\www\EVERYDAYMART\vendor\yiisoft\yii2\db\Command.php(1120): yii\db\Command->internalExecute('INSERT INTO `tr...')
#2 D:\laragon\www\EVERYDAYMART\vendor\yiisoft\yii2\db\Schema.php(432): yii\db\Command->execute()
#3 D:\laragon\www\EVERYDAYMART\vendor\yiisoft\yii2\db\ActiveRecord.php(627): yii\db\Schema->insert('transaksi', Array)
#4 D:\laragon\www\EVERYDAYMART\vendor\yiisoft\yii2\db\ActiveRecord.php(565): yii\db\ActiveRecord->insertInternal(NULL)
#5 D:\laragon\www\EVERYDAYMART\vendor\yiisoft\yii2\db\BaseActiveRecord.php(695): yii\db\ActiveRecord->insert(true, NULL)
#6 D:\laragon\www\EVERYDAYMART\controllers\TransaksiController.php(73): yii\db\BaseActiveRecord->save()
#7 [internal function]: app\controllers\TransaksiController->actionCreate()
#8 D:\laragon\www\EVERYDAYMART\vendor\yiisoft\yii2\base\InlineAction.php(60): call_user_func_array(Array, Array)
#9 D:\laragon\www\EVERYDAYMART\vendor\yiisoft\yii2\base\Controller.php(182): yii\base\InlineAction->runWithParams(Array)
#10 D:\laragon\www\EVERYDAYMART\vendor\yiisoft\yii2\base\Module.php(547): yii\base\Controller->runAction('create', Array)
#11 D:\laragon\www\EVERYDAYMART\vendor\yiisoft\yii2\web\Application.php(105): yii\base\Module->runAction('transaksi/creat...', Array)
#12 D:\laragon\www\EVERYDAYMART\vendor\yiisoft\yii2\base\Application.php(382): yii\web\Application->handleRequest(Object(yii\web\Request))
#13 D:\laragon\www\EVERYDAYMART\web\index.php(14): yii\base\Application->run()
#14 {main}

Next yii\db\Exception: SQLSTATE[22007]: Invalid datetime format: 1292 Incorrect datetime value: 'CURRENT_TIMESTAMP' for column 'tgl_transaksi' at row 1
The SQL being executed was: INSERT INTO `transaksi` (`id_room`, `no_nota`, `customer`, `tgl_transaksi`, `total_harga`, `id_outlet`, `waiter`) VALUES (1, '001', 'aku', 'CURRENT_TIMESTAMP', 20000, 1, 'aku sendiri') in D:\laragon\www\EVERYDAYMART\vendor\yiisoft\yii2\db\Schema.php:677
Stack trace:
#0 D:\laragon\www\EVERYDAYMART\vendor\yiisoft\yii2\db\Command.php(1325): yii\db\Schema->convertException(Object(PDOException), 'INSERT INTO `tr...')
#1 D:\laragon\www\EVERYDAYMART\vendor\yiisoft\yii2\db\Command.php(1120): yii\db\Command->internalExecute('INSERT INTO `tr...')
#2 D:\laragon\www\EVERYDAYMART\vendor\yiisoft\yii2\db\Schema.php(432): yii\db\Command->execute()
#3 D:\laragon\www\EVERYDAYMART\vendor\yiisoft\yii2\db\ActiveRecord.php(627): yii\db\Schema->insert('transaksi', Array)
#4 D:\laragon\www\EVERYDAYMART\vendor\yiisoft\yii2\db\ActiveRecord.php(565): yii\db\ActiveRecord->insertInternal(NULL)
#5 D:\laragon\www\EVERYDAYMART\vendor\yiisoft\yii2\db\BaseActiveRecord.php(695): yii\db\ActiveRecord->insert(true, NULL)
#6 D:\laragon\www\EVERYDAYMART\controllers\TransaksiController.php(73): yii\db\BaseActiveRecord->save()
#7 [internal function]: app\controllers\TransaksiController->actionCreate()
#8 D:\laragon\www\EVERYDAYMART\vendor\yiisoft\yii2\base\InlineAction.php(60): call_user_func_array(Array, Array)
#9 D:\laragon\www\EVERYDAYMART\vendor\yiisoft\yii2\base\Controller.php(182): yii\base\InlineAction->runWithParams(Array)
#10 D:\laragon\www\EVERYDAYMART\vendor\yiisoft\yii2\base\Module.php(547): yii\base\Controller->runAction('create', Array)
#11 D:\laragon\www\EVERYDAYMART\vendor\yiisoft\yii2\web\Application.php(105): yii\base\Module->runAction('transaksi/creat...', Array)
#12 D:\laragon\www\EVERYDAYMART\vendor\yiisoft\yii2\base\Application.php(382): yii\web\Application->handleRequest(Object(yii\web\Request))
#13 D:\laragon\www\EVERYDAYMART\web\index.php(14): yii\base\Application->run()
#14 {main}
Additional Information:
Array
(
    [0] => 22007
    [1] => 1292
    [2] => Incorrect datetime value: 'CURRENT_TIMESTAMP' for column 'tgl_transaksi' at row 1
)

2026-07-30 05:44:24 [::1][1][583f78fbe5dd6935318cb3c732256b0a][info][application] $_GET = [
    'r' => 'transaksi/create'
]

$_POST = [
    '_csrf' => 'JDU-t923NMj8BovTRLmjaq5bkGJ0nYAok8dSSlSUbcB9UUjNhOdNrqYzvqYv9sIv32mkJCuk2RzDvhczYdsujg=='
    'Transaksi' => [
        'id_room' => '1'
        'no_nota' => '001'
        'customer' => 'aku'
        'tgl_transaksi' => 'CURRENT_TIMESTAMP'
        'total_harga' => '20000'
        'id_outlet' => '1'
        'waiter' => 'aku sendiri'
    ]
]

$_FILES = []

$_COOKIE = [
    'PHPSESSID' => '583f78fbe5dd6935318cb3c732256b0a'
    '_identity' => '315de64354e447141d4474079587fddbf24651f74f13e00a13a49b181dda432ba:2:{i:0;s:9:\"_identity\";i:1;s:16:\"[1,null,2592000]\";}'
    '_csrf' => '3489f6b4395f1d1116f6ddc6f5ed22df7ccbc9ac88cd848dd3f9b6945ce4a685a:2:{i:0;s:5:\"_csrf\";i:1;s:32:\"YdvzYPyfZ55ukOaEq24F_9Y4PyEy5OCN\";}'
]

$_SESSION = [
    '__flash' => []
    '__id' => 1
    '__authKey' => null
]

$_SERVER = [
    'DOCUMENT_ROOT' => 'D:\\laragon\\www\\EVERYDAYMART\\web'
    'REMOTE_ADDR' => '::1'
    'REMOTE_PORT' => '61540'
    'SERVER_SOFTWARE' => 'PHP/8.4.13 (Development Server)'
    'SERVER_PROTOCOL' => 'HTTP/1.1'
    'SERVER_NAME' => 'localhost'
    'SERVER_PORT' => '8080'
    'REQUEST_URI' => '/index.php?r=transaksi%2Fcreate'
    'REQUEST_METHOD' => 'POST'
    'SCRIPT_NAME' => '/index.php'
    'SCRIPT_FILENAME' => 'D:\\laragon\\www\\EVERYDAYMART\\web\\index.php'
    'PHP_SELF' => '/index.php'
    'QUERY_STRING' => 'r=transaksi%2Fcreate'
    'HTTP_HOST' => 'localhost:8080'
    'HTTP_CONNECTION' => 'keep-alive'
    'CONTENT_LENGTH' => '319'
    'HTTP_CONTENT_LENGTH' => '319'
    'HTTP_CACHE_CONTROL' => 'max-age=0'
    'HTTP_UPGRADE_INSECURE_REQUESTS' => '1'
    'CONTENT_TYPE' => 'application/x-www-form-urlencoded'
    'HTTP_CONTENT_TYPE' => 'application/x-www-form-urlencoded'
    'HTTP_USER_AGENT' => 'Mozilla/5.0 (Windows NT 10.0; Win64; x64) AppleWebKit/537.36 (KHTML, like Gecko) Code/1.130.0 Chrome/148.0.7778.280 Electron/42.6.0 Safari/537.36'
    'HTTP_ORIGIN' => 'http://localhost:8080'
    'HTTP_ACCEPT' => 'text/html,application/xhtml+xml,application/xml;q=0.9,image/avif,image/webp,image/apng,*/*;q=0.8,application/signed-exchange;v=b3;q=0.7'
    'HTTP_SEC_FETCH_SITE' => 'same-origin'
    'HTTP_SEC_FETCH_MODE' => 'navigate'
    'HTTP_SEC_FETCH_USER' => '?1'
    'HTTP_SEC_FETCH_DEST' => 'document'
    'HTTP_REFERER' => 'http://localhost:8080/index.php?r=transaksi%2Fcreate'
    'HTTP_ACCEPT_ENCODING' => 'gzip, deflate, br, zstd'
    'HTTP_ACCEPT_LANGUAGE' => 'en-US'
    'HTTP_COOKIE' => 'PHPSESSID=583f78fbe5dd6935318cb3c732256b0a; _identity=315de64354e447141d4474079587fddbf24651f74f13e00a13a49b181dda432ba%3A2%3A%7Bi%3A0%3Bs%3A9%3A%22_identity%22%3Bi%3A1%3Bs%3A16%3A%22%5B1%2Cnull%2C2592000%5D%22%3B%7D; _csrf=3489f6b4395f1d1116f6ddc6f5ed22df7ccbc9ac88cd848dd3f9b6945ce4a685a%3A2%3A%7Bi%3A0%3Bs%3A5%3A%22_csrf%22%3Bi%3A1%3Bs%3A32%3A%22YdvzYPyfZ55ukOaEq24F_9Y4PyEy5OCN%22%3B%7D'
    'REQUEST_TIME_FLOAT' => 1785390264.3858
    'REQUEST_TIME' => 1785390264
]
2026-07-31 03:11:07 [::1][-][-][warning][yii\web\User::getIdentityAndDurationFromCookie] Invalid cookie auth key attempted for user '1' from ::1: 
2026-07-31 03:10:55 [::1][-][-][info][application] $_GET = [
    'r' => 'transaksi/create'
]

$_POST = []

$_FILES = []

$_COOKIE = [
    '_identity' => '315de64354e447141d4474079587fddbf24651f74f13e00a13a49b181dda432ba:2:{i:0;s:9:\"_identity\";i:1;s:16:\"[1,null,2592000]\";}'
]

$_SERVER = [
    'DOCUMENT_ROOT' => 'D:\\laragon\\www\\EVERYDAYMART\\web'
    'REMOTE_ADDR' => '::1'
    'REMOTE_PORT' => '63629'
    'SERVER_SOFTWARE' => 'PHP/8.4.13 (Development Server)'
    'SERVER_PROTOCOL' => 'HTTP/1.1'
    'SERVER_NAME' => 'localhost'
    'SERVER_PORT' => '8080'
    'REQUEST_URI' => '/index.php?r=transaksi%2Fcreate'
    'REQUEST_METHOD' => 'GET'
    'SCRIPT_NAME' => '/index.php'
    'SCRIPT_FILENAME' => 'D:\\laragon\\www\\EVERYDAYMART\\web\\index.php'
    'PHP_SELF' => '/index.php'
    'QUERY_STRING' => 'r=transaksi%2Fcreate'
    'HTTP_HOST' => 'localhost:8080'
    'HTTP_CONNECTION' => 'keep-alive'
    'HTTP_CACHE_CONTROL' => 'max-age=0'
    'HTTP_UPGRADE_INSECURE_REQUESTS' => '1'
    'HTTP_USER_AGENT' => 'Mozilla/5.0 (Windows NT 10.0; Win64; x64) AppleWebKit/537.36 (KHTML, like Gecko) Code/1.131.0 Chrome/148.0.7778.280 Electron/42.7.0 Safari/537.36'
    'HTTP_ACCEPT' => 'text/html,application/xhtml+xml,application/xml;q=0.9,image/avif,image/webp,image/apng,*/*;q=0.8,application/signed-exchange;v=b3;q=0.7'
    'HTTP_SEC_FETCH_SITE' => 'none'
    'HTTP_SEC_FETCH_MODE' => 'navigate'
    'HTTP_SEC_FETCH_USER' => '?1'
    'HTTP_SEC_FETCH_DEST' => 'document'
    'HTTP_ACCEPT_ENCODING' => 'gzip, deflate, br, zstd'
    'HTTP_ACCEPT_LANGUAGE' => 'en-US'
    'HTTP_COOKIE' => '_identity=315de64354e447141d4474079587fddbf24651f74f13e00a13a49b181dda432ba%3A2%3A%7Bi%3A0%3Bs%3A9%3A%22_identity%22%3Bi%3A1%3Bs%3A16%3A%22%5B1%2Cnull%2C2592000%5D%22%3B%7D'
    'REQUEST_TIME_FLOAT' => 1785467455.0143
    'REQUEST_TIME' => 1785467455
]
2026-07-31 03:11:18 [::1][-][-][warning][yii\web\User::getIdentityAndDurationFromCookie] Invalid cookie auth key attempted for user '1' from ::1: 
2026-07-31 03:11:18 [::1][-][-][info][application] $_GET = [
    'r' => 'transaksi/create'
]

$_POST = []

$_FILES = []

$_COOKIE = [
    '_identity' => '315de64354e447141d4474079587fddbf24651f74f13e00a13a49b181dda432ba:2:{i:0;s:9:\"_identity\";i:1;s:16:\"[1,null,2592000]\";}'
]

$_SERVER = [
    'DOCUMENT_ROOT' => 'D:\\laragon\\www\\EVERYDAYMART\\web'
    'REMOTE_ADDR' => '::1'
    'REMOTE_PORT' => '57728'
    'SERVER_SOFTWARE' => 'PHP/8.4.13 (Development Server)'
    'SERVER_PROTOCOL' => 'HTTP/1.1'
    'SERVER_NAME' => 'localhost'
    'SERVER_PORT' => '8080'
    'REQUEST_URI' => '/index.php?r=transaksi%2Fcreate'
    'REQUEST_METHOD' => 'GET'
    'SCRIPT_NAME' => '/index.php'
    'SCRIPT_FILENAME' => 'D:\\laragon\\www\\EVERYDAYMART\\web\\index.php'
    'PHP_SELF' => '/index.php'
    'QUERY_STRING' => 'r=transaksi%2Fcreate'
    'HTTP_HOST' => 'localhost:8080'
    'HTTP_CONNECTION' => 'keep-alive'
    'HTTP_CACHE_CONTROL' => 'max-age=0'
    'HTTP_UPGRADE_INSECURE_REQUESTS' => '1'
    'HTTP_USER_AGENT' => 'Mozilla/5.0 (Windows NT 10.0; Win64; x64) AppleWebKit/537.36 (KHTML, like Gecko) Code/1.131.0 Chrome/148.0.7778.280 Electron/42.7.0 Safari/537.36'
    'HTTP_ACCEPT' => 'text/html,application/xhtml+xml,application/xml;q=0.9,image/avif,image/webp,image/apng,*/*;q=0.8,application/signed-exchange;v=b3;q=0.7'
    'HTTP_SEC_FETCH_SITE' => 'none'
    'HTTP_SEC_FETCH_MODE' => 'navigate'
    'HTTP_SEC_FETCH_USER' => '?1'
    'HTTP_SEC_FETCH_DEST' => 'document'
    'HTTP_ACCEPT_ENCODING' => 'gzip, deflate, br, zstd'
    'HTTP_ACCEPT_LANGUAGE' => 'en-US'
    'HTTP_COOKIE' => '_identity=315de64354e447141d4474079587fddbf24651f74f13e00a13a49b181dda432ba%3A2%3A%7Bi%3A0%3Bs%3A9%3A%22_identity%22%3Bi%3A1%3Bs%3A16%3A%22%5B1%2Cnull%2C2592000%5D%22%3B%7D'
    'REQUEST_TIME_FLOAT' => 1785467478.5173
    'REQUEST_TIME' => 1785467478
]
2026-07-31 10:41:38 [::1][1][412d8df5f518888b45044b95012ffafe][error][TypeError] TypeError: array_merge(): Argument #2 must be of type array, Closure given in D:\laragon\www\EVERYDAYMART\vendor\yiisoft\yii2\grid\GridView.php:564
Stack trace:
#0 D:\laragon\www\EVERYDAYMART\vendor\yiisoft\yii2\grid\GridView.php(564): array_merge(Array, Object(Closure))
#1 D:\laragon\www\EVERYDAYMART\vendor\yiisoft\yii2\grid\GridView.php(295): yii\grid\GridView->initColumns()
#2 D:\laragon\www\EVERYDAYMART\vendor\yiisoft\yii2\base\BaseObject.php(109): yii\grid\GridView->init()
#3 [internal function]: yii\base\BaseObject->__construct(Array)
#4 D:\laragon\www\EVERYDAYMART\vendor\yiisoft\yii2\di\Container.php(426): ReflectionClass->newInstanceArgs(Array)
#5 D:\laragon\www\EVERYDAYMART\vendor\yiisoft\yii2\di\Container.php(174): yii\di\Container->build('yii\\grid\\GridVi...', Array, Array)
#6 D:\laragon\www\EVERYDAYMART\vendor\yiisoft\yii2\BaseYii.php(370): yii\di\Container->get('yii\\grid\\GridVi...', Array, Array)
#7 D:\laragon\www\EVERYDAYMART\vendor\yiisoft\yii2\base\Widget.php(145): yii\BaseYii::createObject(Array)
#8 D:\laragon\www\EVERYDAYMART\views\transaksi\index.php(26): yii\base\Widget::widget(Array)
#9 D:\laragon\www\EVERYDAYMART\vendor\yiisoft\yii2\base\View.php(345): require('D:\\laragon\\www\\...')
#10 [internal function]: yii\base\View->{closure:yii\base\View::renderPhpFile():343}('D:\\laragon\\www\\...', Array)
#11 D:\laragon\www\EVERYDAYMART\vendor\yiisoft\yii2\base\View.php(350): call_user_func_array(Object(Closure), Array)
#12 D:\laragon\www\EVERYDAYMART\vendor\yiisoft\yii2\base\View.php(257): yii\base\View->renderPhpFile('D:\\laragon\\www\\...', Array)
#13 D:\laragon\www\EVERYDAYMART\vendor\yiisoft\yii2\base\View.php(156): yii\base\View->renderFile('D:\\laragon\\www\\...', Array, Object(app\controllers\TransaksiController))
#14 D:\laragon\www\EVERYDAYMART\vendor\yiisoft\yii2\base\Controller.php(423): yii\base\View->render('index', Array, Object(app\controllers\TransaksiController))
#15 D:\laragon\www\EVERYDAYMART\controllers\TransaksiController.php(47): yii\base\Controller->render('index', Array)
#16 [internal function]: app\controllers\TransaksiController->actionIndex()
#17 D:\laragon\www\EVERYDAYMART\vendor\yiisoft\yii2\base\InlineAction.php(60): call_user_func_array(Array, Array)
#18 D:\laragon\www\EVERYDAYMART\vendor\yiisoft\yii2\base\Controller.php(182): yii\base\InlineAction->runWithParams(Array)
#19 D:\laragon\www\EVERYDAYMART\vendor\yiisoft\yii2\base\Module.php(547): yii\base\Controller->runAction('index', Array)
#20 D:\laragon\www\EVERYDAYMART\vendor\yiisoft\yii2\web\Application.php(105): yii\base\Module->runAction('transaksi/index', Array)
#21 D:\laragon\www\EVERYDAYMART\vendor\yiisoft\yii2\base\Application.php(382): yii\web\Application->handleRequest(Object(yii\web\Request))
#22 D:\laragon\www\EVERYDAYMART\web\index.php(14): yii\base\Application->run()
#23 {main}
2026-07-31 10:41:38 [::1][1][412d8df5f518888b45044b95012ffafe][info][application] $_GET = [
    'r' => 'transaksi/index'
]

$_POST = []

$_FILES = []

$_COOKIE = [
    'PHPSESSID' => '412d8df5f518888b45044b95012ffafe'
    '_identity' => '315de64354e447141d4474079587fddbf24651f74f13e00a13a49b181dda432ba:2:{i:0;s:9:\"_identity\";i:1;s:16:\"[1,null,2592000]\";}'
    '_csrf' => '60fa7b5b48d40bc7dbe35e7613107ceaafa93531390c023900dd2ea3e1a78744a:2:{i:0;s:5:\"_csrf\";i:1;s:32:\"70nrY0qbxZD0iwXdFgClTsUoHhKJ1e0M\";}'
]

$_SESSION = [
    '__flash' => []
    '__id' => 1
    '__authKey' => null
]

$_SERVER = [
    'DOCUMENT_ROOT' => 'D:\\laragon\\www\\EVERYDAYMART\\web'
    'REMOTE_ADDR' => '::1'
    'REMOTE_PORT' => '51100'
    'SERVER_SOFTWARE' => 'PHP/8.4.13 (Development Server)'
    'SERVER_PROTOCOL' => 'HTTP/1.1'
    'SERVER_NAME' => 'localhost'
    'SERVER_PORT' => '8080'
    'REQUEST_URI' => '/index.php?r=transaksi%2Findex'
    'REQUEST_METHOD' => 'GET'
    'SCRIPT_NAME' => '/index.php'
    'SCRIPT_FILENAME' => 'D:\\laragon\\www\\EVERYDAYMART\\web\\index.php'
    'PHP_SELF' => '/index.php'
    'QUERY_STRING' => 'r=transaksi%2Findex'
    'HTTP_HOST' => 'localhost:8080'
    'HTTP_CONNECTION' => 'keep-alive'
    'HTTP_CACHE_CONTROL' => 'max-age=0'
    'HTTP_UPGRADE_INSECURE_REQUESTS' => '1'
    'HTTP_USER_AGENT' => 'Mozilla/5.0 (Windows NT 10.0; Win64; x64) AppleWebKit/537.36 (KHTML, like Gecko) Code/1.131.0 Chrome/148.0.7778.280 Electron/42.7.0 Safari/537.36'
    'HTTP_ACCEPT' => 'text/html,application/xhtml+xml,application/xml;q=0.9,image/avif,image/webp,image/apng,*/*;q=0.8,application/signed-exchange;v=b3;q=0.7'
    'HTTP_SEC_FETCH_SITE' => 'same-origin'
    'HTTP_SEC_FETCH_MODE' => 'navigate'
    'HTTP_SEC_FETCH_USER' => '?1'
    'HTTP_SEC_FETCH_DEST' => 'document'
    'HTTP_REFERER' => 'http://localhost:8080/index.php?r=transaksi%2Fview&id=4'
    'HTTP_ACCEPT_ENCODING' => 'gzip, deflate, br, zstd'
    'HTTP_ACCEPT_LANGUAGE' => 'en-US'
    'HTTP_COOKIE' => 'PHPSESSID=412d8df5f518888b45044b95012ffafe; _identity=315de64354e447141d4474079587fddbf24651f74f13e00a13a49b181dda432ba%3A2%3A%7Bi%3A0%3Bs%3A9%3A%22_identity%22%3Bi%3A1%3Bs%3A16%3A%22%5B1%2Cnull%2C2592000%5D%22%3B%7D; _csrf=60fa7b5b48d40bc7dbe35e7613107ceaafa93531390c023900dd2ea3e1a78744a%3A2%3A%7Bi%3A0%3Bs%3A5%3A%22_csrf%22%3Bi%3A1%3Bs%3A32%3A%2270nrY0qbxZD0iwXdFgClTsUoHhKJ1e0M%22%3B%7D'
    'REQUEST_TIME_FLOAT' => 1785469298.3644
    'REQUEST_TIME' => 1785469298
]
2026-07-31 11:00:46 [::1][1][412d8df5f518888b45044b95012ffafe][error][Error] Error: Class "Outlet" not found in D:\laragon\www\EVERYDAYMART\views\transaksi\_form.php:30
Stack trace:
#0 D:\laragon\www\EVERYDAYMART\vendor\yiisoft\yii2\base\View.php(345): require()
#1 [internal function]: yii\base\View->{closure:yii\base\View::renderPhpFile():343}('D:\\laragon\\www\\...', Array)
#2 D:\laragon\www\EVERYDAYMART\vendor\yiisoft\yii2\base\View.php(350): call_user_func_array(Object(Closure), Array)
#3 D:\laragon\www\EVERYDAYMART\vendor\yiisoft\yii2\base\View.php(257): yii\base\View->renderPhpFile('D:\\laragon\\www\\...', Array)
#4 D:\laragon\www\EVERYDAYMART\vendor\yiisoft\yii2\base\View.php(156): yii\base\View->renderFile('D:\\laragon\\www\\...', Array, NULL)
#5 D:\laragon\www\EVERYDAYMART\views\transaksi\create.php(16): yii\base\View->render('_form', Array)
#6 D:\laragon\www\EVERYDAYMART\vendor\yiisoft\yii2\base\View.php(345): require('D:\\laragon\\www\\...')
#7 [internal function]: yii\base\View->{closure:yii\base\View::renderPhpFile():343}('D:\\laragon\\www\\...', Array)
#8 D:\laragon\www\EVERYDAYMART\vendor\yiisoft\yii2\base\View.php(350): call_user_func_array(Object(Closure), Array)
#9 D:\laragon\www\EVERYDAYMART\vendor\yiisoft\yii2\base\View.php(257): yii\base\View->renderPhpFile('D:\\laragon\\www\\...', Array)
#10 D:\laragon\www\EVERYDAYMART\vendor\yiisoft\yii2\base\View.php(156): yii\base\View->renderFile('D:\\laragon\\www\\...', Array, Object(app\controllers\TransaksiController))
#11 D:\laragon\www\EVERYDAYMART\vendor\yiisoft\yii2\base\Controller.php(423): yii\base\View->render('create', Array, Object(app\controllers\TransaksiController))
#12 D:\laragon\www\EVERYDAYMART\controllers\TransaksiController.php(108): yii\base\Controller->render('create', Array)
#13 [internal function]: app\controllers\TransaksiController->actionCreate()
#14 D:\laragon\www\EVERYDAYMART\vendor\yiisoft\yii2\base\InlineAction.php(60): call_user_func_array(Array, Array)
#15 D:\laragon\www\EVERYDAYMART\vendor\yiisoft\yii2\base\Controller.php(182): yii\base\InlineAction->runWithParams(Array)
#16 D:\laragon\www\EVERYDAYMART\vendor\yiisoft\yii2\base\Module.php(547): yii\base\Controller->runAction('create', Array)
#17 D:\laragon\www\EVERYDAYMART\vendor\yiisoft\yii2\web\Application.php(105): yii\base\Module->runAction('transaksi/creat...', Array)
#18 D:\laragon\www\EVERYDAYMART\vendor\yiisoft\yii2\base\Application.php(382): yii\web\Application->handleRequest(Object(yii\web\Request))
#19 D:\laragon\www\EVERYDAYMART\web\index.php(14): yii\base\Application->run()
#20 {main}
2026-07-31 11:00:46 [::1][1][412d8df5f518888b45044b95012ffafe][info][application] $_GET = [
    'r' => 'transaksi/create'
]

$_POST = []

$_FILES = []

$_COOKIE = [
    'PHPSESSID' => '412d8df5f518888b45044b95012ffafe'
    '_identity' => '315de64354e447141d4474079587fddbf24651f74f13e00a13a49b181dda432ba:2:{i:0;s:9:\"_identity\";i:1;s:16:\"[1,null,2592000]\";}'
    '_csrf' => '60fa7b5b48d40bc7dbe35e7613107ceaafa93531390c023900dd2ea3e1a78744a:2:{i:0;s:5:\"_csrf\";i:1;s:32:\"70nrY0qbxZD0iwXdFgClTsUoHhKJ1e0M\";}'
]

$_SESSION = [
    '__flash' => []
    '__id' => 1
    '__authKey' => null
    '__captcha/site/captcha' => 'cukoma'
    '__captcha/site/captchacount' => 1
]

$_SERVER = [
    'DOCUMENT_ROOT' => 'D:\\laragon\\www\\EVERYDAYMART\\web'
    'REMOTE_ADDR' => '::1'
    'REMOTE_PORT' => '61989'
    'SERVER_SOFTWARE' => 'PHP/8.4.13 (Development Server)'
    'SERVER_PROTOCOL' => 'HTTP/1.1'
    'SERVER_NAME' => 'localhost'
    'SERVER_PORT' => '8080'
    'REQUEST_URI' => '/index.php?r=transaksi%2Fcreate'
    'REQUEST_METHOD' => 'GET'
    'SCRIPT_NAME' => '/index.php'
    'SCRIPT_FILENAME' => 'D:\\laragon\\www\\EVERYDAYMART\\web\\index.php'
    'PHP_SELF' => '/index.php'
    'QUERY_STRING' => 'r=transaksi%2Fcreate'
    'HTTP_HOST' => 'localhost:8080'
    'HTTP_CONNECTION' => 'keep-alive'
    'HTTP_UPGRADE_INSECURE_REQUESTS' => '1'
    'HTTP_USER_AGENT' => 'Mozilla/5.0 (Windows NT 10.0; Win64; x64) AppleWebKit/537.36 (KHTML, like Gecko) Code/1.131.0 Chrome/148.0.7778.280 Electron/42.7.0 Safari/537.36'
    'HTTP_ACCEPT' => 'text/html,application/xhtml+xml,application/xml;q=0.9,image/avif,image/webp,image/apng,*/*;q=0.8,application/signed-exchange;v=b3;q=0.7'
    'HTTP_SEC_FETCH_SITE' => 'same-origin'
    'HTTP_SEC_FETCH_MODE' => 'navigate'
    'HTTP_SEC_FETCH_USER' => '?1'
    'HTTP_SEC_FETCH_DEST' => 'document'
    'HTTP_REFERER' => 'http://localhost:8080/index.php?r=transaksi%2Findex'
    'HTTP_ACCEPT_ENCODING' => 'gzip, deflate, br, zstd'
    'HTTP_ACCEPT_LANGUAGE' => 'en-US'
    'HTTP_COOKIE' => 'PHPSESSID=412d8df5f518888b45044b95012ffafe; _identity=315de64354e447141d4474079587fddbf24651f74f13e00a13a49b181dda432ba%3A2%3A%7Bi%3A0%3Bs%3A9%3A%22_identity%22%3Bi%3A1%3Bs%3A16%3A%22%5B1%2Cnull%2C2592000%5D%22%3B%7D; _csrf=60fa7b5b48d40bc7dbe35e7613107ceaafa93531390c023900dd2ea3e1a78744a%3A2%3A%7Bi%3A0%3Bs%3A5%3A%22_csrf%22%3Bi%3A1%3Bs%3A32%3A%2270nrY0qbxZD0iwXdFgClTsUoHhKJ1e0M%22%3B%7D'
    'REQUEST_TIME_FLOAT' => 1785470446.3861
    'REQUEST_TIME' => 1785470446
]
2026-07-31 11:24:37 [::1][1][412d8df5f518888b45044b95012ffafe][error][ParseError] ParseError: syntax error, unexpected token "\" in D:\laragon\www\EVERYDAYMART\controllers\TransaksiController.php:109
Stack trace:
#0 [internal function]: yii\BaseYii::autoload('app\\controllers...')
#1 D:\laragon\www\EVERYDAYMART\vendor\yiisoft\yii2\base\Module.php(662): class_exists('app\\controllers...')
#2 D:\laragon\www\EVERYDAYMART\vendor\yiisoft\yii2\base\Module.php(618): yii\base\Module->createControllerByID('transaksi')
#3 D:\laragon\www\EVERYDAYMART\vendor\yiisoft\yii2\base\Module.php(542): yii\base\Module->createController('view')
#4 D:\laragon\www\EVERYDAYMART\vendor\yiisoft\yii2\web\Application.php(105): yii\base\Module->runAction('transaksi/view', Array)
#5 D:\laragon\www\EVERYDAYMART\vendor\yiisoft\yii2\base\Application.php(382): yii\web\Application->handleRequest(Object(yii\web\Request))
#6 D:\laragon\www\EVERYDAYMART\web\index.php(14): yii\base\Application->run()
#7 {main}
2026-07-31 11:24:36 [::1][1][412d8df5f518888b45044b95012ffafe][info][application] $_GET = [
    'r' => 'transaksi/view'
    'id' => '10'
]

$_POST = []

$_FILES = []

$_COOKIE = [
    'PHPSESSID' => '412d8df5f518888b45044b95012ffafe'
    '_identity' => '315de64354e447141d4474079587fddbf24651f74f13e00a13a49b181dda432ba:2:{i:0;s:9:\"_identity\";i:1;s:16:\"[1,null,2592000]\";}'
    '_csrf' => '60fa7b5b48d40bc7dbe35e7613107ceaafa93531390c023900dd2ea3e1a78744a:2:{i:0;s:5:\"_csrf\";i:1;s:32:\"70nrY0qbxZD0iwXdFgClTsUoHhKJ1e0M\";}'
]

$_SESSION = [
    '__flash' => []
    '__id' => 1
    '__authKey' => null
    '__captcha/site/captcha' => 'cukoma'
    '__captcha/site/captchacount' => 1
]

$_SERVER = [
    'DOCUMENT_ROOT' => 'D:\\laragon\\www\\EVERYDAYMART\\web'
    'REMOTE_ADDR' => '::1'
    'REMOTE_PORT' => '52455'
    'SERVER_SOFTWARE' => 'PHP/8.4.13 (Development Server)'
    'SERVER_PROTOCOL' => 'HTTP/1.1'
    'SERVER_NAME' => 'localhost'
    'SERVER_PORT' => '8080'
    'REQUEST_URI' => '/index.php?r=transaksi%2Fview&id=10'
    'REQUEST_METHOD' => 'GET'
    'SCRIPT_NAME' => '/index.php'
    'SCRIPT_FILENAME' => 'D:\\laragon\\www\\EVERYDAYMART\\web\\index.php'
    'PHP_SELF' => '/index.php'
    'QUERY_STRING' => 'r=transaksi%2Fview&id=10'
    'HTTP_HOST' => 'localhost:8080'
    'HTTP_CONNECTION' => 'keep-alive'
    'HTTP_CACHE_CONTROL' => 'max-age=0'
    'HTTP_UPGRADE_INSECURE_REQUESTS' => '1'
    'HTTP_USER_AGENT' => 'Mozilla/5.0 (Windows NT 10.0; Win64; x64) AppleWebKit/537.36 (KHTML, like Gecko) Code/1.131.0 Chrome/148.0.7778.280 Electron/42.7.0 Safari/537.36'
    'HTTP_ACCEPT' => 'text/html,application/xhtml+xml,application/xml;q=0.9,image/avif,image/webp,image/apng,*/*;q=0.8,application/signed-exchange;v=b3;q=0.7'
    'HTTP_SEC_FETCH_SITE' => 'same-origin'
    'HTTP_SEC_FETCH_MODE' => 'navigate'
    'HTTP_SEC_FETCH_USER' => '?1'
    'HTTP_SEC_FETCH_DEST' => 'document'
    'HTTP_REFERER' => 'http://localhost:8080/index.php?r=transaksi%2Fcreate'
    'HTTP_ACCEPT_ENCODING' => 'gzip, deflate, br, zstd'
    'HTTP_ACCEPT_LANGUAGE' => 'en-US'
    'HTTP_COOKIE' => 'PHPSESSID=412d8df5f518888b45044b95012ffafe; _identity=315de64354e447141d4474079587fddbf24651f74f13e00a13a49b181dda432ba%3A2%3A%7Bi%3A0%3Bs%3A9%3A%22_identity%22%3Bi%3A1%3Bs%3A16%3A%22%5B1%2Cnull%2C2592000%5D%22%3B%7D; _csrf=60fa7b5b48d40bc7dbe35e7613107ceaafa93531390c023900dd2ea3e1a78744a%3A2%3A%7Bi%3A0%3Bs%3A5%3A%22_csrf%22%3Bi%3A1%3Bs%3A32%3A%2270nrY0qbxZD0iwXdFgClTsUoHhKJ1e0M%22%3B%7D'
    'REQUEST_TIME_FLOAT' => 1785471876.6852
    'REQUEST_TIME' => 1785471876
]
2026-08-03 12:12:48 [::1][-][-][warning][yii\web\User::getIdentityAndDurationFromCookie] Invalid cookie auth key attempted for user '1' from ::1: 
2026-08-03 12:12:45 [::1][-][-][info][application] $_GET = [
    'r' => 'barang/index'
]

$_POST = []

$_FILES = []

$_COOKIE = [
    '_identity' => '315de64354e447141d4474079587fddbf24651f74f13e00a13a49b181dda432ba:2:{i:0;s:9:\"_identity\";i:1;s:16:\"[1,null,2592000]\";}'
]

$_SERVER = [
    'DOCUMENT_ROOT' => 'D:\\laragon\\www\\EVERYDAYMART\\web'
    'REMOTE_ADDR' => '::1'
    'REMOTE_PORT' => '64259'
    'SERVER_SOFTWARE' => 'PHP/8.4.13 (Development Server)'
    'SERVER_PROTOCOL' => 'HTTP/1.1'
    'SERVER_NAME' => 'localhost'
    'SERVER_PORT' => '8080'
    'REQUEST_URI' => '/index.php?r=barang%2Findex'
    'REQUEST_METHOD' => 'GET'
    'SCRIPT_NAME' => '/index.php'
    'SCRIPT_FILENAME' => 'D:\\laragon\\www\\EVERYDAYMART\\web\\index.php'
    'PHP_SELF' => '/index.php'
    'QUERY_STRING' => 'r=barang%2Findex'
    'HTTP_HOST' => 'localhost:8080'
    'HTTP_CONNECTION' => 'keep-alive'
    'HTTP_CACHE_CONTROL' => 'max-age=0'
    'HTTP_UPGRADE_INSECURE_REQUESTS' => '1'
    'HTTP_USER_AGENT' => 'Mozilla/5.0 (Windows NT 10.0; Win64; x64) AppleWebKit/537.36 (KHTML, like Gecko) Code/1.131.0 Chrome/148.0.7778.280 Electron/42.7.0 Safari/537.36'
    'HTTP_ACCEPT' => 'text/html,application/xhtml+xml,application/xml;q=0.9,image/avif,image/webp,image/apng,*/*;q=0.8,application/signed-exchange;v=b3;q=0.7'
    'HTTP_SEC_FETCH_SITE' => 'none'
    'HTTP_SEC_FETCH_MODE' => 'navigate'
    'HTTP_SEC_FETCH_USER' => '?1'
    'HTTP_SEC_FETCH_DEST' => 'document'
    'HTTP_ACCEPT_ENCODING' => 'gzip, deflate, br, zstd'
    'HTTP_ACCEPT_LANGUAGE' => 'en-US'
    'HTTP_COOKIE' => '_identity=315de64354e447141d4474079587fddbf24651f74f13e00a13a49b181dda432ba%3A2%3A%7Bi%3A0%3Bs%3A9%3A%22_identity%22%3Bi%3A1%3Bs%3A16%3A%22%5B1%2Cnull%2C2592000%5D%22%3B%7D'
    'REQUEST_TIME_FLOAT' => 1785733965.072
    'REQUEST_TIME' => 1785733965
]
2026-08-03 15:28:51 [::1][1][b60af10a2e7d1708df853bf2f3206620][error][yii\base\ErrorException:1] yii\base\ErrorException: Trait "Yii\data\ActiveDataProvider" not found in D:\laragon\www\EVERYDAYMART\controllers\TransaksiController.php:18
Stack trace:
#0 [internal function]: yii\base\ErrorHandler->handleFatalError()
#1 {main}
2026-08-03 15:28:50 [::1][1][b60af10a2e7d1708df853bf2f3206620][info][application] $_GET = [
    'r' => 'transaksi/laporan'
]

$_POST = []

$_FILES = []

$_COOKIE = [
    'PHPSESSID' => 'b60af10a2e7d1708df853bf2f3206620'
    '_identity' => '315de64354e447141d4474079587fddbf24651f74f13e00a13a49b181dda432ba:2:{i:0;s:9:\"_identity\";i:1;s:16:\"[1,null,2592000]\";}'
    '_csrf' => '7f8cb000f5361ac5f90a98695d8711dee3740e12bc6e21a19b13f4fcd9d673e5a:2:{i:0;s:5:\"_csrf\";i:1;s:32:\"-xHSiBdihCKLEKwppwzjw97v2ubeSfn2\";}'
]

$_SESSION = [
    '__flash' => []
    '__id' => 1
    '__authKey' => null
]

$_SERVER = [
    'DOCUMENT_ROOT' => 'D:\\laragon\\www\\EVERYDAYMART\\web'
    'REMOTE_ADDR' => '::1'
    'REMOTE_PORT' => '58859'
    'SERVER_SOFTWARE' => 'PHP/8.4.13 (Development Server)'
    'SERVER_PROTOCOL' => 'HTTP/1.1'
    'SERVER_NAME' => 'localhost'
    'SERVER_PORT' => '8080'
    'REQUEST_URI' => '/index.php?r=transaksi%2Flaporan'
    'REQUEST_METHOD' => 'GET'
    'SCRIPT_NAME' => '/index.php'
    'SCRIPT_FILENAME' => 'D:\\laragon\\www\\EVERYDAYMART\\web\\index.php'
    'PHP_SELF' => '/index.php'
    'QUERY_STRING' => 'r=transaksi%2Flaporan'
    'HTTP_HOST' => 'localhost:8080'
    'HTTP_CONNECTION' => 'keep-alive'
    'HTTP_UPGRADE_INSECURE_REQUESTS' => '1'
    'HTTP_USER_AGENT' => 'Mozilla/5.0 (Windows NT 10.0; Win64; x64) AppleWebKit/537.36 (KHTML, like Gecko) Code/1.131.0 Chrome/148.0.7778.280 Electron/42.7.0 Safari/537.36'
    'HTTP_ACCEPT' => 'text/html,application/xhtml+xml,application/xml;q=0.9,image/avif,image/webp,image/apng,*/*;q=0.8,application/signed-exchange;v=b3;q=0.7'
    'HTTP_SEC_FETCH_SITE' => 'same-origin'
    'HTTP_SEC_FETCH_MODE' => 'navigate'
    'HTTP_SEC_FETCH_USER' => '?1'
    'HTTP_SEC_FETCH_DEST' => 'document'
    'HTTP_REFERER' => 'http://localhost:8080/index.php?r=site%2Findex'
    'HTTP_ACCEPT_ENCODING' => 'gzip, deflate, br, zstd'
    'HTTP_ACCEPT_LANGUAGE' => 'en-US'
    'HTTP_COOKIE' => 'PHPSESSID=b60af10a2e7d1708df853bf2f3206620; _identity=315de64354e447141d4474079587fddbf24651f74f13e00a13a49b181dda432ba%3A2%3A%7Bi%3A0%3Bs%3A9%3A%22_identity%22%3Bi%3A1%3Bs%3A16%3A%22%5B1%2Cnull%2C2592000%5D%22%3B%7D; _csrf=7f8cb000f5361ac5f90a98695d8711dee3740e12bc6e21a19b13f4fcd9d673e5a%3A2%3A%7Bi%3A0%3Bs%3A5%3A%22_csrf%22%3Bi%3A1%3Bs%3A32%3A%22-xHSiBdihCKLEKwppwzjw97v2ubeSfn2%22%3B%7D'
    'REQUEST_TIME_FLOAT' => 1785745730.844
    'REQUEST_TIME' => 1785745730
]
2026-08-04 09:22:31 [::1][-][-][warning][yii\web\User::getIdentityAndDurationFromCookie] Invalid cookie auth key attempted for user '1' from ::1: 
2026-08-04 09:22:25 [::1][-][-][info][application] $_GET = [
    'r' => 'transaksi/laporan'
]

$_POST = []

$_FILES = []

$_COOKIE = [
    '_identity' => '315de64354e447141d4474079587fddbf24651f74f13e00a13a49b181dda432ba:2:{i:0;s:9:\"_identity\";i:1;s:16:\"[1,null,2592000]\";}'
]

$_SERVER = [
    'DOCUMENT_ROOT' => 'D:\\laragon\\www\\EVERYDAYMART\\web'
    'REMOTE_ADDR' => '::1'
    'REMOTE_PORT' => '58376'
    'SERVER_SOFTWARE' => 'PHP/8.4.13 (Development Server)'
    'SERVER_PROTOCOL' => 'HTTP/1.1'
    'SERVER_NAME' => 'localhost'
    'SERVER_PORT' => '8080'
    'REQUEST_URI' => '/index.php?r=transaksi%2Flaporan'
    'REQUEST_METHOD' => 'GET'
    'SCRIPT_NAME' => '/index.php'
    'SCRIPT_FILENAME' => 'D:\\laragon\\www\\EVERYDAYMART\\web\\index.php'
    'PHP_SELF' => '/index.php'
    'QUERY_STRING' => 'r=transaksi%2Flaporan'
    'HTTP_HOST' => 'localhost:8080'
    'HTTP_CONNECTION' => 'keep-alive'
    'HTTP_CACHE_CONTROL' => 'max-age=0'
    'HTTP_UPGRADE_INSECURE_REQUESTS' => '1'
    'HTTP_USER_AGENT' => 'Mozilla/5.0 (Windows NT 10.0; Win64; x64) AppleWebKit/537.36 (KHTML, like Gecko) Code/1.131.0 Chrome/148.0.7778.280 Electron/42.7.0 Safari/537.36'
    'HTTP_ACCEPT' => 'text/html,application/xhtml+xml,application/xml;q=0.9,image/avif,image/webp,image/apng,*/*;q=0.8,application/signed-exchange;v=b3;q=0.7'
    'HTTP_SEC_FETCH_SITE' => 'none'
    'HTTP_SEC_FETCH_MODE' => 'navigate'
    'HTTP_SEC_FETCH_USER' => '?1'
    'HTTP_SEC_FETCH_DEST' => 'document'
    'HTTP_ACCEPT_ENCODING' => 'gzip, deflate, br, zstd'
    'HTTP_ACCEPT_LANGUAGE' => 'en-US'
    'HTTP_COOKIE' => '_identity=315de64354e447141d4474079587fddbf24651f74f13e00a13a49b181dda432ba%3A2%3A%7Bi%3A0%3Bs%3A9%3A%22_identity%22%3Bi%3A1%3Bs%3A16%3A%22%5B1%2Cnull%2C2592000%5D%22%3B%7D'
    'REQUEST_TIME_FLOAT' => 1785810145.1366
    'REQUEST_TIME' => 1785810145
]
2026-08-04 13:04:30 [::1][-][-][warning][yii\web\User::getIdentityAndDurationFromCookie] Invalid cookie auth key attempted for user '1' from ::1: 
2026-08-04 13:04:21 [::1][-][-][info][application] $_GET = [
    'r' => 'transaksi/laporan'
]

$_POST = []

$_FILES = []

$_COOKIE = [
    '_identity' => '315de64354e447141d4474079587fddbf24651f74f13e00a13a49b181dda432ba:2:{i:0;s:9:\"_identity\";i:1;s:16:\"[1,null,2592000]\";}'
]

$_SERVER = [
    'DOCUMENT_ROOT' => 'D:\\laragon\\www\\EVERYDAYMART\\web'
    'REMOTE_ADDR' => '::1'
    'REMOTE_PORT' => '53272'
    'SERVER_SOFTWARE' => 'PHP/8.4.13 (Development Server)'
    'SERVER_PROTOCOL' => 'HTTP/1.1'
    'SERVER_NAME' => 'localhost'
    'SERVER_PORT' => '8080'
    'REQUEST_URI' => '/index.php?r=transaksi%2Flaporan'
    'REQUEST_METHOD' => 'GET'
    'SCRIPT_NAME' => '/index.php'
    'SCRIPT_FILENAME' => 'D:\\laragon\\www\\EVERYDAYMART\\web\\index.php'
    'PHP_SELF' => '/index.php'
    'QUERY_STRING' => 'r=transaksi%2Flaporan'
    'HTTP_HOST' => 'localhost:8080'
    'HTTP_CONNECTION' => 'keep-alive'
    'HTTP_CACHE_CONTROL' => 'max-age=0'
    'HTTP_UPGRADE_INSECURE_REQUESTS' => '1'
    'HTTP_USER_AGENT' => 'Mozilla/5.0 (Windows NT 10.0; Win64; x64) AppleWebKit/537.36 (KHTML, like Gecko) Code/1.131.0 Chrome/148.0.7778.280 Electron/42.7.0 Safari/537.36'
    'HTTP_ACCEPT' => 'text/html,application/xhtml+xml,application/xml;q=0.9,image/avif,image/webp,image/apng,*/*;q=0.8,application/signed-exchange;v=b3;q=0.7'
    'HTTP_SEC_FETCH_SITE' => 'none'
    'HTTP_SEC_FETCH_MODE' => 'navigate'
    'HTTP_SEC_FETCH_USER' => '?1'
    'HTTP_SEC_FETCH_DEST' => 'document'
    'HTTP_ACCEPT_ENCODING' => 'gzip, deflate, br, zstd'
    'HTTP_ACCEPT_LANGUAGE' => 'en-US'
    'HTTP_COOKIE' => '_identity=315de64354e447141d4474079587fddbf24651f74f13e00a13a49b181dda432ba%3A2%3A%7Bi%3A0%3Bs%3A9%3A%22_identity%22%3Bi%3A1%3Bs%3A16%3A%22%5B1%2Cnull%2C2592000%5D%22%3B%7D'
    'REQUEST_TIME_FLOAT' => 1785823461.6087
    'REQUEST_TIME' => 1785823461
]
2026-08-04 13:39:37 [::1][3][8b939e6ca7d49bfc684f351cf33e8107][error][yii\base\UnknownMethodException] yii\base\UnknownMethodException: Calling unknown method: app\models\User::isKasir() in D:\laragon\www\EVERYDAYMART\vendor\yiisoft\yii2\base\Component.php:315
Stack trace:
#0 D:\laragon\www\EVERYDAYMART\controllers\TransaksiController.php(197): yii\base\Component->__call('isKasir', Array)
#1 [internal function]: app\controllers\TransaksiController->actionLaporan()
#2 D:\laragon\www\EVERYDAYMART\vendor\yiisoft\yii2\base\InlineAction.php(60): call_user_func_array(Array, Array)
#3 D:\laragon\www\EVERYDAYMART\vendor\yiisoft\yii2\base\Controller.php(182): yii\base\InlineAction->runWithParams(Array)
#4 D:\laragon\www\EVERYDAYMART\vendor\yiisoft\yii2\base\Module.php(547): yii\base\Controller->runAction('laporan', Array)
#5 D:\laragon\www\EVERYDAYMART\vendor\yiisoft\yii2\web\Application.php(105): yii\base\Module->runAction('transaksi/lapor...', Array)
#6 D:\laragon\www\EVERYDAYMART\vendor\yiisoft\yii2\base\Application.php(382): yii\web\Application->handleRequest(Object(yii\web\Request))
#7 D:\laragon\www\EVERYDAYMART\web\index.php(14): yii\base\Application->run()
#8 {main}
2026-08-04 13:39:36 [::1][3][8b939e6ca7d49bfc684f351cf33e8107][info][application] $_GET = [
    'r' => 'transaksi/laporan'
]

$_POST = []

$_FILES = []

$_COOKIE = [
    'PHPSESSID' => '8b939e6ca7d49bfc684f351cf33e8107'
    '_identity' => 'ef7d999dd16846b4ca752da9ffc96ccc3926929c8867673a4a424da8437c5ffba:2:{i:0;s:9:\"_identity\";i:1;s:16:\"[3,null,2592000]\";}'
    '_csrf' => '7c3a21a642db2ddd8680a89d713fc03e77308fabca33981576f7d8254030d5d4a:2:{i:0;s:5:\"_csrf\";i:1;s:32:\"e7g2oHWJyvM1uJX7li2__3GF1ark0AUV\";}'
]

$_SESSION = [
    '__flash' => []
    '__id' => 3
    '__authKey' => null
]

$_SERVER = [
    'DOCUMENT_ROOT' => 'D:\\laragon\\www\\EVERYDAYMART\\web'
    'REMOTE_ADDR' => '::1'
    'REMOTE_PORT' => '50769'
    'SERVER_SOFTWARE' => 'PHP/8.4.13 (Development Server)'
    'SERVER_PROTOCOL' => 'HTTP/1.1'
    'SERVER_NAME' => 'localhost'
    'SERVER_PORT' => '8080'
    'REQUEST_URI' => '/index.php?r=transaksi%2Flaporan'
    'REQUEST_METHOD' => 'GET'
    'SCRIPT_NAME' => '/index.php'
    'SCRIPT_FILENAME' => 'D:\\laragon\\www\\EVERYDAYMART\\web\\index.php'
    'PHP_SELF' => '/index.php'
    'QUERY_STRING' => 'r=transaksi%2Flaporan'
    'HTTP_HOST' => 'localhost:8080'
    'HTTP_CONNECTION' => 'keep-alive'
    'HTTP_UPGRADE_INSECURE_REQUESTS' => '1'
    'HTTP_USER_AGENT' => 'Mozilla/5.0 (Windows NT 10.0; Win64; x64) AppleWebKit/537.36 (KHTML, like Gecko) Code/1.131.0 Chrome/148.0.7778.280 Electron/42.7.0 Safari/537.36'
    'HTTP_ACCEPT' => 'text/html,application/xhtml+xml,application/xml;q=0.9,image/avif,image/webp,image/apng,*/*;q=0.8,application/signed-exchange;v=b3;q=0.7'
    'HTTP_SEC_FETCH_SITE' => 'same-origin'
    'HTTP_SEC_FETCH_MODE' => 'navigate'
    'HTTP_SEC_FETCH_USER' => '?1'
    'HTTP_SEC_FETCH_DEST' => 'document'
    'HTTP_REFERER' => 'http://localhost:8080/index.php'
    'HTTP_ACCEPT_ENCODING' => 'gzip, deflate, br, zstd'
    'HTTP_ACCEPT_LANGUAGE' => 'en-US'
    'HTTP_COOKIE' => 'PHPSESSID=8b939e6ca7d49bfc684f351cf33e8107; _identity=ef7d999dd16846b4ca752da9ffc96ccc3926929c8867673a4a424da8437c5ffba%3A2%3A%7Bi%3A0%3Bs%3A9%3A%22_identity%22%3Bi%3A1%3Bs%3A16%3A%22%5B3%2Cnull%2C2592000%5D%22%3B%7D; _csrf=7c3a21a642db2ddd8680a89d713fc03e77308fabca33981576f7d8254030d5d4a%3A2%3A%7Bi%3A0%3Bs%3A5%3A%22_csrf%22%3Bi%3A1%3Bs%3A32%3A%22e7g2oHWJyvM1uJX7li2__3GF1ark0AUV%22%3B%7D'
    'REQUEST_TIME_FLOAT' => 1785825576.8748
    'REQUEST_TIME' => 1785825576
]
2026-08-05 11:30:33 [::1][-][-][warning][yii\web\User::getIdentityAndDurationFromCookie] Invalid cookie auth key attempted for user '3' from ::1: 
2026-08-05 11:30:30 [::1][-][-][info][application] $_GET = []

$_POST = []

$_FILES = []

$_COOKIE = [
    '_identity' => 'ef7d999dd16846b4ca752da9ffc96ccc3926929c8867673a4a424da8437c5ffba:2:{i:0;s:9:\"_identity\";i:1;s:16:\"[3,null,2592000]\";}'
]

$_SERVER = [
    'DOCUMENT_ROOT' => 'D:\\laragon\\www\\EVERYDAYMART\\web'
    'REMOTE_ADDR' => '::1'
    'REMOTE_PORT' => '50779'
    'SERVER_SOFTWARE' => 'PHP/8.4.13 (Development Server)'
    'SERVER_PROTOCOL' => 'HTTP/1.1'
    'SERVER_NAME' => 'localhost'
    'SERVER_PORT' => '8080'
    'REQUEST_URI' => '/'
    'REQUEST_METHOD' => 'GET'
    'SCRIPT_NAME' => '/index.php'
    'SCRIPT_FILENAME' => 'D:\\laragon\\www\\EVERYDAYMART\\web\\index.php'
    'PHP_SELF' => '/index.php'
    'HTTP_HOST' => 'localhost:8080'
    'HTTP_CONNECTION' => 'keep-alive'
    'HTTP_UPGRADE_INSECURE_REQUESTS' => '1'
    'HTTP_USER_AGENT' => 'Mozilla/5.0 (Windows NT 10.0; Win64; x64) AppleWebKit/537.36 (KHTML, like Gecko) Code/1.131.0 Chrome/148.0.7778.280 Electron/42.7.0 Safari/537.36'
    'HTTP_ACCEPT' => 'text/html,application/xhtml+xml,application/xml;q=0.9,image/avif,image/webp,image/apng,*/*;q=0.8,application/signed-exchange;v=b3;q=0.7'
    'HTTP_SEC_FETCH_SITE' => 'none'
    'HTTP_SEC_FETCH_MODE' => 'navigate'
    'HTTP_SEC_FETCH_USER' => '?1'
    'HTTP_SEC_FETCH_DEST' => 'document'
    'HTTP_ACCEPT_ENCODING' => 'gzip, deflate, br, zstd'
    'HTTP_ACCEPT_LANGUAGE' => 'en-US'
    'HTTP_COOKIE' => '_identity=ef7d999dd16846b4ca752da9ffc96ccc3926929c8867673a4a424da8437c5ffba%3A2%3A%7Bi%3A0%3Bs%3A9%3A%22_identity%22%3Bi%3A1%3Bs%3A16%3A%22%5B3%2Cnull%2C2592000%5D%22%3B%7D'
    'REQUEST_TIME_FLOAT' => 1785904229.9628
    'REQUEST_TIME' => 1785904229
]
2026-08-05 11:30:56 [::1][3][62c9c16cdc7c01b522c249cb882daf62][error][yii\base\UnknownMethodException] yii\base\UnknownMethodException: Calling unknown method: app\models\User::isKasir() in D:\laragon\www\EVERYDAYMART\vendor\yiisoft\yii2\base\Component.php:315
Stack trace:
#0 D:\laragon\www\EVERYDAYMART\controllers\TransaksiController.php(178): yii\base\Component->__call('isKasir', Array)
#1 [internal function]: app\controllers\TransaksiController->actionLaporan()
#2 D:\laragon\www\EVERYDAYMART\vendor\yiisoft\yii2\base\InlineAction.php(60): call_user_func_array(Array, Array)
#3 D:\laragon\www\EVERYDAYMART\vendor\yiisoft\yii2\base\Controller.php(182): yii\base\InlineAction->runWithParams(Array)
#4 D:\laragon\www\EVERYDAYMART\vendor\yiisoft\yii2\base\Module.php(547): yii\base\Controller->runAction('laporan', Array)
#5 D:\laragon\www\EVERYDAYMART\vendor\yiisoft\yii2\web\Application.php(105): yii\base\Module->runAction('transaksi/lapor...', Array)
#6 D:\laragon\www\EVERYDAYMART\vendor\yiisoft\yii2\base\Application.php(382): yii\web\Application->handleRequest(Object(yii\web\Request))
#7 D:\laragon\www\EVERYDAYMART\web\index.php(14): yii\base\Application->run()
#8 {main}
2026-08-05 11:30:55 [::1][3][62c9c16cdc7c01b522c249cb882daf62][info][application] $_GET = [
    'r' => 'transaksi/laporan'
]

$_POST = []

$_FILES = []

$_COOKIE = [
    'PHPSESSID' => '62c9c16cdc7c01b522c249cb882daf62'
    '_identity' => 'ef7d999dd16846b4ca752da9ffc96ccc3926929c8867673a4a424da8437c5ffba:2:{i:0;s:9:\"_identity\";i:1;s:16:\"[3,null,2592000]\";}'
    '_csrf' => 'ad910826811ba7c43995ac8827529f2db0732bbe80d0432768c7cb4ebd3aa0f2a:2:{i:0;s:5:\"_csrf\";i:1;s:32:\"aOShv0wlhHGoNj1wKsnH3iaNiOtavT8Z\";}'
]

$_SESSION = [
    '__flash' => []
    '__id' => 3
    '__authKey' => null
]

$_SERVER = [
    'DOCUMENT_ROOT' => 'D:\\laragon\\www\\EVERYDAYMART\\web'
    'REMOTE_ADDR' => '::1'
    'REMOTE_PORT' => '53364'
    'SERVER_SOFTWARE' => 'PHP/8.4.13 (Development Server)'
    'SERVER_PROTOCOL' => 'HTTP/1.1'
    'SERVER_NAME' => 'localhost'
    'SERVER_PORT' => '8080'
    'REQUEST_URI' => '/index.php?r=transaksi%2Flaporan'
    'REQUEST_METHOD' => 'GET'
    'SCRIPT_NAME' => '/index.php'
    'SCRIPT_FILENAME' => 'D:\\laragon\\www\\EVERYDAYMART\\web\\index.php'
    'PHP_SELF' => '/index.php'
    'QUERY_STRING' => 'r=transaksi%2Flaporan'
    'HTTP_HOST' => 'localhost:8080'
    'HTTP_CONNECTION' => 'keep-alive'
    'HTTP_UPGRADE_INSECURE_REQUESTS' => '1'
    'HTTP_USER_AGENT' => 'Mozilla/5.0 (Windows NT 10.0; Win64; x64) AppleWebKit/537.36 (KHTML, like Gecko) Code/1.131.0 Chrome/148.0.7778.280 Electron/42.7.0 Safari/537.36'
    'HTTP_ACCEPT' => 'text/html,application/xhtml+xml,application/xml;q=0.9,image/avif,image/webp,image/apng,*/*;q=0.8,application/signed-exchange;v=b3;q=0.7'
    'HTTP_SEC_FETCH_SITE' => 'same-origin'
    'HTTP_SEC_FETCH_MODE' => 'navigate'
    'HTTP_SEC_FETCH_USER' => '?1'
    'HTTP_SEC_FETCH_DEST' => 'document'
    'HTTP_REFERER' => 'http://localhost:8080/index.php'
    'HTTP_ACCEPT_ENCODING' => 'gzip, deflate, br, zstd'
    'HTTP_ACCEPT_LANGUAGE' => 'en-US'
    'HTTP_COOKIE' => 'PHPSESSID=62c9c16cdc7c01b522c249cb882daf62; _identity=ef7d999dd16846b4ca752da9ffc96ccc3926929c8867673a4a424da8437c5ffba%3A2%3A%7Bi%3A0%3Bs%3A9%3A%22_identity%22%3Bi%3A1%3Bs%3A16%3A%22%5B3%2Cnull%2C2592000%5D%22%3B%7D; _csrf=ad910826811ba7c43995ac8827529f2db0732bbe80d0432768c7cb4ebd3aa0f2a%3A2%3A%7Bi%3A0%3Bs%3A5%3A%22_csrf%22%3Bi%3A1%3Bs%3A32%3A%22aOShv0wlhHGoNj1wKsnH3iaNiOtavT8Z%22%3B%7D'
    'REQUEST_TIME_FLOAT' => 1785904255.5712
    'REQUEST_TIME' => 1785904255
]
2026-08-10 13:31:47 [::1][4][a3eea269d022d4f6eadfef576e3162c0][error][Error] Error: Class "app\models\StokBarangSearch" not found in D:\laragon\www\EVERYDAYMART\controllers\StokBarangController.php:34
Stack trace:
#0 [internal function]: app\controllers\StokBarangController->actionIndex()
#1 D:\laragon\www\EVERYDAYMART\vendor\yiisoft\yii2\base\InlineAction.php(60): call_user_func_array(Array, Array)
#2 D:\laragon\www\EVERYDAYMART\vendor\yiisoft\yii2\base\Controller.php(182): yii\base\InlineAction->runWithParams(Array)
#3 D:\laragon\www\EVERYDAYMART\vendor\yiisoft\yii2\base\Module.php(547): yii\base\Controller->runAction('index', Array)
#4 D:\laragon\www\EVERYDAYMART\vendor\yiisoft\yii2\web\Application.php(105): yii\base\Module->runAction('stok-barang/ind...', Array)
#5 D:\laragon\www\EVERYDAYMART\vendor\yiisoft\yii2\base\Application.php(382): yii\web\Application->handleRequest(Object(yii\web\Request))
#6 D:\laragon\www\EVERYDAYMART\web\index.php(14): yii\base\Application->run()
#7 {main}
2026-08-10 13:31:47 [::1][4][a3eea269d022d4f6eadfef576e3162c0][info][application] $_GET = [
    'r' => 'stok-barang/index'
]

$_POST = []

$_FILES = []

$_COOKIE = [
    'PHPSESSID' => 'a3eea269d022d4f6eadfef576e3162c0'
    '_identity' => 'ac2c463fcf96c34dec487364b83ebcc70e8c43ec24234321a22daa27b4cd3322a:2:{i:0;s:9:\"_identity\";i:1;s:16:\"[4,null,2592000]\";}'
    '_csrf' => 'db6c33d67c0c1337c750ddc033e2fb5f37e6fa3b9481de0957a973e0e2a666f0a:2:{i:0;s:5:\"_csrf\";i:1;s:32:\"wL0J-t9loV0EW3CWSX74_gUZxAhJehHV\";}'
]

$_SESSION = [
    '__flash' => []
    '__id' => 4
    '__authKey' => null
]

$_SERVER = [
    'DOCUMENT_ROOT' => 'D:\\laragon\\www\\EVERYDAYMART\\web'
    'REMOTE_ADDR' => '::1'
    'REMOTE_PORT' => '63065'
    'SERVER_SOFTWARE' => 'PHP/8.4.13 (Development Server)'
    'SERVER_PROTOCOL' => 'HTTP/1.1'
    'SERVER_NAME' => 'localhost'
    'SERVER_PORT' => '8080'
    'REQUEST_URI' => '/index.php?r=stok-barang%2Findex'
    'REQUEST_METHOD' => 'GET'
    'SCRIPT_NAME' => '/index.php'
    'SCRIPT_FILENAME' => 'D:\\laragon\\www\\EVERYDAYMART\\web\\index.php'
    'PHP_SELF' => '/index.php'
    'QUERY_STRING' => 'r=stok-barang%2Findex'
    'HTTP_HOST' => 'localhost:8080'
    'HTTP_CONNECTION' => 'keep-alive'
    'HTTP_UPGRADE_INSECURE_REQUESTS' => '1'
    'HTTP_USER_AGENT' => 'Mozilla/5.0 (Windows NT 10.0; Win64; x64) AppleWebKit/537.36 (KHTML, like Gecko) Code/1.131.0 Chrome/148.0.7778.280 Electron/42.7.0 Safari/537.36'
    'HTTP_ACCEPT' => 'text/html,application/xhtml+xml,application/xml;q=0.9,image/avif,image/webp,image/apng,*/*;q=0.8,application/signed-exchange;v=b3;q=0.7'
    'HTTP_SEC_FETCH_SITE' => 'same-origin'
    'HTTP_SEC_FETCH_MODE' => 'navigate'
    'HTTP_SEC_FETCH_USER' => '?1'
    'HTTP_SEC_FETCH_DEST' => 'document'
    'HTTP_REFERER' => 'http://localhost:8080/index.php'
    'HTTP_ACCEPT_ENCODING' => 'gzip, deflate, br, zstd'
    'HTTP_ACCEPT_LANGUAGE' => 'en-US'
    'HTTP_COOKIE' => 'PHPSESSID=a3eea269d022d4f6eadfef576e3162c0; _identity=ac2c463fcf96c34dec487364b83ebcc70e8c43ec24234321a22daa27b4cd3322a%3A2%3A%7Bi%3A0%3Bs%3A9%3A%22_identity%22%3Bi%3A1%3Bs%3A16%3A%22%5B4%2Cnull%2C2592000%5D%22%3B%7D; _csrf=db6c33d67c0c1337c750ddc033e2fb5f37e6fa3b9481de0957a973e0e2a666f0a%3A2%3A%7Bi%3A0%3Bs%3A5%3A%22_csrf%22%3Bi%3A1%3Bs%3A32%3A%22wL0J-t9loV0EW3CWSX74_gUZxAhJehHV%22%3B%7D'
    'REQUEST_TIME_FLOAT' => 1786343507.149
    'REQUEST_TIME' => 1786343507
]
2026-08-10 13:33:03 [::1][4][a3eea269d022d4f6eadfef576e3162c0][error][Error] Error: Class "app\models\StokBarangSearch" not found in D:\laragon\www\EVERYDAYMART\controllers\StokBarangController.php:34
Stack trace:
#0 [internal function]: app\controllers\StokBarangController->actionIndex()
#1 D:\laragon\www\EVERYDAYMART\vendor\yiisoft\yii2\base\InlineAction.php(60): call_user_func_array(Array, Array)
#2 D:\laragon\www\EVERYDAYMART\vendor\yiisoft\yii2\base\Controller.php(182): yii\base\InlineAction->runWithParams(Array)
#3 D:\laragon\www\EVERYDAYMART\vendor\yiisoft\yii2\base\Module.php(547): yii\base\Controller->runAction('index', Array)
#4 D:\laragon\www\EVERYDAYMART\vendor\yiisoft\yii2\web\Application.php(105): yii\base\Module->runAction('stok-barang/ind...', Array)
#5 D:\laragon\www\EVERYDAYMART\vendor\yiisoft\yii2\base\Application.php(382): yii\web\Application->handleRequest(Object(yii\web\Request))
#6 D:\laragon\www\EVERYDAYMART\web\index.php(14): yii\base\Application->run()
#7 {main}
2026-08-10 13:33:02 [::1][4][a3eea269d022d4f6eadfef576e3162c0][info][application] $_GET = [
    'r' => 'stok-barang/index'
]

$_POST = []

$_FILES = []

$_COOKIE = [
    'PHPSESSID' => 'a3eea269d022d4f6eadfef576e3162c0'
    '_identity' => 'ac2c463fcf96c34dec487364b83ebcc70e8c43ec24234321a22daa27b4cd3322a:2:{i:0;s:9:\"_identity\";i:1;s:16:\"[4,null,2592000]\";}'
    '_csrf' => 'db6c33d67c0c1337c750ddc033e2fb5f37e6fa3b9481de0957a973e0e2a666f0a:2:{i:0;s:5:\"_csrf\";i:1;s:32:\"wL0J-t9loV0EW3CWSX74_gUZxAhJehHV\";}'
]

$_SESSION = [
    '__flash' => []
    '__id' => 4
    '__authKey' => null
]

$_SERVER = [
    'DOCUMENT_ROOT' => 'D:\\laragon\\www\\EVERYDAYMART\\web'
    'REMOTE_ADDR' => '::1'
    'REMOTE_PORT' => '62303'
    'SERVER_SOFTWARE' => 'PHP/8.4.13 (Development Server)'
    'SERVER_PROTOCOL' => 'HTTP/1.1'
    'SERVER_NAME' => 'localhost'
    'SERVER_PORT' => '8080'
    'REQUEST_URI' => '/index.php?r=stok-barang%2Findex'
    'REQUEST_METHOD' => 'GET'
    'SCRIPT_NAME' => '/index.php'
    'SCRIPT_FILENAME' => 'D:\\laragon\\www\\EVERYDAYMART\\web\\index.php'
    'PHP_SELF' => '/index.php'
    'QUERY_STRING' => 'r=stok-barang%2Findex'
    'HTTP_HOST' => 'localhost:8080'
    'HTTP_CONNECTION' => 'keep-alive'
    'HTTP_UPGRADE_INSECURE_REQUESTS' => '1'
    'HTTP_USER_AGENT' => 'Mozilla/5.0 (Windows NT 10.0; Win64; x64) AppleWebKit/537.36 (KHTML, like Gecko) Code/1.131.0 Chrome/148.0.7778.280 Electron/42.7.0 Safari/537.36'
    'HTTP_ACCEPT' => 'text/html,application/xhtml+xml,application/xml;q=0.9,image/avif,image/webp,image/apng,*/*;q=0.8,application/signed-exchange;v=b3;q=0.7'
    'HTTP_SEC_FETCH_SITE' => 'same-origin'
    'HTTP_SEC_FETCH_MODE' => 'navigate'
    'HTTP_SEC_FETCH_USER' => '?1'
    'HTTP_SEC_FETCH_DEST' => 'document'
    'HTTP_REFERER' => 'http://localhost:8080/index.php?r=stok-barang%2Fcreate'
    'HTTP_ACCEPT_ENCODING' => 'gzip, deflate, br, zstd'
    'HTTP_ACCEPT_LANGUAGE' => 'en-US'
    'HTTP_COOKIE' => 'PHPSESSID=a3eea269d022d4f6eadfef576e3162c0; _identity=ac2c463fcf96c34dec487364b83ebcc70e8c43ec24234321a22daa27b4cd3322a%3A2%3A%7Bi%3A0%3Bs%3A9%3A%22_identity%22%3Bi%3A1%3Bs%3A16%3A%22%5B4%2Cnull%2C2592000%5D%22%3B%7D; _csrf=db6c33d67c0c1337c750ddc033e2fb5f37e6fa3b9481de0957a973e0e2a666f0a%3A2%3A%7Bi%3A0%3Bs%3A5%3A%22_csrf%22%3Bi%3A1%3Bs%3A32%3A%22wL0J-t9loV0EW3CWSX74_gUZxAhJehHV%22%3B%7D'
    'REQUEST_TIME_FLOAT' => 1786343582.7885
    'REQUEST_TIME' => 1786343582
]
2026-08-11 10:05:46 [::1][-][-][warning][yii\web\User::getIdentityAndDurationFromCookie] Invalid cookie auth key attempted for user '3' from ::1: 
2026-08-11 10:05:42 [::1][-][-][info][application] $_GET = [
    'r' => 'transaksi/view'
    'id' => '15'
]

$_POST = []

$_FILES = []

$_COOKIE = [
    '_identity' => 'ef7d999dd16846b4ca752da9ffc96ccc3926929c8867673a4a424da8437c5ffba:2:{i:0;s:9:\"_identity\";i:1;s:16:\"[3,null,2592000]\";}'
]

$_SERVER = [
    'DOCUMENT_ROOT' => 'D:\\laragon\\www\\EVERYDAYMART\\web'
    'REMOTE_ADDR' => '::1'
    'REMOTE_PORT' => '51154'
    'SERVER_SOFTWARE' => 'PHP/8.4.13 (Development Server)'
    'SERVER_PROTOCOL' => 'HTTP/1.1'
    'SERVER_NAME' => 'localhost'
    'SERVER_PORT' => '8080'
    'REQUEST_URI' => '/index.php?r=transaksi%2Fview&id=15'
    'REQUEST_METHOD' => 'GET'
    'SCRIPT_NAME' => '/index.php'
    'SCRIPT_FILENAME' => 'D:\\laragon\\www\\EVERYDAYMART\\web\\index.php'
    'PHP_SELF' => '/index.php'
    'QUERY_STRING' => 'r=transaksi%2Fview&id=15'
    'HTTP_HOST' => 'localhost:8080'
    'HTTP_CONNECTION' => 'keep-alive'
    'HTTP_CACHE_CONTROL' => 'max-age=0'
    'HTTP_UPGRADE_INSECURE_REQUESTS' => '1'
    'HTTP_USER_AGENT' => 'Mozilla/5.0 (Windows NT 10.0; Win64; x64) AppleWebKit/537.36 (KHTML, like Gecko) Code/1.132.0 Chrome/148.0.7778.280 Electron/42.7.1 Safari/537.36'
    'HTTP_ACCEPT' => 'text/html,application/xhtml+xml,application/xml;q=0.9,image/avif,image/webp,image/apng,*/*;q=0.8,application/signed-exchange;v=b3;q=0.7'
    'HTTP_SEC_FETCH_SITE' => 'none'
    'HTTP_SEC_FETCH_MODE' => 'navigate'
    'HTTP_SEC_FETCH_USER' => '?1'
    'HTTP_SEC_FETCH_DEST' => 'document'
    'HTTP_ACCEPT_ENCODING' => 'gzip, deflate, br, zstd'
    'HTTP_ACCEPT_LANGUAGE' => 'en-US'
    'HTTP_COOKIE' => '_identity=ef7d999dd16846b4ca752da9ffc96ccc3926929c8867673a4a424da8437c5ffba%3A2%3A%7Bi%3A0%3Bs%3A9%3A%22_identity%22%3Bi%3A1%3Bs%3A16%3A%22%5B3%2Cnull%2C2592000%5D%22%3B%7D'
    'REQUEST_TIME_FLOAT' => 1786417542.8022
    'REQUEST_TIME' => 1786417542
]
2026-08-11 10:10:57 [::1][2][889380093bd1c4fd1ef574c819d90316][error][yii\web\HttpException:404] yii\base\InvalidRouteException: Unable to resolve the request "views/laporan". in D:\laragon\www\EVERYDAYMART\vendor\yiisoft\yii2\base\Module.php:556
Stack trace:
#0 D:\laragon\www\EVERYDAYMART\vendor\yiisoft\yii2\web\Application.php(105): yii\base\Module->runAction('views/laporan', Array)
#1 D:\laragon\www\EVERYDAYMART\vendor\yiisoft\yii2\base\Application.php(382): yii\web\Application->handleRequest(Object(yii\web\Request))
#2 D:\laragon\www\EVERYDAYMART\web\index.php(14): yii\base\Application->run()
#3 {main}

Next yii\web\NotFoundHttpException: Page not found. in D:\laragon\www\EVERYDAYMART\vendor\yiisoft\yii2\web\Application.php:117
Stack trace:
#0 D:\laragon\www\EVERYDAYMART\vendor\yiisoft\yii2\base\Application.php(382): yii\web\Application->handleRequest(Object(yii\web\Request))
#1 D:\laragon\www\EVERYDAYMART\web\index.php(14): yii\base\Application->run()
#2 {main}
2026-08-11 10:10:56 [::1][2][889380093bd1c4fd1ef574c819d90316][info][application] $_GET = [
    'r' => 'views/laporan'
]

$_POST = []

$_FILES = []

$_COOKIE = [
    'PHPSESSID' => '889380093bd1c4fd1ef574c819d90316'
    '_identity' => '4ef21e477bd8366da708e3b659750cdcf8137c35a7e394e8ff93032dad9c8d21a:2:{i:0;s:9:\"_identity\";i:1;s:16:\"[2,null,2592000]\";}'
    '_csrf' => '61fe6ae43a57d34b44c3ed38fd41b6abc0aad7d221352e17cc8dd11c97fd6744a:2:{i:0;s:5:\"_csrf\";i:1;s:32:\"OKHg3lgbzgPhpi7meBz0fEGfKVVlku9N\";}'
]

$_SESSION = [
    '__flash' => []
    '__id' => 2
    '__authKey' => null
]

$_SERVER = [
    'DOCUMENT_ROOT' => 'D:\\laragon\\www\\EVERYDAYMART\\web'
    'REMOTE_ADDR' => '::1'
    'REMOTE_PORT' => '56961'
    'SERVER_SOFTWARE' => 'PHP/8.4.13 (Development Server)'
    'SERVER_PROTOCOL' => 'HTTP/1.1'
    'SERVER_NAME' => 'localhost'
    'SERVER_PORT' => '8080'
    'REQUEST_URI' => '/index.php?r=views%2Flaporan'
    'REQUEST_METHOD' => 'GET'
    'SCRIPT_NAME' => '/index.php'
    'SCRIPT_FILENAME' => 'D:\\laragon\\www\\EVERYDAYMART\\web\\index.php'
    'PHP_SELF' => '/index.php'
    'QUERY_STRING' => 'r=views%2Flaporan'
    'HTTP_HOST' => 'localhost:8080'
    'HTTP_CONNECTION' => 'keep-alive'
    'HTTP_UPGRADE_INSECURE_REQUESTS' => '1'
    'HTTP_USER_AGENT' => 'Mozilla/5.0 (Windows NT 10.0; Win64; x64) AppleWebKit/537.36 (KHTML, like Gecko) Code/1.132.0 Chrome/148.0.7778.280 Electron/42.7.1 Safari/537.36'
    'HTTP_ACCEPT' => 'text/html,application/xhtml+xml,application/xml;q=0.9,image/avif,image/webp,image/apng,*/*;q=0.8,application/signed-exchange;v=b3;q=0.7'
    'HTTP_SEC_FETCH_SITE' => 'same-origin'
    'HTTP_SEC_FETCH_MODE' => 'navigate'
    'HTTP_SEC_FETCH_USER' => '?1'
    'HTTP_SEC_FETCH_DEST' => 'document'
    'HTTP_REFERER' => 'http://localhost:8080/index.php?r=site%2Findex'
    'HTTP_ACCEPT_ENCODING' => 'gzip, deflate, br, zstd'
    'HTTP_ACCEPT_LANGUAGE' => 'en-US'
    'HTTP_COOKIE' => 'PHPSESSID=889380093bd1c4fd1ef574c819d90316; _identity=4ef21e477bd8366da708e3b659750cdcf8137c35a7e394e8ff93032dad9c8d21a%3A2%3A%7Bi%3A0%3Bs%3A9%3A%22_identity%22%3Bi%3A1%3Bs%3A16%3A%22%5B2%2Cnull%2C2592000%5D%22%3B%7D; _csrf=61fe6ae43a57d34b44c3ed38fd41b6abc0aad7d221352e17cc8dd11c97fd6744a%3A2%3A%7Bi%3A0%3Bs%3A5%3A%22_csrf%22%3Bi%3A1%3Bs%3A32%3A%22OKHg3lgbzgPhpi7meBz0fEGfKVVlku9N%22%3B%7D'
    'REQUEST_TIME_FLOAT' => 1786417856.6347
    'REQUEST_TIME' => 1786417856
]
2026-08-11 10:11:33 [::1][2][889380093bd1c4fd1ef574c819d90316][error][yii\web\HttpException:404] yii\base\InvalidRouteException: Unable to resolve the request "views/laporan". in D:\laragon\www\EVERYDAYMART\vendor\yiisoft\yii2\base\Module.php:556
Stack trace:
#0 D:\laragon\www\EVERYDAYMART\vendor\yiisoft\yii2\web\Application.php(105): yii\base\Module->runAction('views/laporan', Array)
#1 D:\laragon\www\EVERYDAYMART\vendor\yiisoft\yii2\base\Application.php(382): yii\web\Application->handleRequest(Object(yii\web\Request))
#2 D:\laragon\www\EVERYDAYMART\web\index.php(14): yii\base\Application->run()
#3 {main}

Next yii\web\NotFoundHttpException: Page not found. in D:\laragon\www\EVERYDAYMART\vendor\yiisoft\yii2\web\Application.php:117
Stack trace:
#0 D:\laragon\www\EVERYDAYMART\vendor\yiisoft\yii2\base\Application.php(382): yii\web\Application->handleRequest(Object(yii\web\Request))
#1 D:\laragon\www\EVERYDAYMART\web\index.php(14): yii\base\Application->run()
#2 {main}
2026-08-11 10:11:33 [::1][2][889380093bd1c4fd1ef574c819d90316][info][application] $_GET = [
    'r' => 'views/laporan'
]

$_POST = []

$_FILES = []

$_COOKIE = [
    'PHPSESSID' => '889380093bd1c4fd1ef574c819d90316'
    '_identity' => '4ef21e477bd8366da708e3b659750cdcf8137c35a7e394e8ff93032dad9c8d21a:2:{i:0;s:9:\"_identity\";i:1;s:16:\"[2,null,2592000]\";}'
    '_csrf' => '61fe6ae43a57d34b44c3ed38fd41b6abc0aad7d221352e17cc8dd11c97fd6744a:2:{i:0;s:5:\"_csrf\";i:1;s:32:\"OKHg3lgbzgPhpi7meBz0fEGfKVVlku9N\";}'
]

$_SESSION = [
    '__flash' => []
    '__id' => 2
    '__authKey' => null
]

$_SERVER = [
    'DOCUMENT_ROOT' => 'D:\\laragon\\www\\EVERYDAYMART\\web'
    'REMOTE_ADDR' => '::1'
    'REMOTE_PORT' => '60469'
    'SERVER_SOFTWARE' => 'PHP/8.4.13 (Development Server)'
    'SERVER_PROTOCOL' => 'HTTP/1.1'
    'SERVER_NAME' => 'localhost'
    'SERVER_PORT' => '8080'
    'REQUEST_URI' => '/index.php?r=views%2Flaporan'
    'REQUEST_METHOD' => 'GET'
    'SCRIPT_NAME' => '/index.php'
    'SCRIPT_FILENAME' => 'D:\\laragon\\www\\EVERYDAYMART\\web\\index.php'
    'PHP_SELF' => '/index.php'
    'QUERY_STRING' => 'r=views%2Flaporan'
    'HTTP_HOST' => 'localhost:8080'
    'HTTP_CONNECTION' => 'keep-alive'
    'HTTP_CACHE_CONTROL' => 'max-age=0'
    'HTTP_UPGRADE_INSECURE_REQUESTS' => '1'
    'HTTP_USER_AGENT' => 'Mozilla/5.0 (Windows NT 10.0; Win64; x64) AppleWebKit/537.36 (KHTML, like Gecko) Code/1.132.0 Chrome/148.0.7778.280 Electron/42.7.1 Safari/537.36'
    'HTTP_ACCEPT' => 'text/html,application/xhtml+xml,application/xml;q=0.9,image/avif,image/webp,image/apng,*/*;q=0.8,application/signed-exchange;v=b3;q=0.7'
    'HTTP_SEC_FETCH_SITE' => 'same-origin'
    'HTTP_SEC_FETCH_MODE' => 'navigate'
    'HTTP_SEC_FETCH_USER' => '?1'
    'HTTP_SEC_FETCH_DEST' => 'document'
    'HTTP_REFERER' => 'http://localhost:8080/index.php?r=site%2Findex'
    'HTTP_ACCEPT_ENCODING' => 'gzip, deflate, br, zstd'
    'HTTP_ACCEPT_LANGUAGE' => 'en-US'
    'HTTP_COOKIE' => 'PHPSESSID=889380093bd1c4fd1ef574c819d90316; _identity=4ef21e477bd8366da708e3b659750cdcf8137c35a7e394e8ff93032dad9c8d21a%3A2%3A%7Bi%3A0%3Bs%3A9%3A%22_identity%22%3Bi%3A1%3Bs%3A16%3A%22%5B2%2Cnull%2C2592000%5D%22%3B%7D; _csrf=61fe6ae43a57d34b44c3ed38fd41b6abc0aad7d221352e17cc8dd11c97fd6744a%3A2%3A%7Bi%3A0%3Bs%3A5%3A%22_csrf%22%3Bi%3A1%3Bs%3A32%3A%22OKHg3lgbzgPhpi7meBz0fEGfKVVlku9N%22%3B%7D'
    'REQUEST_TIME_FLOAT' => 1786417893.6982
    'REQUEST_TIME' => 1786417893
]
2026-08-11 10:17:39 [::1][1][b55479fa33bee3a7e58ca3a428d37212][error][yii\base\UnknownPropertyException] yii\base\UnknownPropertyException: Getting unknown property: app\models\User::isSuperAdmin in D:\laragon\www\EVERYDAYMART\vendor\yiisoft\yii2\base\Component.php:157
Stack trace:
#0 D:\laragon\www\EVERYDAYMART\vendor\yiisoft\yii2\db\BaseActiveRecord.php(295): yii\base\Component->__get('isSuperAdmin')
#1 D:\laragon\www\EVERYDAYMART\views\layouts\_header.php(44): yii\db\BaseActiveRecord->__get('isSuperAdmin')
#2 D:\laragon\www\EVERYDAYMART\vendor\yiisoft\yii2\base\View.php(345): require('D:\\laragon\\www\\...')
#3 [internal function]: yii\base\View->{closure:yii\base\View::renderPhpFile():343}('D:\\laragon\\www\\...', Array)
#4 D:\laragon\www\EVERYDAYMART\vendor\yiisoft\yii2\base\View.php(350): call_user_func_array(Object(Closure), Array)
#5 D:\laragon\www\EVERYDAYMART\vendor\yiisoft\yii2\base\View.php(257): yii\base\View->renderPhpFile('D:\\laragon\\www\\...', Array)
#6 D:\laragon\www\EVERYDAYMART\vendor\yiisoft\yii2\base\View.php(156): yii\base\View->renderFile('D:\\laragon\\www\\...', Array, NULL)
#7 D:\laragon\www\EVERYDAYMART\views\layouts\main.php(24): yii\base\View->render('_header')
#8 D:\laragon\www\EVERYDAYMART\vendor\yiisoft\yii2\base\View.php(345): require('D:\\laragon\\www\\...')
#9 [internal function]: yii\base\View->{closure:yii\base\View::renderPhpFile():343}('D:\\laragon\\www\\...', Array)
#10 D:\laragon\www\EVERYDAYMART\vendor\yiisoft\yii2\base\View.php(350): call_user_func_array(Object(Closure), Array)
#11 D:\laragon\www\EVERYDAYMART\vendor\yiisoft\yii2\base\View.php(257): yii\base\View->renderPhpFile('D:\\laragon\\www\\...', Array)
#12 D:\laragon\www\EVERYDAYMART\vendor\yiisoft\yii2\base\Controller.php(438): yii\base\View->renderFile('D:\\laragon\\www\\...', Array, Object(app\controllers\SiteController))
#13 D:\laragon\www\EVERYDAYMART\vendor\yiisoft\yii2\base\Controller.php(424): yii\base\Controller->renderContent('<div class="sit...')
#14 D:\laragon\www\EVERYDAYMART\controllers\SiteController.php(81): yii\base\Controller->render('index')
#15 [internal function]: app\controllers\SiteController->actionIndex()
#16 D:\laragon\www\EVERYDAYMART\vendor\yiisoft\yii2\base\InlineAction.php(60): call_user_func_array(Array, Array)
#17 D:\laragon\www\EVERYDAYMART\vendor\yiisoft\yii2\base\Controller.php(182): yii\base\InlineAction->runWithParams(Array)
#18 D:\laragon\www\EVERYDAYMART\vendor\yiisoft\yii2\base\Module.php(547): yii\base\Controller->runAction('index', Array)
#19 D:\laragon\www\EVERYDAYMART\vendor\yiisoft\yii2\web\Application.php(105): yii\base\Module->runAction('site/index', Array)
#20 D:\laragon\www\EVERYDAYMART\vendor\yiisoft\yii2\base\Application.php(382): yii\web\Application->handleRequest(Object(yii\web\Request))
#21 D:\laragon\www\EVERYDAYMART\web\index.php(14): yii\base\Application->run()
#22 {main}
2026-08-11 10:17:39 [::1][1][b55479fa33bee3a7e58ca3a428d37212][info][application] $_GET = [
    'r' => 'site/index'
]

$_POST = []

$_FILES = []

$_COOKIE = [
    'PHPSESSID' => 'b55479fa33bee3a7e58ca3a428d37212'
    '_identity' => '315de64354e447141d4474079587fddbf24651f74f13e00a13a49b181dda432ba:2:{i:0;s:9:\"_identity\";i:1;s:16:\"[1,null,2592000]\";}'
    '_csrf' => '6ff5195f39c49bd9ec79b4bee84cf1fff639c4c6645116fca7df6ecd3514e499a:2:{i:0;s:5:\"_csrf\";i:1;s:32:\"AjfFalYNUtU5oHngP76yfwTy90vst_oA\";}'
]

$_SESSION = [
    '__flash' => []
    '__id' => 1
    '__authKey' => null
]

$_SERVER = [
    'DOCUMENT_ROOT' => 'D:\\laragon\\www\\EVERYDAYMART\\web'
    'REMOTE_ADDR' => '::1'
    'REMOTE_PORT' => '61652'
    'SERVER_SOFTWARE' => 'PHP/8.4.13 (Development Server)'
    'SERVER_PROTOCOL' => 'HTTP/1.1'
    'SERVER_NAME' => 'localhost'
    'SERVER_PORT' => '8080'
    'REQUEST_URI' => '/index.php?r=site%2Findex'
    'REQUEST_METHOD' => 'GET'
    'SCRIPT_NAME' => '/index.php'
    'SCRIPT_FILENAME' => 'D:\\laragon\\www\\EVERYDAYMART\\web\\index.php'
    'PHP_SELF' => '/index.php'
    'QUERY_STRING' => 'r=site%2Findex'
    'HTTP_HOST' => 'localhost:8080'
    'HTTP_CONNECTION' => 'keep-alive'
    'HTTP_UPGRADE_INSECURE_REQUESTS' => '1'
    'HTTP_USER_AGENT' => 'Mozilla/5.0 (Windows NT 10.0; Win64; x64) AppleWebKit/537.36 (KHTML, like Gecko) Code/1.132.0 Chrome/148.0.7778.280 Electron/42.7.1 Safari/537.36'
    'HTTP_ACCEPT' => 'text/html,application/xhtml+xml,application/xml;q=0.9,image/avif,image/webp,image/apng,*/*;q=0.8,application/signed-exchange;v=b3;q=0.7'
    'HTTP_SEC_FETCH_SITE' => 'same-origin'
    'HTTP_SEC_FETCH_MODE' => 'navigate'
    'HTTP_SEC_FETCH_USER' => '?1'
    'HTTP_SEC_FETCH_DEST' => 'document'
    'HTTP_REFERER' => 'http://localhost:8080/index.php?r=transaksi%2Fcreate'
    'HTTP_ACCEPT_ENCODING' => 'gzip, deflate, br, zstd'
    'HTTP_ACCEPT_LANGUAGE' => 'en-US'
    'HTTP_COOKIE' => 'PHPSESSID=b55479fa33bee3a7e58ca3a428d37212; _identity=315de64354e447141d4474079587fddbf24651f74f13e00a13a49b181dda432ba%3A2%3A%7Bi%3A0%3Bs%3A9%3A%22_identity%22%3Bi%3A1%3Bs%3A16%3A%22%5B1%2Cnull%2C2592000%5D%22%3B%7D; _csrf=6ff5195f39c49bd9ec79b4bee84cf1fff639c4c6645116fca7df6ecd3514e499a%3A2%3A%7Bi%3A0%3Bs%3A5%3A%22_csrf%22%3Bi%3A1%3Bs%3A32%3A%22AjfFalYNUtU5oHngP76yfwTy90vst_oA%22%3B%7D'
    'REQUEST_TIME_FLOAT' => 1786418259.0361
    'REQUEST_TIME' => 1786418259
]
2026-08-13 12:53:37 [::1][-][-][warning][yii\web\User::getIdentityAndDurationFromCookie] Invalid cookie auth key attempted for user '2' from ::1: 
2026-08-13 12:53:19 [::1][-][-][info][application] $_GET = [
    'r' => 'transaksi/index'
]

$_POST = []

$_FILES = []

$_COOKIE = [
    '_identity' => '4ef21e477bd8366da708e3b659750cdcf8137c35a7e394e8ff93032dad9c8d21a:2:{i:0;s:9:\"_identity\";i:1;s:16:\"[2,null,2592000]\";}'
]

$_SERVER = [
    'DOCUMENT_ROOT' => 'D:\\laragon\\www\\EVERYDAYMART\\web'
    'REMOTE_ADDR' => '::1'
    'REMOTE_PORT' => '52990'
    'SERVER_SOFTWARE' => 'PHP/8.4.13 (Development Server)'
    'SERVER_PROTOCOL' => 'HTTP/1.1'
    'SERVER_NAME' => 'localhost'
    'SERVER_PORT' => '8080'
    'REQUEST_URI' => '/index.php?r=transaksi%2Findex'
    'REQUEST_METHOD' => 'GET'
    'SCRIPT_NAME' => '/index.php'
    'SCRIPT_FILENAME' => 'D:\\laragon\\www\\EVERYDAYMART\\web\\index.php'
    'PHP_SELF' => '/index.php'
    'QUERY_STRING' => 'r=transaksi%2Findex'
    'HTTP_HOST' => 'localhost:8080'
    'HTTP_CONNECTION' => 'keep-alive'
    'HTTP_CACHE_CONTROL' => 'max-age=0'
    'HTTP_UPGRADE_INSECURE_REQUESTS' => '1'
    'HTTP_USER_AGENT' => 'Mozilla/5.0 (Windows NT 10.0; Win64; x64) AppleWebKit/537.36 (KHTML, like Gecko) Code/1.132.0 Chrome/148.0.7778.280 Electron/42.7.1 Safari/537.36'
    'HTTP_ACCEPT' => 'text/html,application/xhtml+xml,application/xml;q=0.9,image/avif,image/webp,image/apng,*/*;q=0.8,application/signed-exchange;v=b3;q=0.7'
    'HTTP_SEC_FETCH_SITE' => 'none'
    'HTTP_SEC_FETCH_MODE' => 'navigate'
    'HTTP_SEC_FETCH_USER' => '?1'
    'HTTP_SEC_FETCH_DEST' => 'document'
    'HTTP_ACCEPT_ENCODING' => 'gzip, deflate, br, zstd'
    'HTTP_ACCEPT_LANGUAGE' => 'en-US'
    'HTTP_COOKIE' => '_identity=4ef21e477bd8366da708e3b659750cdcf8137c35a7e394e8ff93032dad9c8d21a%3A2%3A%7Bi%3A0%3Bs%3A9%3A%22_identity%22%3Bi%3A1%3Bs%3A16%3A%22%5B2%2Cnull%2C2592000%5D%22%3B%7D'
    'REQUEST_TIME_FLOAT' => 1786600399.682
    'REQUEST_TIME' => 1786600399
]
2026-08-13 12:57:32 [::1][1][e12b93f8d6b704742f250f7a4a5439a6][error][yii\web\HttpException:404] yii\base\InvalidRouteException: Unable to resolve the request "user/index". in D:\laragon\www\EVERYDAYMART\vendor\yiisoft\yii2\base\Module.php:556
Stack trace:
#0 D:\laragon\www\EVERYDAYMART\vendor\yiisoft\yii2\web\Application.php(105): yii\base\Module->runAction('user/index', Array)
#1 D:\laragon\www\EVERYDAYMART\vendor\yiisoft\yii2\base\Application.php(382): yii\web\Application->handleRequest(Object(yii\web\Request))
#2 D:\laragon\www\EVERYDAYMART\web\index.php(14): yii\base\Application->run()
#3 {main}

Next yii\web\NotFoundHttpException: Page not found. in D:\laragon\www\EVERYDAYMART\vendor\yiisoft\yii2\web\Application.php:117
Stack trace:
#0 D:\laragon\www\EVERYDAYMART\vendor\yiisoft\yii2\base\Application.php(382): yii\web\Application->handleRequest(Object(yii\web\Request))
#1 D:\laragon\www\EVERYDAYMART\web\index.php(14): yii\base\Application->run()
#2 {main}
2026-08-13 12:57:32 [::1][1][e12b93f8d6b704742f250f7a4a5439a6][info][application] $_GET = [
    'r' => 'user/index'
]

$_POST = []

$_FILES = []

$_COOKIE = [
    'PHPSESSID' => 'e12b93f8d6b704742f250f7a4a5439a6'
    '_identity' => '315de64354e447141d4474079587fddbf24651f74f13e00a13a49b181dda432ba:2:{i:0;s:9:\"_identity\";i:1;s:16:\"[1,null,2592000]\";}'
    '_csrf' => '4978db8203689c60d9cfd744a1bba55fc0950df234b041cf2209fa2ab550f423a:2:{i:0;s:5:\"_csrf\";i:1;s:32:\"K8kM8PbK4Iu-C9ua7DXsPD3gzj_bWJ1b\";}'
]

$_SESSION = [
    '__flash' => []
    '__id' => 1
    '__authKey' => null
]

$_SERVER = [
    'DOCUMENT_ROOT' => 'D:\\laragon\\www\\EVERYDAYMART\\web'
    'REMOTE_ADDR' => '::1'
    'REMOTE_PORT' => '57043'
    'SERVER_SOFTWARE' => 'PHP/8.4.13 (Development Server)'
    'SERVER_PROTOCOL' => 'HTTP/1.1'
    'SERVER_NAME' => 'localhost'
    'SERVER_PORT' => '8080'
    'REQUEST_URI' => '/index.php?r=user%2Findex'
    'REQUEST_METHOD' => 'GET'
    'SCRIPT_NAME' => '/index.php'
    'SCRIPT_FILENAME' => 'D:\\laragon\\www\\EVERYDAYMART\\web\\index.php'
    'PHP_SELF' => '/index.php'
    'QUERY_STRING' => 'r=user%2Findex'
    'HTTP_HOST' => 'localhost:8080'
    'HTTP_CONNECTION' => 'keep-alive'
    'HTTP_UPGRADE_INSECURE_REQUESTS' => '1'
    'HTTP_USER_AGENT' => 'Mozilla/5.0 (Windows NT 10.0; Win64; x64) AppleWebKit/537.36 (KHTML, like Gecko) Code/1.132.0 Chrome/148.0.7778.280 Electron/42.7.1 Safari/537.36'
    'HTTP_ACCEPT' => 'text/html,application/xhtml+xml,application/xml;q=0.9,image/avif,image/webp,image/apng,*/*;q=0.8,application/signed-exchange;v=b3;q=0.7'
    'HTTP_SEC_FETCH_SITE' => 'same-origin'
    'HTTP_SEC_FETCH_MODE' => 'navigate'
    'HTTP_SEC_FETCH_USER' => '?1'
    'HTTP_SEC_FETCH_DEST' => 'document'
    'HTTP_REFERER' => 'http://localhost:8080/index.php?r=outlet%2Findex'
    'HTTP_ACCEPT_ENCODING' => 'gzip, deflate, br, zstd'
    'HTTP_ACCEPT_LANGUAGE' => 'en-US'
    'HTTP_COOKIE' => 'PHPSESSID=e12b93f8d6b704742f250f7a4a5439a6; _identity=315de64354e447141d4474079587fddbf24651f74f13e00a13a49b181dda432ba%3A2%3A%7Bi%3A0%3Bs%3A9%3A%22_identity%22%3Bi%3A1%3Bs%3A16%3A%22%5B1%2Cnull%2C2592000%5D%22%3B%7D; _csrf=4978db8203689c60d9cfd744a1bba55fc0950df234b041cf2209fa2ab550f423a%3A2%3A%7Bi%3A0%3Bs%3A5%3A%22_csrf%22%3Bi%3A1%3Bs%3A32%3A%22K8kM8PbK4Iu-C9ua7DXsPD3gzj_bWJ1b%22%3B%7D'
    'REQUEST_TIME_FLOAT' => 1786600652.1991
    'REQUEST_TIME' => 1786600652
]
2026-08-13 13:03:50 [::1][1][e12b93f8d6b704742f250f7a4a5439a6][error][yii\web\HttpException:404] yii\base\InvalidRouteException: Unable to resolve the request "user/index". in D:\laragon\www\EVERYDAYMART\vendor\yiisoft\yii2\base\Module.php:556
Stack trace:
#0 D:\laragon\www\EVERYDAYMART\vendor\yiisoft\yii2\web\Application.php(105): yii\base\Module->runAction('user/index', Array)
#1 D:\laragon\www\EVERYDAYMART\vendor\yiisoft\yii2\base\Application.php(382): yii\web\Application->handleRequest(Object(yii\web\Request))
#2 D:\laragon\www\EVERYDAYMART\web\index.php(14): yii\base\Application->run()
#3 {main}

Next yii\web\NotFoundHttpException: Page not found. in D:\laragon\www\EVERYDAYMART\vendor\yiisoft\yii2\web\Application.php:117
Stack trace:
#0 D:\laragon\www\EVERYDAYMART\vendor\yiisoft\yii2\base\Application.php(382): yii\web\Application->handleRequest(Object(yii\web\Request))
#1 D:\laragon\www\EVERYDAYMART\web\index.php(14): yii\base\Application->run()
#2 {main}
2026-08-13 13:03:50 [::1][1][e12b93f8d6b704742f250f7a4a5439a6][info][application] $_GET = [
    'r' => 'user/index'
]

$_POST = []

$_FILES = []

$_COOKIE = [
    'PHPSESSID' => 'e12b93f8d6b704742f250f7a4a5439a6'
    '_identity' => '315de64354e447141d4474079587fddbf24651f74f13e00a13a49b181dda432ba:2:{i:0;s:9:\"_identity\";i:1;s:16:\"[1,null,2592000]\";}'
    '_csrf' => '4978db8203689c60d9cfd744a1bba55fc0950df234b041cf2209fa2ab550f423a:2:{i:0;s:5:\"_csrf\";i:1;s:32:\"K8kM8PbK4Iu-C9ua7DXsPD3gzj_bWJ1b\";}'
]

$_SESSION = [
    '__flash' => []
    '__id' => 1
    '__authKey' => null
]

$_SERVER = [
    'DOCUMENT_ROOT' => 'D:\\laragon\\www\\EVERYDAYMART\\web'
    'REMOTE_ADDR' => '::1'
    'REMOTE_PORT' => '60660'
    'SERVER_SOFTWARE' => 'PHP/8.4.13 (Development Server)'
    'SERVER_PROTOCOL' => 'HTTP/1.1'
    'SERVER_NAME' => 'localhost'
    'SERVER_PORT' => '8080'
    'REQUEST_URI' => '/index.php?r=user%2Findex'
    'REQUEST_METHOD' => 'GET'
    'SCRIPT_NAME' => '/index.php'
    'SCRIPT_FILENAME' => 'D:\\laragon\\www\\EVERYDAYMART\\web\\index.php'
    'PHP_SELF' => '/index.php'
    'QUERY_STRING' => 'r=user%2Findex'
    'HTTP_HOST' => 'localhost:8080'
    'HTTP_CONNECTION' => 'keep-alive'
    'HTTP_UPGRADE_INSECURE_REQUESTS' => '1'
    'HTTP_USER_AGENT' => 'Mozilla/5.0 (Windows NT 10.0; Win64; x64) AppleWebKit/537.36 (KHTML, like Gecko) Code/1.132.0 Chrome/148.0.7778.280 Electron/42.7.1 Safari/537.36'
    'HTTP_ACCEPT' => 'text/html,application/xhtml+xml,application/xml;q=0.9,image/avif,image/webp,image/apng,*/*;q=0.8,application/signed-exchange;v=b3;q=0.7'
    'HTTP_SEC_FETCH_SITE' => 'same-origin'
    'HTTP_SEC_FETCH_MODE' => 'navigate'
    'HTTP_SEC_FETCH_USER' => '?1'
    'HTTP_SEC_FETCH_DEST' => 'document'
    'HTTP_REFERER' => 'http://localhost:8080/index.php?r=outlet%2Findex'
    'HTTP_ACCEPT_ENCODING' => 'gzip, deflate, br, zstd'
    'HTTP_ACCEPT_LANGUAGE' => 'en-US'
    'HTTP_COOKIE' => 'PHPSESSID=e12b93f8d6b704742f250f7a4a5439a6; _identity=315de64354e447141d4474079587fddbf24651f74f13e00a13a49b181dda432ba%3A2%3A%7Bi%3A0%3Bs%3A9%3A%22_identity%22%3Bi%3A1%3Bs%3A16%3A%22%5B1%2Cnull%2C2592000%5D%22%3B%7D; _csrf=4978db8203689c60d9cfd744a1bba55fc0950df234b041cf2209fa2ab550f423a%3A2%3A%7Bi%3A0%3Bs%3A5%3A%22_csrf%22%3Bi%3A1%3Bs%3A32%3A%22K8kM8PbK4Iu-C9ua7DXsPD3gzj_bWJ1b%22%3B%7D'
    'REQUEST_TIME_FLOAT' => 1786601030.3119
    'REQUEST_TIME' => 1786601030
]
2026-08-13 13:04:16 [::1][1][e12b93f8d6b704742f250f7a4a5439a6][error][yii\web\HttpException:404] yii\base\InvalidRouteException: Unable to resolve the request "user/index". in D:\laragon\www\EVERYDAYMART\vendor\yiisoft\yii2\base\Module.php:556
Stack trace:
#0 D:\laragon\www\EVERYDAYMART\vendor\yiisoft\yii2\web\Application.php(105): yii\base\Module->runAction('user/index', Array)
#1 D:\laragon\www\EVERYDAYMART\vendor\yiisoft\yii2\base\Application.php(382): yii\web\Application->handleRequest(Object(yii\web\Request))
#2 D:\laragon\www\EVERYDAYMART\web\index.php(14): yii\base\Application->run()
#3 {main}

Next yii\web\NotFoundHttpException: Page not found. in D:\laragon\www\EVERYDAYMART\vendor\yiisoft\yii2\web\Application.php:117
Stack trace:
#0 D:\laragon\www\EVERYDAYMART\vendor\yiisoft\yii2\base\Application.php(382): yii\web\Application->handleRequest(Object(yii\web\Request))
#1 D:\laragon\www\EVERYDAYMART\web\index.php(14): yii\base\Application->run()
#2 {main}
2026-08-13 13:04:16 [::1][1][e12b93f8d6b704742f250f7a4a5439a6][info][application] $_GET = [
    'r' => 'user/index'
]

$_POST = []

$_FILES = []

$_COOKIE = [
    'PHPSESSID' => 'e12b93f8d6b704742f250f7a4a5439a6'
    '_identity' => '315de64354e447141d4474079587fddbf24651f74f13e00a13a49b181dda432ba:2:{i:0;s:9:\"_identity\";i:1;s:16:\"[1,null,2592000]\";}'
    '_csrf' => '4978db8203689c60d9cfd744a1bba55fc0950df234b041cf2209fa2ab550f423a:2:{i:0;s:5:\"_csrf\";i:1;s:32:\"K8kM8PbK4Iu-C9ua7DXsPD3gzj_bWJ1b\";}'
]

$_SESSION = [
    '__flash' => []
    '__id' => 1
    '__authKey' => null
]

$_SERVER = [
    'DOCUMENT_ROOT' => 'D:\\laragon\\www\\EVERYDAYMART\\web'
    'REMOTE_ADDR' => '::1'
    'REMOTE_PORT' => '49741'
    'SERVER_SOFTWARE' => 'PHP/8.4.13 (Development Server)'
    'SERVER_PROTOCOL' => 'HTTP/1.1'
    'SERVER_NAME' => 'localhost'
    'SERVER_PORT' => '8080'
    'REQUEST_URI' => '/index.php?r=user%2Findex'
    'REQUEST_METHOD' => 'GET'
    'SCRIPT_NAME' => '/index.php'
    'SCRIPT_FILENAME' => 'D:\\laragon\\www\\EVERYDAYMART\\web\\index.php'
    'PHP_SELF' => '/index.php'
    'QUERY_STRING' => 'r=user%2Findex'
    'HTTP_HOST' => 'localhost:8080'
    'HTTP_CONNECTION' => 'keep-alive'
    'HTTP_UPGRADE_INSECURE_REQUESTS' => '1'
    'HTTP_USER_AGENT' => 'Mozilla/5.0 (Windows NT 10.0; Win64; x64) AppleWebKit/537.36 (KHTML, like Gecko) Code/1.132.0 Chrome/148.0.7778.280 Electron/42.7.1 Safari/537.36'
    'HTTP_ACCEPT' => 'text/html,application/xhtml+xml,application/xml;q=0.9,image/avif,image/webp,image/apng,*/*;q=0.8,application/signed-exchange;v=b3;q=0.7'
    'HTTP_SEC_FETCH_SITE' => 'same-origin'
    'HTTP_SEC_FETCH_MODE' => 'navigate'
    'HTTP_SEC_FETCH_USER' => '?1'
    'HTTP_SEC_FETCH_DEST' => 'document'
    'HTTP_REFERER' => 'http://localhost:8080/index.php?r=barang%2Findex'
    'HTTP_ACCEPT_ENCODING' => 'gzip, deflate, br, zstd'
    'HTTP_ACCEPT_LANGUAGE' => 'en-US'
    'HTTP_COOKIE' => 'PHPSESSID=e12b93f8d6b704742f250f7a4a5439a6; _identity=315de64354e447141d4474079587fddbf24651f74f13e00a13a49b181dda432ba%3A2%3A%7Bi%3A0%3Bs%3A9%3A%22_identity%22%3Bi%3A1%3Bs%3A16%3A%22%5B1%2Cnull%2C2592000%5D%22%3B%7D; _csrf=4978db8203689c60d9cfd744a1bba55fc0950df234b041cf2209fa2ab550f423a%3A2%3A%7Bi%3A0%3Bs%3A5%3A%22_csrf%22%3Bi%3A1%3Bs%3A32%3A%22K8kM8PbK4Iu-C9ua7DXsPD3gzj_bWJ1b%22%3B%7D'
    'REQUEST_TIME_FLOAT' => 1786601056.1101
    'REQUEST_TIME' => 1786601056
]
2026-08-13 13:07:23 [::1][1][e12b93f8d6b704742f250f7a4a5439a6][error][yii\base\UnknownPropertyException] yii\base\UnknownPropertyException: Getting unknown property: app\models\User::role in D:\laragon\www\EVERYDAYMART\vendor\yiisoft\yii2\base\Component.php:157
Stack trace:
#0 D:\laragon\www\EVERYDAYMART\vendor\yiisoft\yii2\db\BaseActiveRecord.php(295): yii\base\Component->__get('role')
#1 D:\laragon\www\EVERYDAYMART\views\user\index.php(34): yii\db\BaseActiveRecord->__get('role')
#2 [internal function]: yii\base\View->{closure:D:\laragon\www\EVERYDAYMART\views\user\index.php:33}(Object(app\models\User), 1, 0, Object(yii\grid\DataColumn))
#3 D:\laragon\www\EVERYDAYMART\vendor\yiisoft\yii2\grid\DataColumn.php(252): call_user_func(Object(Closure), Object(app\models\User), 1, 0, Object(yii\grid\DataColumn))
#4 D:\laragon\www\EVERYDAYMART\vendor\yiisoft\yii2\grid\DataColumn.php(266): yii\grid\DataColumn->getDataCellValue(Object(app\models\User), 1, 0)
#5 D:\laragon\www\EVERYDAYMART\vendor\yiisoft\yii2\grid\Column.php(111): yii\grid\DataColumn->renderDataCellContent(Object(app\models\User), 1, 0)
#6 D:\laragon\www\EVERYDAYMART\vendor\yiisoft\yii2\grid\GridView.php(540): yii\grid\Column->renderDataCell(Object(app\models\User), 1, 0)
#7 D:\laragon\www\EVERYDAYMART\vendor\yiisoft\yii2\grid\GridView.php(509): yii\grid\GridView->renderTableRow(Object(app\models\User), 1, 0)
#8 D:\laragon\www\EVERYDAYMART\vendor\yiisoft\yii2\grid\GridView.php(373): yii\grid\GridView->renderTableBody()
#9 D:\laragon\www\EVERYDAYMART\vendor\yiisoft\yii2\widgets\BaseListView.php(160): yii\grid\GridView->renderItems()
#10 D:\laragon\www\EVERYDAYMART\vendor\yiisoft\yii2\grid\GridView.php(333): yii\widgets\BaseListView->renderSection('{items}')
#11 D:\laragon\www\EVERYDAYMART\vendor\yiisoft\yii2\widgets\BaseListView.php(135): yii\grid\GridView->renderSection('{items}')
#12 [internal function]: yii\widgets\BaseListView->{closure:yii\widgets\BaseListView::run():134}(Array)
#13 D:\laragon\www\EVERYDAYMART\vendor\yiisoft\yii2\widgets\BaseListView.php(134): preg_replace_callback('/{\\w+}/', Object(Closure), '{summary}\n{item...')
#14 D:\laragon\www\EVERYDAYMART\vendor\yiisoft\yii2\grid\GridView.php(308): yii\widgets\BaseListView->run()
#15 D:\laragon\www\EVERYDAYMART\vendor\yiisoft\yii2\base\Widget.php(148): yii\grid\GridView->run()
#16 D:\laragon\www\EVERYDAYMART\views\user\index.php(21): yii\base\Widget::widget(Array)
#17 D:\laragon\www\EVERYDAYMART\vendor\yiisoft\yii2\base\View.php(345): require('D:\\laragon\\www\\...')
#18 [internal function]: yii\base\View->{closure:yii\base\View::renderPhpFile():343}('D:\\laragon\\www\\...', Array)
#19 D:\laragon\www\EVERYDAYMART\vendor\yiisoft\yii2\base\View.php(350): call_user_func_array(Object(Closure), Array)
#20 D:\laragon\www\EVERYDAYMART\vendor\yiisoft\yii2\base\View.php(257): yii\base\View->renderPhpFile('D:\\laragon\\www\\...', Array)
#21 D:\laragon\www\EVERYDAYMART\vendor\yiisoft\yii2\base\View.php(156): yii\base\View->renderFile('D:\\laragon\\www\\...', Array, Object(app\controllers\UserController))
#22 D:\laragon\www\EVERYDAYMART\vendor\yiisoft\yii2\base\Controller.php(423): yii\base\View->render('index', Array, Object(app\controllers\UserController))
#23 D:\laragon\www\EVERYDAYMART\controllers\UserController.php(45): yii\base\Controller->render('index', Array)
#24 [internal function]: app\controllers\UserController->actionIndex()
#25 D:\laragon\www\EVERYDAYMART\vendor\yiisoft\yii2\base\InlineAction.php(60): call_user_func_array(Array, Array)
#26 D:\laragon\www\EVERYDAYMART\vendor\yiisoft\yii2\base\Controller.php(182): yii\base\InlineAction->runWithParams(Array)
#27 D:\laragon\www\EVERYDAYMART\vendor\yiisoft\yii2\base\Module.php(547): yii\base\Controller->runAction('index', Array)
#28 D:\laragon\www\EVERYDAYMART\vendor\yiisoft\yii2\web\Application.php(105): yii\base\Module->runAction('user/index', Array)
#29 D:\laragon\www\EVERYDAYMART\vendor\yiisoft\yii2\base\Application.php(382): yii\web\Application->handleRequest(Object(yii\web\Request))
#30 D:\laragon\www\EVERYDAYMART\web\index.php(14): yii\base\Application->run()
#31 {main}
2026-08-13 13:07:23 [::1][1][e12b93f8d6b704742f250f7a4a5439a6][info][application] $_GET = [
    'r' => 'user/index'
]

$_POST = []

$_FILES = []

$_COOKIE = [
    'PHPSESSID' => 'e12b93f8d6b704742f250f7a4a5439a6'
    '_identity' => '315de64354e447141d4474079587fddbf24651f74f13e00a13a49b181dda432ba:2:{i:0;s:9:\"_identity\";i:1;s:16:\"[1,null,2592000]\";}'
    '_csrf' => '4978db8203689c60d9cfd744a1bba55fc0950df234b041cf2209fa2ab550f423a:2:{i:0;s:5:\"_csrf\";i:1;s:32:\"K8kM8PbK4Iu-C9ua7DXsPD3gzj_bWJ1b\";}'
]

$_SESSION = [
    '__flash' => []
    '__id' => 1
    '__authKey' => null
]

$_SERVER = [
    'DOCUMENT_ROOT' => 'D:\\laragon\\www\\EVERYDAYMART\\web'
    'REMOTE_ADDR' => '::1'
    'REMOTE_PORT' => '58417'
    'SERVER_SOFTWARE' => 'PHP/8.4.13 (Development Server)'
    'SERVER_PROTOCOL' => 'HTTP/1.1'
    'SERVER_NAME' => 'localhost'
    'SERVER_PORT' => '8080'
    'REQUEST_URI' => '/index.php?r=user%2Findex'
    'REQUEST_METHOD' => 'GET'
    'SCRIPT_NAME' => '/index.php'
    'SCRIPT_FILENAME' => 'D:\\laragon\\www\\EVERYDAYMART\\web\\index.php'
    'PHP_SELF' => '/index.php'
    'QUERY_STRING' => 'r=user%2Findex'
    'HTTP_HOST' => 'localhost:8080'
    'HTTP_CONNECTION' => 'keep-alive'
    'HTTP_UPGRADE_INSECURE_REQUESTS' => '1'
    'HTTP_USER_AGENT' => 'Mozilla/5.0 (Windows NT 10.0; Win64; x64) AppleWebKit/537.36 (KHTML, like Gecko) Code/1.132.0 Chrome/148.0.7778.280 Electron/42.7.1 Safari/537.36'
    'HTTP_ACCEPT' => 'text/html,application/xhtml+xml,application/xml;q=0.9,image/avif,image/webp,image/apng,*/*;q=0.8,application/signed-exchange;v=b3;q=0.7'
    'HTTP_SEC_FETCH_SITE' => 'same-origin'
    'HTTP_SEC_FETCH_MODE' => 'navigate'
    'HTTP_SEC_FETCH_USER' => '?1'
    'HTTP_SEC_FETCH_DEST' => 'document'
    'HTTP_REFERER' => 'http://localhost:8080/index.php?r=outlet%2Findex'
    'HTTP_ACCEPT_ENCODING' => 'gzip, deflate, br, zstd'
    'HTTP_ACCEPT_LANGUAGE' => 'en-US'
    'HTTP_COOKIE' => 'PHPSESSID=e12b93f8d6b704742f250f7a4a5439a6; _identity=315de64354e447141d4474079587fddbf24651f74f13e00a13a49b181dda432ba%3A2%3A%7Bi%3A0%3Bs%3A9%3A%22_identity%22%3Bi%3A1%3Bs%3A16%3A%22%5B1%2Cnull%2C2592000%5D%22%3B%7D; _csrf=4978db8203689c60d9cfd744a1bba55fc0950df234b041cf2209fa2ab550f423a%3A2%3A%7Bi%3A0%3Bs%3A5%3A%22_csrf%22%3Bi%3A1%3Bs%3A32%3A%22K8kM8PbK4Iu-C9ua7DXsPD3gzj_bWJ1b%22%3B%7D'
    'REQUEST_TIME_FLOAT' => 1786601243.0802
    'REQUEST_TIME' => 1786601243
]
2026-08-13 13:07:54 [::1][1][e12b93f8d6b704742f250f7a4a5439a6][error][yii\base\UnknownPropertyException] yii\base\UnknownPropertyException: Getting unknown property: app\models\User::role in D:\laragon\www\EVERYDAYMART\vendor\yiisoft\yii2\base\Component.php:157
Stack trace:
#0 D:\laragon\www\EVERYDAYMART\vendor\yiisoft\yii2\db\BaseActiveRecord.php(295): yii\base\Component->__get('role')
#1 D:\laragon\www\EVERYDAYMART\views\user\index.php(34): yii\db\BaseActiveRecord->__get('role')
#2 [internal function]: yii\base\View->{closure:D:\laragon\www\EVERYDAYMART\views\user\index.php:33}(Object(app\models\User), 1, 0, Object(yii\grid\DataColumn))
#3 D:\laragon\www\EVERYDAYMART\vendor\yiisoft\yii2\grid\DataColumn.php(252): call_user_func(Object(Closure), Object(app\models\User), 1, 0, Object(yii\grid\DataColumn))
#4 D:\laragon\www\EVERYDAYMART\vendor\yiisoft\yii2\grid\DataColumn.php(266): yii\grid\DataColumn->getDataCellValue(Object(app\models\User), 1, 0)
#5 D:\laragon\www\EVERYDAYMART\vendor\yiisoft\yii2\grid\Column.php(111): yii\grid\DataColumn->renderDataCellContent(Object(app\models\User), 1, 0)
#6 D:\laragon\www\EVERYDAYMART\vendor\yiisoft\yii2\grid\GridView.php(540): yii\grid\Column->renderDataCell(Object(app\models\User), 1, 0)
#7 D:\laragon\www\EVERYDAYMART\vendor\yiisoft\yii2\grid\GridView.php(509): yii\grid\GridView->renderTableRow(Object(app\models\User), 1, 0)
#8 D:\laragon\www\EVERYDAYMART\vendor\yiisoft\yii2\grid\GridView.php(373): yii\grid\GridView->renderTableBody()
#9 D:\laragon\www\EVERYDAYMART\vendor\yiisoft\yii2\widgets\BaseListView.php(160): yii\grid\GridView->renderItems()
#10 D:\laragon\www\EVERYDAYMART\vendor\yiisoft\yii2\grid\GridView.php(333): yii\widgets\BaseListView->renderSection('{items}')
#11 D:\laragon\www\EVERYDAYMART\vendor\yiisoft\yii2\widgets\BaseListView.php(135): yii\grid\GridView->renderSection('{items}')
#12 [internal function]: yii\widgets\BaseListView->{closure:yii\widgets\BaseListView::run():134}(Array)
#13 D:\laragon\www\EVERYDAYMART\vendor\yiisoft\yii2\widgets\BaseListView.php(134): preg_replace_callback('/{\\w+}/', Object(Closure), '{summary}\n{item...')
#14 D:\laragon\www\EVERYDAYMART\vendor\yiisoft\yii2\grid\GridView.php(308): yii\widgets\BaseListView->run()
#15 D:\laragon\www\EVERYDAYMART\vendor\yiisoft\yii2\base\Widget.php(148): yii\grid\GridView->run()
#16 D:\laragon\www\EVERYDAYMART\views\user\index.php(21): yii\base\Widget::widget(Array)
#17 D:\laragon\www\EVERYDAYMART\vendor\yiisoft\yii2\base\View.php(345): require('D:\\laragon\\www\\...')
#18 [internal function]: yii\base\View->{closure:yii\base\View::renderPhpFile():343}('D:\\laragon\\www\\...', Array)
#19 D:\laragon\www\EVERYDAYMART\vendor\yiisoft\yii2\base\View.php(350): call_user_func_array(Object(Closure), Array)
#20 D:\laragon\www\EVERYDAYMART\vendor\yiisoft\yii2\base\View.php(257): yii\base\View->renderPhpFile('D:\\laragon\\www\\...', Array)
#21 D:\laragon\www\EVERYDAYMART\vendor\yiisoft\yii2\base\View.php(156): yii\base\View->renderFile('D:\\laragon\\www\\...', Array, Object(app\controllers\UserController))
#22 D:\laragon\www\EVERYDAYMART\vendor\yiisoft\yii2\base\Controller.php(423): yii\base\View->render('index', Array, Object(app\controllers\UserController))
#23 D:\laragon\www\EVERYDAYMART\controllers\UserController.php(45): yii\base\Controller->render('index', Array)
#24 [internal function]: app\controllers\UserController->actionIndex()
#25 D:\laragon\www\EVERYDAYMART\vendor\yiisoft\yii2\base\InlineAction.php(60): call_user_func_array(Array, Array)
#26 D:\laragon\www\EVERYDAYMART\vendor\yiisoft\yii2\base\Controller.php(182): yii\base\InlineAction->runWithParams(Array)
#27 D:\laragon\www\EVERYDAYMART\vendor\yiisoft\yii2\base\Module.php(547): yii\base\Controller->runAction('index', Array)
#28 D:\laragon\www\EVERYDAYMART\vendor\yiisoft\yii2\web\Application.php(105): yii\base\Module->runAction('user/index', Array)
#29 D:\laragon\www\EVERYDAYMART\vendor\yiisoft\yii2\base\Application.php(382): yii\web\Application->handleRequest(Object(yii\web\Request))
#30 D:\laragon\www\EVERYDAYMART\web\index.php(14): yii\base\Application->run()
#31 {main}
2026-08-13 13:07:54 [::1][1][e12b93f8d6b704742f250f7a4a5439a6][info][application] $_GET = [
    'r' => 'user/index'
]

$_POST = []

$_FILES = []

$_COOKIE = [
    'PHPSESSID' => 'e12b93f8d6b704742f250f7a4a5439a6'
    '_identity' => '315de64354e447141d4474079587fddbf24651f74f13e00a13a49b181dda432ba:2:{i:0;s:9:\"_identity\";i:1;s:16:\"[1,null,2592000]\";}'
    '_csrf' => '4978db8203689c60d9cfd744a1bba55fc0950df234b041cf2209fa2ab550f423a:2:{i:0;s:5:\"_csrf\";i:1;s:32:\"K8kM8PbK4Iu-C9ua7DXsPD3gzj_bWJ1b\";}'
]

$_SESSION = [
    '__flash' => []
    '__id' => 1
    '__authKey' => null
]

$_SERVER = [
    'DOCUMENT_ROOT' => 'D:\\laragon\\www\\EVERYDAYMART\\web'
    'REMOTE_ADDR' => '::1'
    'REMOTE_PORT' => '51839'
    'SERVER_SOFTWARE' => 'PHP/8.4.13 (Development Server)'
    'SERVER_PROTOCOL' => 'HTTP/1.1'
    'SERVER_NAME' => 'localhost'
    'SERVER_PORT' => '8080'
    'REQUEST_URI' => '/index.php?r=user%2Findex'
    'REQUEST_METHOD' => 'GET'
    'SCRIPT_NAME' => '/index.php'
    'SCRIPT_FILENAME' => 'D:\\laragon\\www\\EVERYDAYMART\\web\\index.php'
    'PHP_SELF' => '/index.php'
    'QUERY_STRING' => 'r=user%2Findex'
    'HTTP_HOST' => 'localhost:8080'
    'HTTP_CONNECTION' => 'keep-alive'
    'HTTP_UPGRADE_INSECURE_REQUESTS' => '1'
    'HTTP_USER_AGENT' => 'Mozilla/5.0 (Windows NT 10.0; Win64; x64) AppleWebKit/537.36 (KHTML, like Gecko) Code/1.132.0 Chrome/148.0.7778.280 Electron/42.7.1 Safari/537.36'
    'HTTP_ACCEPT' => 'text/html,application/xhtml+xml,application/xml;q=0.9,image/avif,image/webp,image/apng,*/*;q=0.8,application/signed-exchange;v=b3;q=0.7'
    'HTTP_SEC_FETCH_SITE' => 'same-origin'
    'HTTP_SEC_FETCH_MODE' => 'navigate'
    'HTTP_SEC_FETCH_USER' => '?1'
    'HTTP_SEC_FETCH_DEST' => 'document'
    'HTTP_REFERER' => 'http://localhost:8080/index.php?r=outlet%2Findex'
    'HTTP_ACCEPT_ENCODING' => 'gzip, deflate, br, zstd'
    'HTTP_ACCEPT_LANGUAGE' => 'en-US'
    'HTTP_COOKIE' => 'PHPSESSID=e12b93f8d6b704742f250f7a4a5439a6; _identity=315de64354e447141d4474079587fddbf24651f74f13e00a13a49b181dda432ba%3A2%3A%7Bi%3A0%3Bs%3A9%3A%22_identity%22%3Bi%3A1%3Bs%3A16%3A%22%5B1%2Cnull%2C2592000%5D%22%3B%7D; _csrf=4978db8203689c60d9cfd744a1bba55fc0950df234b041cf2209fa2ab550f423a%3A2%3A%7Bi%3A0%3Bs%3A5%3A%22_csrf%22%3Bi%3A1%3Bs%3A32%3A%22K8kM8PbK4Iu-C9ua7DXsPD3gzj_bWJ1b%22%3B%7D'
    'REQUEST_TIME_FLOAT' => 1786601274.0967
    'REQUEST_TIME' => 1786601274
]
2026-08-13 13:09:31 [::1][1][e12b93f8d6b704742f250f7a4a5439a6][error][yii\base\UnknownPropertyException] yii\base\UnknownPropertyException: Getting unknown property: app\models\User::role in D:\laragon\www\EVERYDAYMART\vendor\yiisoft\yii2\base\Component.php:157
Stack trace:
#0 D:\laragon\www\EVERYDAYMART\vendor\yiisoft\yii2\db\BaseActiveRecord.php(295): yii\base\Component->__get('role')
#1 D:\laragon\www\EVERYDAYMART\models\User.php(51): yii\db\BaseActiveRecord->__get('role')
#2 D:\laragon\www\EVERYDAYMART\controllers\UserController.php(29): app\models\User->isSuperAdmin()
#3 D:\laragon\www\EVERYDAYMART\vendor\yiisoft\yii2\base\Controller.php(180): app\controllers\UserController->beforeAction(Object(yii\base\InlineAction))
#4 D:\laragon\www\EVERYDAYMART\vendor\yiisoft\yii2\base\Module.php(547): yii\base\Controller->runAction('index', Array)
#5 D:\laragon\www\EVERYDAYMART\vendor\yiisoft\yii2\web\Application.php(105): yii\base\Module->runAction('user/index', Array)
#6 D:\laragon\www\EVERYDAYMART\vendor\yiisoft\yii2\base\Application.php(382): yii\web\Application->handleRequest(Object(yii\web\Request))
#7 D:\laragon\www\EVERYDAYMART\web\index.php(14): yii\base\Application->run()
#8 {main}
2026-08-13 13:09:31 [::1][1][e12b93f8d6b704742f250f7a4a5439a6][info][application] $_GET = [
    'r' => 'user/index'
]

$_POST = []

$_FILES = []

$_COOKIE = [
    'PHPSESSID' => 'e12b93f8d6b704742f250f7a4a5439a6'
    '_identity' => '315de64354e447141d4474079587fddbf24651f74f13e00a13a49b181dda432ba:2:{i:0;s:9:\"_identity\";i:1;s:16:\"[1,null,2592000]\";}'
    '_csrf' => '4978db8203689c60d9cfd744a1bba55fc0950df234b041cf2209fa2ab550f423a:2:{i:0;s:5:\"_csrf\";i:1;s:32:\"K8kM8PbK4Iu-C9ua7DXsPD3gzj_bWJ1b\";}'
]

$_SESSION = [
    '__flash' => []
    '__id' => 1
    '__authKey' => null
]

$_SERVER = [
    'DOCUMENT_ROOT' => 'D:\\laragon\\www\\EVERYDAYMART\\web'
    'REMOTE_ADDR' => '::1'
    'REMOTE_PORT' => '61080'
    'SERVER_SOFTWARE' => 'PHP/8.4.13 (Development Server)'
    'SERVER_PROTOCOL' => 'HTTP/1.1'
    'SERVER_NAME' => 'localhost'
    'SERVER_PORT' => '8080'
    'REQUEST_URI' => '/index.php?r=user%2Findex'
    'REQUEST_METHOD' => 'GET'
    'SCRIPT_NAME' => '/index.php'
    'SCRIPT_FILENAME' => 'D:\\laragon\\www\\EVERYDAYMART\\web\\index.php'
    'PHP_SELF' => '/index.php'
    'QUERY_STRING' => 'r=user%2Findex'
    'HTTP_HOST' => 'localhost:8080'
    'HTTP_CONNECTION' => 'keep-alive'
    'HTTP_CACHE_CONTROL' => 'max-age=0'
    'HTTP_UPGRADE_INSECURE_REQUESTS' => '1'
    'HTTP_USER_AGENT' => 'Mozilla/5.0 (Windows NT 10.0; Win64; x64) AppleWebKit/537.36 (KHTML, like Gecko) Code/1.132.0 Chrome/148.0.7778.280 Electron/42.7.1 Safari/537.36'
    'HTTP_ACCEPT' => 'text/html,application/xhtml+xml,application/xml;q=0.9,image/avif,image/webp,image/apng,*/*;q=0.8,application/signed-exchange;v=b3;q=0.7'
    'HTTP_SEC_FETCH_SITE' => 'same-origin'
    'HTTP_SEC_FETCH_MODE' => 'navigate'
    'HTTP_SEC_FETCH_USER' => '?1'
    'HTTP_SEC_FETCH_DEST' => 'document'
    'HTTP_REFERER' => 'http://localhost:8080/index.php?r=outlet%2Findex'
    'HTTP_ACCEPT_ENCODING' => 'gzip, deflate, br, zstd'
    'HTTP_ACCEPT_LANGUAGE' => 'en-US'
    'HTTP_COOKIE' => 'PHPSESSID=e12b93f8d6b704742f250f7a4a5439a6; _identity=315de64354e447141d4474079587fddbf24651f74f13e00a13a49b181dda432ba%3A2%3A%7Bi%3A0%3Bs%3A9%3A%22_identity%22%3Bi%3A1%3Bs%3A16%3A%22%5B1%2Cnull%2C2592000%5D%22%3B%7D; _csrf=4978db8203689c60d9cfd744a1bba55fc0950df234b041cf2209fa2ab550f423a%3A2%3A%7Bi%3A0%3Bs%3A5%3A%22_csrf%22%3Bi%3A1%3Bs%3A32%3A%22K8kM8PbK4Iu-C9ua7DXsPD3gzj_bWJ1b%22%3B%7D'
    'REQUEST_TIME_FLOAT' => 1786601371.361
    'REQUEST_TIME' => 1786601371
]
2026-08-13 13:11:10 [::1][1][e12b93f8d6b704742f250f7a4a5439a6][error][yii\base\UnknownPropertyException] yii\base\UnknownPropertyException: Getting unknown property: app\models\User::role in D:\laragon\www\EVERYDAYMART\vendor\yiisoft\yii2\base\Component.php:157
Stack trace:
#0 D:\laragon\www\EVERYDAYMART\vendor\yiisoft\yii2\db\BaseActiveRecord.php(295): yii\base\Component->__get('role')
#1 D:\laragon\www\EVERYDAYMART\models\User.php(51): yii\db\BaseActiveRecord->__get('role')
#2 D:\laragon\www\EVERYDAYMART\controllers\UserController.php(29): app\models\User->isSuperAdmin()
#3 D:\laragon\www\EVERYDAYMART\vendor\yiisoft\yii2\base\Controller.php(180): app\controllers\UserController->beforeAction(Object(yii\base\InlineAction))
#4 D:\laragon\www\EVERYDAYMART\vendor\yiisoft\yii2\base\Module.php(547): yii\base\Controller->runAction('index', Array)
#5 D:\laragon\www\EVERYDAYMART\vendor\yiisoft\yii2\web\Application.php(105): yii\base\Module->runAction('user/index', Array)
#6 D:\laragon\www\EVERYDAYMART\vendor\yiisoft\yii2\base\Application.php(382): yii\web\Application->handleRequest(Object(yii\web\Request))
#7 D:\laragon\www\EVERYDAYMART\web\index.php(14): yii\base\Application->run()
#8 {main}
2026-08-13 13:11:09 [::1][1][e12b93f8d6b704742f250f7a4a5439a6][info][application] $_GET = [
    'r' => 'user/index'
]

$_POST = []

$_FILES = []

$_COOKIE = [
    'PHPSESSID' => 'e12b93f8d6b704742f250f7a4a5439a6'
    '_identity' => '315de64354e447141d4474079587fddbf24651f74f13e00a13a49b181dda432ba:2:{i:0;s:9:\"_identity\";i:1;s:16:\"[1,null,2592000]\";}'
    '_csrf' => '4978db8203689c60d9cfd744a1bba55fc0950df234b041cf2209fa2ab550f423a:2:{i:0;s:5:\"_csrf\";i:1;s:32:\"K8kM8PbK4Iu-C9ua7DXsPD3gzj_bWJ1b\";}'
]

$_SESSION = [
    '__flash' => []
    '__id' => 1
    '__authKey' => null
]

$_SERVER = [
    'DOCUMENT_ROOT' => 'D:\\laragon\\www\\EVERYDAYMART\\web'
    'REMOTE_ADDR' => '::1'
    'REMOTE_PORT' => '62970'
    'SERVER_SOFTWARE' => 'PHP/8.4.13 (Development Server)'
    'SERVER_PROTOCOL' => 'HTTP/1.1'
    'SERVER_NAME' => 'localhost'
    'SERVER_PORT' => '8080'
    'REQUEST_URI' => '/index.php?r=user%2Findex'
    'REQUEST_METHOD' => 'GET'
    'SCRIPT_NAME' => '/index.php'
    'SCRIPT_FILENAME' => 'D:\\laragon\\www\\EVERYDAYMART\\web\\index.php'
    'PHP_SELF' => '/index.php'
    'QUERY_STRING' => 'r=user%2Findex'
    'HTTP_HOST' => 'localhost:8080'
    'HTTP_CONNECTION' => 'keep-alive'
    'HTTP_CACHE_CONTROL' => 'max-age=0'
    'HTTP_UPGRADE_INSECURE_REQUESTS' => '1'
    'HTTP_USER_AGENT' => 'Mozilla/5.0 (Windows NT 10.0; Win64; x64) AppleWebKit/537.36 (KHTML, like Gecko) Code/1.132.0 Chrome/148.0.7778.280 Electron/42.7.1 Safari/537.36'
    'HTTP_ACCEPT' => 'text/html,application/xhtml+xml,application/xml;q=0.9,image/avif,image/webp,image/apng,*/*;q=0.8,application/signed-exchange;v=b3;q=0.7'
    'HTTP_SEC_FETCH_SITE' => 'same-origin'
    'HTTP_SEC_FETCH_MODE' => 'navigate'
    'HTTP_SEC_FETCH_USER' => '?1'
    'HTTP_SEC_FETCH_DEST' => 'document'
    'HTTP_REFERER' => 'http://localhost:8080/index.php?r=outlet%2Findex'
    'HTTP_ACCEPT_ENCODING' => 'gzip, deflate, br, zstd'
    'HTTP_ACCEPT_LANGUAGE' => 'en-US'
    'HTTP_COOKIE' => 'PHPSESSID=e12b93f8d6b704742f250f7a4a5439a6; _identity=315de64354e447141d4474079587fddbf24651f74f13e00a13a49b181dda432ba%3A2%3A%7Bi%3A0%3Bs%3A9%3A%22_identity%22%3Bi%3A1%3Bs%3A16%3A%22%5B1%2Cnull%2C2592000%5D%22%3B%7D; _csrf=4978db8203689c60d9cfd744a1bba55fc0950df234b041cf2209fa2ab550f423a%3A2%3A%7Bi%3A0%3Bs%3A5%3A%22_csrf%22%3Bi%3A1%3Bs%3A32%3A%22K8kM8PbK4Iu-C9ua7DXsPD3gzj_bWJ1b%22%3B%7D'
    'REQUEST_TIME_FLOAT' => 1786601469.8815
    'REQUEST_TIME' => 1786601469
]
2026-08-13 13:12:04 [::1][1][e12b93f8d6b704742f250f7a4a5439a6][error][yii\base\UnknownPropertyException] yii\base\UnknownPropertyException: Getting unknown property: app\models\User::role in D:\laragon\www\EVERYDAYMART\vendor\yiisoft\yii2\base\Component.php:157
Stack trace:
#0 D:\laragon\www\EVERYDAYMART\vendor\yiisoft\yii2\db\BaseActiveRecord.php(295): yii\base\Component->__get('role')
#1 D:\laragon\www\EVERYDAYMART\models\User.php(51): yii\db\BaseActiveRecord->__get('role')
#2 D:\laragon\www\EVERYDAYMART\controllers\UserController.php(29): app\models\User->isSuperAdmin()
#3 D:\laragon\www\EVERYDAYMART\vendor\yiisoft\yii2\base\Controller.php(180): app\controllers\UserController->beforeAction(Object(yii\base\InlineAction))
#4 D:\laragon\www\EVERYDAYMART\vendor\yiisoft\yii2\base\Module.php(547): yii\base\Controller->runAction('index', Array)
#5 D:\laragon\www\EVERYDAYMART\vendor\yiisoft\yii2\web\Application.php(105): yii\base\Module->runAction('user/index', Array)
#6 D:\laragon\www\EVERYDAYMART\vendor\yiisoft\yii2\base\Application.php(382): yii\web\Application->handleRequest(Object(yii\web\Request))
#7 D:\laragon\www\EVERYDAYMART\web\index.php(14): yii\base\Application->run()
#8 {main}
2026-08-13 13:12:04 [::1][1][e12b93f8d6b704742f250f7a4a5439a6][info][application] $_GET = [
    'r' => 'user/index'
]

$_POST = []

$_FILES = []

$_COOKIE = [
    'PHPSESSID' => 'e12b93f8d6b704742f250f7a4a5439a6'
    '_identity' => '315de64354e447141d4474079587fddbf24651f74f13e00a13a49b181dda432ba:2:{i:0;s:9:\"_identity\";i:1;s:16:\"[1,null,2592000]\";}'
    '_csrf' => '4978db8203689c60d9cfd744a1bba55fc0950df234b041cf2209fa2ab550f423a:2:{i:0;s:5:\"_csrf\";i:1;s:32:\"K8kM8PbK4Iu-C9ua7DXsPD3gzj_bWJ1b\";}'
]

$_SESSION = [
    '__flash' => []
    '__id' => 1
    '__authKey' => null
]

$_SERVER = [
    'DOCUMENT_ROOT' => 'D:\\laragon\\www\\EVERYDAYMART\\web'
    'REMOTE_ADDR' => '::1'
    'REMOTE_PORT' => '52685'
    'SERVER_SOFTWARE' => 'PHP/8.4.13 (Development Server)'
    'SERVER_PROTOCOL' => 'HTTP/1.1'
    'SERVER_NAME' => 'localhost'
    'SERVER_PORT' => '8080'
    'REQUEST_URI' => '/index.php?r=user%2Findex'
    'REQUEST_METHOD' => 'GET'
    'SCRIPT_NAME' => '/index.php'
    'SCRIPT_FILENAME' => 'D:\\laragon\\www\\EVERYDAYMART\\web\\index.php'
    'PHP_SELF' => '/index.php'
    'QUERY_STRING' => 'r=user%2Findex'
    'HTTP_HOST' => 'localhost:8080'
    'HTTP_CONNECTION' => 'keep-alive'
    'HTTP_CACHE_CONTROL' => 'max-age=0'
    'HTTP_UPGRADE_INSECURE_REQUESTS' => '1'
    'HTTP_USER_AGENT' => 'Mozilla/5.0 (Windows NT 10.0; Win64; x64) AppleWebKit/537.36 (KHTML, like Gecko) Code/1.132.0 Chrome/148.0.7778.280 Electron/42.7.1 Safari/537.36'
    'HTTP_ACCEPT' => 'text/html,application/xhtml+xml,application/xml;q=0.9,image/avif,image/webp,image/apng,*/*;q=0.8,application/signed-exchange;v=b3;q=0.7'
    'HTTP_SEC_FETCH_SITE' => 'same-origin'
    'HTTP_SEC_FETCH_MODE' => 'navigate'
    'HTTP_SEC_FETCH_USER' => '?1'
    'HTTP_SEC_FETCH_DEST' => 'document'
    'HTTP_REFERER' => 'http://localhost:8080/index.php?r=outlet%2Findex'
    'HTTP_ACCEPT_ENCODING' => 'gzip, deflate, br, zstd'
    'HTTP_ACCEPT_LANGUAGE' => 'en-US'
    'HTTP_COOKIE' => 'PHPSESSID=e12b93f8d6b704742f250f7a4a5439a6; _identity=315de64354e447141d4474079587fddbf24651f74f13e00a13a49b181dda432ba%3A2%3A%7Bi%3A0%3Bs%3A9%3A%22_identity%22%3Bi%3A1%3Bs%3A16%3A%22%5B1%2Cnull%2C2592000%5D%22%3B%7D; _csrf=4978db8203689c60d9cfd744a1bba55fc0950df234b041cf2209fa2ab550f423a%3A2%3A%7Bi%3A0%3Bs%3A5%3A%22_csrf%22%3Bi%3A1%3Bs%3A32%3A%22K8kM8PbK4Iu-C9ua7DXsPD3gzj_bWJ1b%22%3B%7D'
    'REQUEST_TIME_FLOAT' => 1786601524.7729
    'REQUEST_TIME' => 1786601524
]
2026-08-13 13:46:03 [::1][-][475cee657640411e6f3795ba6c8898c9][error][ArgumentCountError] ArgumentCountError: Too few arguments to function yii\base\Module::get(), 0 passed in D:\laragon\www\EVERYDAYMART\vendor\yiisoft\yii2\base\Component.php on line 142 and at least 1 expected in D:\laragon\www\EVERYDAYMART\vendor\yiisoft\yii2\base\Module.php:770
Stack trace:
#0 D:\laragon\www\EVERYDAYMART\vendor\yiisoft\yii2\base\Component.php(142): yii\base\Module->get()
#1 D:\laragon\www\EVERYDAYMART\vendor\yiisoft\yii2\di\ServiceLocator.php(77): yii\base\Component->__get('')
#2 D:\laragon\www\EVERYDAYMART\views\layouts\_header.php(77): yii\di\ServiceLocator->__get('')
#3 D:\laragon\www\EVERYDAYMART\vendor\yiisoft\yii2\base\View.php(345): require('D:\\laragon\\www\\...')
#4 [internal function]: yii\base\View->{closure:yii\base\View::renderPhpFile():343}('D:\\laragon\\www\\...', Array)
#5 D:\laragon\www\EVERYDAYMART\vendor\yiisoft\yii2\base\View.php(350): call_user_func_array(Object(Closure), Array)
#6 D:\laragon\www\EVERYDAYMART\vendor\yiisoft\yii2\base\View.php(257): yii\base\View->renderPhpFile('D:\\laragon\\www\\...', Array)
#7 D:\laragon\www\EVERYDAYMART\vendor\yiisoft\yii2\base\View.php(156): yii\base\View->renderFile('D:\\laragon\\www\\...', Array, NULL)
#8 D:\laragon\www\EVERYDAYMART\views\layouts\main.php(24): yii\base\View->render('_header')
#9 D:\laragon\www\EVERYDAYMART\vendor\yiisoft\yii2\base\View.php(345): require('D:\\laragon\\www\\...')
#10 [internal function]: yii\base\View->{closure:yii\base\View::renderPhpFile():343}('D:\\laragon\\www\\...', Array)
#11 D:\laragon\www\EVERYDAYMART\vendor\yiisoft\yii2\base\View.php(350): call_user_func_array(Object(Closure), Array)
#12 D:\laragon\www\EVERYDAYMART\vendor\yiisoft\yii2\base\View.php(257): yii\base\View->renderPhpFile('D:\\laragon\\www\\...', Array)
#13 D:\laragon\www\EVERYDAYMART\vendor\yiisoft\yii2\base\Controller.php(438): yii\base\View->renderFile('D:\\laragon\\www\\...', Array, Object(app\controllers\SiteController))
#14 D:\laragon\www\EVERYDAYMART\vendor\yiisoft\yii2\base\Controller.php(424): yii\base\Controller->renderContent('<div class="sit...')
#15 D:\laragon\www\EVERYDAYMART\controllers\SiteController.php(81): yii\base\Controller->render('index')
#16 [internal function]: app\controllers\SiteController->actionIndex()
#17 D:\laragon\www\EVERYDAYMART\vendor\yiisoft\yii2\base\InlineAction.php(60): call_user_func_array(Array, Array)
#18 D:\laragon\www\EVERYDAYMART\vendor\yiisoft\yii2\base\Controller.php(182): yii\base\InlineAction->runWithParams(Array)
#19 D:\laragon\www\EVERYDAYMART\vendor\yiisoft\yii2\base\Module.php(547): yii\base\Controller->runAction('', Array)
#20 D:\laragon\www\EVERYDAYMART\vendor\yiisoft\yii2\web\Application.php(105): yii\base\Module->runAction('', Array)
#21 D:\laragon\www\EVERYDAYMART\vendor\yiisoft\yii2\base\Application.php(382): yii\web\Application->handleRequest(Object(yii\web\Request))
#22 D:\laragon\www\EVERYDAYMART\web\index.php(14): yii\base\Application->run()
#23 {main}
2026-08-13 13:46:03 [::1][-][475cee657640411e6f3795ba6c8898c9][info][application] $_GET = []

$_POST = []

$_FILES = []

$_COOKIE = [
    '_csrf' => '4978db8203689c60d9cfd744a1bba55fc0950df234b041cf2209fa2ab550f423a:2:{i:0;s:5:\"_csrf\";i:1;s:32:\"K8kM8PbK4Iu-C9ua7DXsPD3gzj_bWJ1b\";}'
    'PHPSESSID' => '475cee657640411e6f3795ba6c8898c9'
]

$_SESSION = [
    '__flash' => []
]

$_SERVER = [
    'DOCUMENT_ROOT' => 'D:\\laragon\\www\\EVERYDAYMART\\web'
    'REMOTE_ADDR' => '::1'
    'REMOTE_PORT' => '52504'
    'SERVER_SOFTWARE' => 'PHP/8.4.13 (Development Server)'
    'SERVER_PROTOCOL' => 'HTTP/1.1'
    'SERVER_NAME' => 'localhost'
    'SERVER_PORT' => '8080'
    'REQUEST_URI' => '/index.php'
    'REQUEST_METHOD' => 'GET'
    'SCRIPT_NAME' => '/index.php'
    'SCRIPT_FILENAME' => 'D:\\laragon\\www\\EVERYDAYMART\\web\\index.php'
    'PHP_SELF' => '/index.php'
    'HTTP_HOST' => 'localhost:8080'
    'HTTP_CONNECTION' => 'keep-alive'
    'HTTP_CACHE_CONTROL' => 'max-age=0'
    'HTTP_UPGRADE_INSECURE_REQUESTS' => '1'
    'HTTP_USER_AGENT' => 'Mozilla/5.0 (Windows NT 10.0; Win64; x64) AppleWebKit/537.36 (KHTML, like Gecko) Code/1.132.0 Chrome/148.0.7778.280 Electron/42.7.1 Safari/537.36'
    'HTTP_ACCEPT' => 'text/html,application/xhtml+xml,application/xml;q=0.9,image/avif,image/webp,image/apng,*/*;q=0.8,application/signed-exchange;v=b3;q=0.7'
    'HTTP_SEC_FETCH_SITE' => 'same-origin'
    'HTTP_SEC_FETCH_MODE' => 'navigate'
    'HTTP_SEC_FETCH_USER' => '?1'
    'HTTP_SEC_FETCH_DEST' => 'document'
    'HTTP_REFERER' => 'http://localhost:8080/index.php?r=user%2Findex&sort=id_outlet'
    'HTTP_ACCEPT_ENCODING' => 'gzip, deflate, br, zstd'
    'HTTP_ACCEPT_LANGUAGE' => 'en-US'
    'HTTP_COOKIE' => '_csrf=4978db8203689c60d9cfd744a1bba55fc0950df234b041cf2209fa2ab550f423a%3A2%3A%7Bi%3A0%3Bs%3A5%3A%22_csrf%22%3Bi%3A1%3Bs%3A32%3A%22K8kM8PbK4Iu-C9ua7DXsPD3gzj_bWJ1b%22%3B%7D; PHPSESSID=475cee657640411e6f3795ba6c8898c9'
    'REQUEST_TIME_FLOAT' => 1786603563.4708
    'REQUEST_TIME' => 1786603563
]
2026-08-13 14:02:47 [::1][1][67c0bd3cb91ff07bb6f02402461ccd7e][error][yii\base\UnknownPropertyException] yii\base\UnknownPropertyException: Getting unknown property: app\models\Outlet::nama_outlet in D:\laragon\www\EVERYDAYMART\vendor\yiisoft\yii2\base\Component.php:157
Stack trace:
#0 D:\laragon\www\EVERYDAYMART\vendor\yiisoft\yii2\db\BaseActiveRecord.php(295): yii\base\Component->__get('nama_outlet')
#1 D:\laragon\www\EVERYDAYMART\vendor\yiisoft\yii2\helpers\BaseHtml.php(2296): yii\db\BaseActiveRecord->__get('nama_outlet')
#2 D:\laragon\www\EVERYDAYMART\vendor\yiisoft\yii2\helpers\BaseHtml.php(1388): yii\helpers\BaseHtml::getAttributeValue(Object(app\models\Outlet), 'nama_outlet')
#3 D:\laragon\www\EVERYDAYMART\vendor\yiisoft\yii2\helpers\BaseHtml.php(1444): yii\helpers\BaseHtml::activeInput('text', Object(app\models\Outlet), 'nama_outlet', Array)
#4 D:\laragon\www\EVERYDAYMART\vendor\yiisoft\yii2\widgets\ActiveField.php(409): yii\helpers\BaseHtml::activeTextInput(Object(app\models\Outlet), 'nama_outlet', Array)
#5 D:\laragon\www\EVERYDAYMART\views\outlet\_form.php(38): yii\widgets\ActiveField->textInput(Array)
#6 D:\laragon\www\EVERYDAYMART\vendor\yiisoft\yii2\base\View.php(345): require('D:\\laragon\\www\\...')
#7 [internal function]: yii\base\View->{closure:yii\base\View::renderPhpFile():343}('D:\\laragon\\www\\...', Array)
#8 D:\laragon\www\EVERYDAYMART\vendor\yiisoft\yii2\base\View.php(350): call_user_func_array(Object(Closure), Array)
#9 D:\laragon\www\EVERYDAYMART\vendor\yiisoft\yii2\base\View.php(257): yii\base\View->renderPhpFile('D:\\laragon\\www\\...', Array)
#10 D:\laragon\www\EVERYDAYMART\vendor\yiisoft\yii2\base\View.php(156): yii\base\View->renderFile('D:\\laragon\\www\\...', Array, NULL)
#11 D:\laragon\www\EVERYDAYMART\views\outlet\create.php(16): yii\base\View->render('_form', Array)
#12 D:\laragon\www\EVERYDAYMART\vendor\yiisoft\yii2\base\View.php(345): require('D:\\laragon\\www\\...')
#13 [internal function]: yii\base\View->{closure:yii\base\View::renderPhpFile():343}('D:\\laragon\\www\\...', Array)
#14 D:\laragon\www\EVERYDAYMART\vendor\yiisoft\yii2\base\View.php(350): call_user_func_array(Object(Closure), Array)
#15 D:\laragon\www\EVERYDAYMART\vendor\yiisoft\yii2\base\View.php(257): yii\base\View->renderPhpFile('D:\\laragon\\www\\...', Array)
#16 D:\laragon\www\EVERYDAYMART\vendor\yiisoft\yii2\base\View.php(156): yii\base\View->renderFile('D:\\laragon\\www\\...', Array, Object(app\controllers\OutletController))
#17 D:\laragon\www\EVERYDAYMART\vendor\yiisoft\yii2\base\Controller.php(423): yii\base\View->render('create', Array, Object(app\controllers\OutletController))
#18 D:\laragon\www\EVERYDAYMART\controllers\OutletController.php(80): yii\base\Controller->render('create', Array)
#19 [internal function]: app\controllers\OutletController->actionCreate()
#20 D:\laragon\www\EVERYDAYMART\vendor\yiisoft\yii2\base\InlineAction.php(60): call_user_func_array(Array, Array)
#21 D:\laragon\www\EVERYDAYMART\vendor\yiisoft\yii2\base\Controller.php(182): yii\base\InlineAction->runWithParams(Array)
#22 D:\laragon\www\EVERYDAYMART\vendor\yiisoft\yii2\base\Module.php(547): yii\base\Controller->runAction('create', Array)
#23 D:\laragon\www\EVERYDAYMART\vendor\yiisoft\yii2\web\Application.php(105): yii\base\Module->runAction('outlet/create', Array)
#24 D:\laragon\www\EVERYDAYMART\vendor\yiisoft\yii2\base\Application.php(382): yii\web\Application->handleRequest(Object(yii\web\Request))
#25 D:\laragon\www\EVERYDAYMART\web\index.php(14): yii\base\Application->run()
#26 {main}
2026-08-13 14:02:47 [::1][1][67c0bd3cb91ff07bb6f02402461ccd7e][info][application] $_GET = [
    'r' => 'outlet/create'
]

$_POST = []

$_FILES = []

$_COOKIE = [
    'PHPSESSID' => '67c0bd3cb91ff07bb6f02402461ccd7e'
    '_identity' => '315de64354e447141d4474079587fddbf24651f74f13e00a13a49b181dda432ba:2:{i:0;s:9:\"_identity\";i:1;s:16:\"[1,null,2592000]\";}'
    '_csrf' => 'd185b7b13d7145cccf1e26ce960cbc27520818230a369531ab13616134a98ec8a:2:{i:0;s:5:\"_csrf\";i:1;s:32:\"S2aljW5t4tXTUTEbDVVFHRoUruwqh4v_\";}'
]

$_SESSION = [
    '__flash' => []
    '__id' => 1
    '__authKey' => null
]

$_SERVER = [
    'DOCUMENT_ROOT' => 'D:\\laragon\\www\\EVERYDAYMART\\web'
    'REMOTE_ADDR' => '::1'
    'REMOTE_PORT' => '56814'
    'SERVER_SOFTWARE' => 'PHP/8.4.13 (Development Server)'
    'SERVER_PROTOCOL' => 'HTTP/1.1'
    'SERVER_NAME' => 'localhost'
    'SERVER_PORT' => '8080'
    'REQUEST_URI' => '/index.php?r=outlet%2Fcreate'
    'REQUEST_METHOD' => 'GET'
    'SCRIPT_NAME' => '/index.php'
    'SCRIPT_FILENAME' => 'D:\\laragon\\www\\EVERYDAYMART\\web\\index.php'
    'PHP_SELF' => '/index.php'
    'QUERY_STRING' => 'r=outlet%2Fcreate'
    'HTTP_HOST' => 'localhost:8080'
    'HTTP_CONNECTION' => 'keep-alive'
    'HTTP_UPGRADE_INSECURE_REQUESTS' => '1'
    'HTTP_USER_AGENT' => 'Mozilla/5.0 (Windows NT 10.0; Win64; x64) AppleWebKit/537.36 (KHTML, like Gecko) Code/1.132.0 Chrome/148.0.7778.280 Electron/42.7.1 Safari/537.36'
    'HTTP_ACCEPT' => 'text/html,application/xhtml+xml,application/xml;q=0.9,image/avif,image/webp,image/apng,*/*;q=0.8,application/signed-exchange;v=b3;q=0.7'
    'HTTP_SEC_FETCH_SITE' => 'same-origin'
    'HTTP_SEC_FETCH_MODE' => 'navigate'
    'HTTP_SEC_FETCH_USER' => '?1'
    'HTTP_SEC_FETCH_DEST' => 'document'
    'HTTP_REFERER' => 'http://localhost:8080/index.php?r=outlet%2Findex'
    'HTTP_ACCEPT_ENCODING' => 'gzip, deflate, br, zstd'
    'HTTP_ACCEPT_LANGUAGE' => 'en-US'
    'HTTP_COOKIE' => 'PHPSESSID=67c0bd3cb91ff07bb6f02402461ccd7e; _identity=315de64354e447141d4474079587fddbf24651f74f13e00a13a49b181dda432ba%3A2%3A%7Bi%3A0%3Bs%3A9%3A%22_identity%22%3Bi%3A1%3Bs%3A16%3A%22%5B1%2Cnull%2C2592000%5D%22%3B%7D; _csrf=d185b7b13d7145cccf1e26ce960cbc27520818230a369531ab13616134a98ec8a%3A2%3A%7Bi%3A0%3Bs%3A5%3A%22_csrf%22%3Bi%3A1%3Bs%3A32%3A%22S2aljW5t4tXTUTEbDVVFHRoUruwqh4v_%22%3B%7D'
    'REQUEST_TIME_FLOAT' => 1786604567.5136
    'REQUEST_TIME' => 1786604567
]
2026-08-13 14:03:33 [::1][1][67c0bd3cb91ff07bb6f02402461ccd7e][error][yii\base\UnknownPropertyException] yii\base\UnknownPropertyException: Getting unknown property: app\models\Outlet::nama_outlet in D:\laragon\www\EVERYDAYMART\vendor\yiisoft\yii2\base\Component.php:157
Stack trace:
#0 D:\laragon\www\EVERYDAYMART\vendor\yiisoft\yii2\db\BaseActiveRecord.php(295): yii\base\Component->__get('nama_outlet')
#1 D:\laragon\www\EVERYDAYMART\vendor\yiisoft\yii2\helpers\BaseHtml.php(2296): yii\db\BaseActiveRecord->__get('nama_outlet')
#2 D:\laragon\www\EVERYDAYMART\vendor\yiisoft\yii2\helpers\BaseHtml.php(1388): yii\helpers\BaseHtml::getAttributeValue(Object(app\models\Outlet), 'nama_outlet')
#3 D:\laragon\www\EVERYDAYMART\vendor\yiisoft\yii2\helpers\BaseHtml.php(1444): yii\helpers\BaseHtml::activeInput('text', Object(app\models\Outlet), 'nama_outlet', Array)
#4 D:\laragon\www\EVERYDAYMART\vendor\yiisoft\yii2\widgets\ActiveField.php(409): yii\helpers\BaseHtml::activeTextInput(Object(app\models\Outlet), 'nama_outlet', Array)
#5 D:\laragon\www\EVERYDAYMART\views\outlet\_form.php(38): yii\widgets\ActiveField->textInput(Array)
#6 D:\laragon\www\EVERYDAYMART\vendor\yiisoft\yii2\base\View.php(345): require('D:\\laragon\\www\\...')
#7 [internal function]: yii\base\View->{closure:yii\base\View::renderPhpFile():343}('D:\\laragon\\www\\...', Array)
#8 D:\laragon\www\EVERYDAYMART\vendor\yiisoft\yii2\base\View.php(350): call_user_func_array(Object(Closure), Array)
#9 D:\laragon\www\EVERYDAYMART\vendor\yiisoft\yii2\base\View.php(257): yii\base\View->renderPhpFile('D:\\laragon\\www\\...', Array)
#10 D:\laragon\www\EVERYDAYMART\vendor\yiisoft\yii2\base\View.php(156): yii\base\View->renderFile('D:\\laragon\\www\\...', Array, NULL)
#11 D:\laragon\www\EVERYDAYMART\views\outlet\create.php(16): yii\base\View->render('_form', Array)
#12 D:\laragon\www\EVERYDAYMART\vendor\yiisoft\yii2\base\View.php(345): require('D:\\laragon\\www\\...')
#13 [internal function]: yii\base\View->{closure:yii\base\View::renderPhpFile():343}('D:\\laragon\\www\\...', Array)
#14 D:\laragon\www\EVERYDAYMART\vendor\yiisoft\yii2\base\View.php(350): call_user_func_array(Object(Closure), Array)
#15 D:\laragon\www\EVERYDAYMART\vendor\yiisoft\yii2\base\View.php(257): yii\base\View->renderPhpFile('D:\\laragon\\www\\...', Array)
#16 D:\laragon\www\EVERYDAYMART\vendor\yiisoft\yii2\base\View.php(156): yii\base\View->renderFile('D:\\laragon\\www\\...', Array, Object(app\controllers\OutletController))
#17 D:\laragon\www\EVERYDAYMART\vendor\yiisoft\yii2\base\Controller.php(423): yii\base\View->render('create', Array, Object(app\controllers\OutletController))
#18 D:\laragon\www\EVERYDAYMART\controllers\OutletController.php(80): yii\base\Controller->render('create', Array)
#19 [internal function]: app\controllers\OutletController->actionCreate()
#20 D:\laragon\www\EVERYDAYMART\vendor\yiisoft\yii2\base\InlineAction.php(60): call_user_func_array(Array, Array)
#21 D:\laragon\www\EVERYDAYMART\vendor\yiisoft\yii2\base\Controller.php(182): yii\base\InlineAction->runWithParams(Array)
#22 D:\laragon\www\EVERYDAYMART\vendor\yiisoft\yii2\base\Module.php(547): yii\base\Controller->runAction('create', Array)
#23 D:\laragon\www\EVERYDAYMART\vendor\yiisoft\yii2\web\Application.php(105): yii\base\Module->runAction('outlet/create', Array)
#24 D:\laragon\www\EVERYDAYMART\vendor\yiisoft\yii2\base\Application.php(382): yii\web\Application->handleRequest(Object(yii\web\Request))
#25 D:\laragon\www\EVERYDAYMART\web\index.php(14): yii\base\Application->run()
#26 {main}
2026-08-13 14:03:33 [::1][1][67c0bd3cb91ff07bb6f02402461ccd7e][info][application] $_GET = [
    'r' => 'outlet/create'
]

$_POST = []

$_FILES = []

$_COOKIE = [
    'PHPSESSID' => '67c0bd3cb91ff07bb6f02402461ccd7e'
    '_identity' => '315de64354e447141d4474079587fddbf24651f74f13e00a13a49b181dda432ba:2:{i:0;s:9:\"_identity\";i:1;s:16:\"[1,null,2592000]\";}'
    '_csrf' => 'd185b7b13d7145cccf1e26ce960cbc27520818230a369531ab13616134a98ec8a:2:{i:0;s:5:\"_csrf\";i:1;s:32:\"S2aljW5t4tXTUTEbDVVFHRoUruwqh4v_\";}'
]

$_SESSION = [
    '__flash' => []
    '__id' => 1
    '__authKey' => null
]

$_SERVER = [
    'DOCUMENT_ROOT' => 'D:\\laragon\\www\\EVERYDAYMART\\web'
    'REMOTE_ADDR' => '::1'
    'REMOTE_PORT' => '55685'
    'SERVER_SOFTWARE' => 'PHP/8.4.13 (Development Server)'
    'SERVER_PROTOCOL' => 'HTTP/1.1'
    'SERVER_NAME' => 'localhost'
    'SERVER_PORT' => '8080'
    'REQUEST_URI' => '/index.php?r=outlet%2Fcreate'
    'REQUEST_METHOD' => 'GET'
    'SCRIPT_NAME' => '/index.php'
    'SCRIPT_FILENAME' => 'D:\\laragon\\www\\EVERYDAYMART\\web\\index.php'
    'PHP_SELF' => '/index.php'
    'QUERY_STRING' => 'r=outlet%2Fcreate'
    'HTTP_HOST' => 'localhost:8080'
    'HTTP_CONNECTION' => 'keep-alive'
    'HTTP_UPGRADE_INSECURE_REQUESTS' => '1'
    'HTTP_USER_AGENT' => 'Mozilla/5.0 (Windows NT 10.0; Win64; x64) AppleWebKit/537.36 (KHTML, like Gecko) Code/1.132.0 Chrome/148.0.7778.280 Electron/42.7.1 Safari/537.36'
    'HTTP_ACCEPT' => 'text/html,application/xhtml+xml,application/xml;q=0.9,image/avif,image/webp,image/apng,*/*;q=0.8,application/signed-exchange;v=b3;q=0.7'
    'HTTP_SEC_FETCH_SITE' => 'same-origin'
    'HTTP_SEC_FETCH_MODE' => 'navigate'
    'HTTP_SEC_FETCH_USER' => '?1'
    'HTTP_SEC_FETCH_DEST' => 'document'
    'HTTP_REFERER' => 'http://localhost:8080/index.php?r=outlet%2Findex'
    'HTTP_ACCEPT_ENCODING' => 'gzip, deflate, br, zstd'
    'HTTP_ACCEPT_LANGUAGE' => 'en-US'
    'HTTP_COOKIE' => 'PHPSESSID=67c0bd3cb91ff07bb6f02402461ccd7e; _identity=315de64354e447141d4474079587fddbf24651f74f13e00a13a49b181dda432ba%3A2%3A%7Bi%3A0%3Bs%3A9%3A%22_identity%22%3Bi%3A1%3Bs%3A16%3A%22%5B1%2Cnull%2C2592000%5D%22%3B%7D; _csrf=d185b7b13d7145cccf1e26ce960cbc27520818230a369531ab13616134a98ec8a%3A2%3A%7Bi%3A0%3Bs%3A5%3A%22_csrf%22%3Bi%3A1%3Bs%3A32%3A%22S2aljW5t4tXTUTEbDVVFHRoUruwqh4v_%22%3B%7D'
    'REQUEST_TIME_FLOAT' => 1786604613.7692
    'REQUEST_TIME' => 1786604613
]
2026-08-13 15:05:38 [::1][3][528ab8afbea490708ca8d3e219b2915c][error][Error] Error: Class "Html" not found in D:\laragon\www\EVERYDAYMART\views\transaksi\view.php:7
Stack trace:
#0 D:\laragon\www\EVERYDAYMART\vendor\yiisoft\yii2\base\View.php(345): require()
#1 [internal function]: yii\base\View->{closure:yii\base\View::renderPhpFile():343}('D:\\laragon\\www\\...', Array)
#2 D:\laragon\www\EVERYDAYMART\vendor\yiisoft\yii2\base\View.php(350): call_user_func_array(Object(Closure), Array)
#3 D:\laragon\www\EVERYDAYMART\vendor\yiisoft\yii2\base\View.php(257): yii\base\View->renderPhpFile('D:\\laragon\\www\\...', Array)
#4 D:\laragon\www\EVERYDAYMART\vendor\yiisoft\yii2\base\View.php(156): yii\base\View->renderFile('D:\\laragon\\www\\...', Array, Object(app\controllers\TransaksiController))
#5 D:\laragon\www\EVERYDAYMART\vendor\yiisoft\yii2\base\Controller.php(423): yii\base\View->render('view', Array, Object(app\controllers\TransaksiController))
#6 D:\laragon\www\EVERYDAYMART\controllers\TransaksiController.php(71): yii\base\Controller->render('view', Array)
#7 [internal function]: app\controllers\TransaksiController->actionView('16')
#8 D:\laragon\www\EVERYDAYMART\vendor\yiisoft\yii2\base\InlineAction.php(60): call_user_func_array(Array, Array)
#9 D:\laragon\www\EVERYDAYMART\vendor\yiisoft\yii2\base\Controller.php(182): yii\base\InlineAction->runWithParams(Array)
#10 D:\laragon\www\EVERYDAYMART\vendor\yiisoft\yii2\base\Module.php(547): yii\base\Controller->runAction('view', Array)
#11 D:\laragon\www\EVERYDAYMART\vendor\yiisoft\yii2\web\Application.php(105): yii\base\Module->runAction('transaksi/view', Array)
#12 D:\laragon\www\EVERYDAYMART\vendor\yiisoft\yii2\base\Application.php(382): yii\web\Application->handleRequest(Object(yii\web\Request))
#13 D:\laragon\www\EVERYDAYMART\web\index.php(14): yii\base\Application->run()
#14 {main}
2026-08-13 15:05:37 [::1][3][528ab8afbea490708ca8d3e219b2915c][info][application] $_GET = [
    'r' => 'transaksi/view'
    'id' => '16'
]

$_POST = []

$_FILES = []

$_COOKIE = [
    'PHPSESSID' => '528ab8afbea490708ca8d3e219b2915c'
    '_identity' => 'ef7d999dd16846b4ca752da9ffc96ccc3926929c8867673a4a424da8437c5ffba:2:{i:0;s:9:\"_identity\";i:1;s:16:\"[3,null,2592000]\";}'
    '_csrf' => '3d8c0b12f776f5451782a08bcd135717533a68dcc04b25bfcb3a170621f54fbaa:2:{i:0;s:5:\"_csrf\";i:1;s:32:\"2Pw3oZyQQ-XFEY5wvyU-EqXFsxYY6XaN\";}'
]

$_SESSION = [
    '__flash' => []
    '__id' => 3
    '__authKey' => null
]

$_SERVER = [
    'DOCUMENT_ROOT' => 'D:\\laragon\\www\\EVERYDAYMART\\web'
    'REMOTE_ADDR' => '::1'
    'REMOTE_PORT' => '56347'
    'SERVER_SOFTWARE' => 'PHP/8.4.13 (Development Server)'
    'SERVER_PROTOCOL' => 'HTTP/1.1'
    'SERVER_NAME' => 'localhost'
    'SERVER_PORT' => '8080'
    'REQUEST_URI' => '/index.php?r=transaksi%2Fview&id=16'
    'REQUEST_METHOD' => 'GET'
    'SCRIPT_NAME' => '/index.php'
    'SCRIPT_FILENAME' => 'D:\\laragon\\www\\EVERYDAYMART\\web\\index.php'
    'PHP_SELF' => '/index.php'
    'QUERY_STRING' => 'r=transaksi%2Fview&id=16'
    'HTTP_HOST' => 'localhost:8080'
    'HTTP_CONNECTION' => 'keep-alive'
    'HTTP_CACHE_CONTROL' => 'max-age=0'
    'HTTP_UPGRADE_INSECURE_REQUESTS' => '1'
    'HTTP_USER_AGENT' => 'Mozilla/5.0 (Windows NT 10.0; Win64; x64) AppleWebKit/537.36 (KHTML, like Gecko) Code/1.132.0 Chrome/148.0.7778.280 Electron/42.7.1 Safari/537.36'
    'HTTP_ACCEPT' => 'text/html,application/xhtml+xml,application/xml;q=0.9,image/avif,image/webp,image/apng,*/*;q=0.8,application/signed-exchange;v=b3;q=0.7'
    'HTTP_SEC_FETCH_SITE' => 'same-origin'
    'HTTP_SEC_FETCH_MODE' => 'navigate'
    'HTTP_SEC_FETCH_USER' => '?1'
    'HTTP_SEC_FETCH_DEST' => 'document'
    'HTTP_REFERER' => 'http://localhost:8080/index.php?r=transaksi%2Fcreate'
    'HTTP_ACCEPT_ENCODING' => 'gzip, deflate, br, zstd'
    'HTTP_ACCEPT_LANGUAGE' => 'en-US'
    'HTTP_COOKIE' => 'PHPSESSID=528ab8afbea490708ca8d3e219b2915c; _identity=ef7d999dd16846b4ca752da9ffc96ccc3926929c8867673a4a424da8437c5ffba%3A2%3A%7Bi%3A0%3Bs%3A9%3A%22_identity%22%3Bi%3A1%3Bs%3A16%3A%22%5B3%2Cnull%2C2592000%5D%22%3B%7D; _csrf=3d8c0b12f776f5451782a08bcd135717533a68dcc04b25bfcb3a170621f54fbaa%3A2%3A%7Bi%3A0%3Bs%3A5%3A%22_csrf%22%3Bi%3A1%3Bs%3A32%3A%222Pw3oZyQQ-XFEY5wvyU-EqXFsxYY6XaN%22%3B%7D'
    'REQUEST_TIME_FLOAT' => 1786608337.5646
    'REQUEST_TIME' => 1786608337
]
2026-08-13 15:11:22 [::1][3][528ab8afbea490708ca8d3e219b2915c][error][ParseError] ParseError: syntax error, unexpected token "return", expecting "function" in D:\laragon\www\EVERYDAYMART\controllers\TransaksiController.php:109
Stack trace:
#0 [internal function]: yii\BaseYii::autoload('app\\controllers...')
#1 D:\laragon\www\EVERYDAYMART\vendor\yiisoft\yii2\base\Module.php(662): class_exists('app\\controllers...')
#2 D:\laragon\www\EVERYDAYMART\vendor\yiisoft\yii2\base\Module.php(618): yii\base\Module->createControllerByID('transaksi')
#3 D:\laragon\www\EVERYDAYMART\vendor\yiisoft\yii2\base\Module.php(542): yii\base\Module->createController('create')
#4 D:\laragon\www\EVERYDAYMART\vendor\yiisoft\yii2\web\Application.php(105): yii\base\Module->runAction('transaksi/creat...', Array)
#5 D:\laragon\www\EVERYDAYMART\vendor\yiisoft\yii2\base\Application.php(382): yii\web\Application->handleRequest(Object(yii\web\Request))
#6 D:\laragon\www\EVERYDAYMART\web\index.php(14): yii\base\Application->run()
#7 {main}
2026-08-13 15:11:21 [::1][3][528ab8afbea490708ca8d3e219b2915c][info][application] $_GET = [
    'r' => 'transaksi/create'
]

$_POST = []

$_FILES = []

$_COOKIE = [
    'PHPSESSID' => '528ab8afbea490708ca8d3e219b2915c'
    '_identity' => 'ef7d999dd16846b4ca752da9ffc96ccc3926929c8867673a4a424da8437c5ffba:2:{i:0;s:9:\"_identity\";i:1;s:16:\"[3,null,2592000]\";}'
    '_csrf' => '3d8c0b12f776f5451782a08bcd135717533a68dcc04b25bfcb3a170621f54fbaa:2:{i:0;s:5:\"_csrf\";i:1;s:32:\"2Pw3oZyQQ-XFEY5wvyU-EqXFsxYY6XaN\";}'
]

$_SESSION = [
    '__flash' => []
    '__id' => 3
    '__authKey' => null
]

$_SERVER = [
    'DOCUMENT_ROOT' => 'D:\\laragon\\www\\EVERYDAYMART\\web'
    'REMOTE_ADDR' => '::1'
    'REMOTE_PORT' => '58656'
    'SERVER_SOFTWARE' => 'PHP/8.4.13 (Development Server)'
    'SERVER_PROTOCOL' => 'HTTP/1.1'
    'SERVER_NAME' => 'localhost'
    'SERVER_PORT' => '8080'
    'REQUEST_URI' => '/index.php?r=transaksi%2Fcreate'
    'REQUEST_METHOD' => 'GET'
    'SCRIPT_NAME' => '/index.php'
    'SCRIPT_FILENAME' => 'D:\\laragon\\www\\EVERYDAYMART\\web\\index.php'
    'PHP_SELF' => '/index.php'
    'QUERY_STRING' => 'r=transaksi%2Fcreate'
    'HTTP_HOST' => 'localhost:8080'
    'HTTP_CONNECTION' => 'keep-alive'
    'HTTP_CACHE_CONTROL' => 'max-age=0'
    'HTTP_UPGRADE_INSECURE_REQUESTS' => '1'
    'HTTP_USER_AGENT' => 'Mozilla/5.0 (Windows NT 10.0; Win64; x64) AppleWebKit/537.36 (KHTML, like Gecko) Code/1.132.0 Chrome/148.0.7778.280 Electron/42.7.1 Safari/537.36'
    'HTTP_ACCEPT' => 'text/html,application/xhtml+xml,application/xml;q=0.9,image/avif,image/webp,image/apng,*/*;q=0.8,application/signed-exchange;v=b3;q=0.7'
    'HTTP_SEC_FETCH_SITE' => 'same-origin'
    'HTTP_SEC_FETCH_MODE' => 'navigate'
    'HTTP_SEC_FETCH_USER' => '?1'
    'HTTP_SEC_FETCH_DEST' => 'document'
    'HTTP_REFERER' => 'http://localhost:8080/index.php?r=transaksi%2Findex'
    'HTTP_ACCEPT_ENCODING' => 'gzip, deflate, br, zstd'
    'HTTP_ACCEPT_LANGUAGE' => 'en-US'
    'HTTP_COOKIE' => 'PHPSESSID=528ab8afbea490708ca8d3e219b2915c; _identity=ef7d999dd16846b4ca752da9ffc96ccc3926929c8867673a4a424da8437c5ffba%3A2%3A%7Bi%3A0%3Bs%3A9%3A%22_identity%22%3Bi%3A1%3Bs%3A16%3A%22%5B3%2Cnull%2C2592000%5D%22%3B%7D; _csrf=3d8c0b12f776f5451782a08bcd135717533a68dcc04b25bfcb3a170621f54fbaa%3A2%3A%7Bi%3A0%3Bs%3A5%3A%22_csrf%22%3Bi%3A1%3Bs%3A32%3A%222Pw3oZyQQ-XFEY5wvyU-EqXFsxYY6XaN%22%3B%7D'
    'REQUEST_TIME_FLOAT' => 1786608681.5091
    'REQUEST_TIME' => 1786608681
]
2026-08-13 15:12:01 [::1][3][528ab8afbea490708ca8d3e219b2915c][error][yii\base\UnknownPropertyException] yii\base\UnknownPropertyException: Setting unknown property: app\models\Transaksi::id_user in D:\laragon\www\EVERYDAYMART\vendor\yiisoft\yii2\base\Component.php:224
Stack trace:
#0 D:\laragon\www\EVERYDAYMART\vendor\yiisoft\yii2\db\BaseActiveRecord.php(321): yii\base\Component->__set('id_user', 3)
#1 D:\laragon\www\EVERYDAYMART\controllers\TransaksiController.php(96): yii\db\BaseActiveRecord->__set('id_user', 3)
#2 [internal function]: app\controllers\TransaksiController->actionCreate()
#3 D:\laragon\www\EVERYDAYMART\vendor\yiisoft\yii2\base\InlineAction.php(60): call_user_func_array(Array, Array)
#4 D:\laragon\www\EVERYDAYMART\vendor\yiisoft\yii2\base\Controller.php(182): yii\base\InlineAction->runWithParams(Array)
#5 D:\laragon\www\EVERYDAYMART\vendor\yiisoft\yii2\base\Module.php(547): yii\base\Controller->runAction('create', Array)
#6 D:\laragon\www\EVERYDAYMART\vendor\yiisoft\yii2\web\Application.php(105): yii\base\Module->runAction('transaksi/creat...', Array)
#7 D:\laragon\www\EVERYDAYMART\vendor\yiisoft\yii2\base\Application.php(382): yii\web\Application->handleRequest(Object(yii\web\Request))
#8 D:\laragon\www\EVERYDAYMART\web\index.php(14): yii\base\Application->run()
#9 {main}
2026-08-13 15:12:01 [::1][3][528ab8afbea490708ca8d3e219b2915c][info][application] $_GET = [
    'r' => 'transaksi/create'
]

$_POST = [
    '_csrf' => 'agfZo0GcO9mLj67oc3398t8ABrBekKxT22hRtdtlW31YV66QLsZCiNqi9q42JMiFqXlTnRvh9BWoEAjs7T06Mw=='
    'Transaksi' => [
        'customer' => ''
        'waiter' => 'kasir1'
        'id_outlet' => '1'
        'total_harga' => '0'
    ]
]

$_FILES = []

$_COOKIE = [
    'PHPSESSID' => '528ab8afbea490708ca8d3e219b2915c'
    '_identity' => 'ef7d999dd16846b4ca752da9ffc96ccc3926929c8867673a4a424da8437c5ffba:2:{i:0;s:9:\"_identity\";i:1;s:16:\"[3,null,2592000]\";}'
    '_csrf' => '3d8c0b12f776f5451782a08bcd135717533a68dcc04b25bfcb3a170621f54fbaa:2:{i:0;s:5:\"_csrf\";i:1;s:32:\"2Pw3oZyQQ-XFEY5wvyU-EqXFsxYY6XaN\";}'
]

$_SESSION = [
    '__flash' => []
    '__id' => 3
    '__authKey' => null
]

$_SERVER = [
    'DOCUMENT_ROOT' => 'D:\\laragon\\www\\EVERYDAYMART\\web'
    'REMOTE_ADDR' => '::1'
    'REMOTE_PORT' => '62806'
    'SERVER_SOFTWARE' => 'PHP/8.4.13 (Development Server)'
    'SERVER_PROTOCOL' => 'HTTP/1.1'
    'SERVER_NAME' => 'localhost'
    'SERVER_PORT' => '8080'
    'REQUEST_URI' => '/index.php?r=transaksi%2Fcreate'
    'REQUEST_METHOD' => 'POST'
    'SCRIPT_NAME' => '/index.php'
    'SCRIPT_FILENAME' => 'D:\\laragon\\www\\EVERYDAYMART\\web\\index.php'
    'PHP_SELF' => '/index.php'
    'QUERY_STRING' => 'r=transaksi%2Fcreate'
    'HTTP_HOST' => 'localhost:8080'
    'HTTP_CONNECTION' => 'keep-alive'
    'CONTENT_LENGTH' => '208'
    'HTTP_CONTENT_LENGTH' => '208'
    'HTTP_CACHE_CONTROL' => 'max-age=0'
    'HTTP_UPGRADE_INSECURE_REQUESTS' => '1'
    'CONTENT_TYPE' => 'application/x-www-form-urlencoded'
    'HTTP_CONTENT_TYPE' => 'application/x-www-form-urlencoded'
    'HTTP_USER_AGENT' => 'Mozilla/5.0 (Windows NT 10.0; Win64; x64) AppleWebKit/537.36 (KHTML, like Gecko) Code/1.132.0 Chrome/148.0.7778.280 Electron/42.7.1 Safari/537.36'
    'HTTP_ORIGIN' => 'http://localhost:8080'
    'HTTP_ACCEPT' => 'text/html,application/xhtml+xml,application/xml;q=0.9,image/avif,image/webp,image/apng,*/*;q=0.8,application/signed-exchange;v=b3;q=0.7'
    'HTTP_SEC_FETCH_SITE' => 'same-origin'
    'HTTP_SEC_FETCH_MODE' => 'navigate'
    'HTTP_SEC_FETCH_USER' => '?1'
    'HTTP_SEC_FETCH_DEST' => 'document'
    'HTTP_REFERER' => 'http://localhost:8080/index.php?r=transaksi%2Fcreate'
    'HTTP_ACCEPT_ENCODING' => 'gzip, deflate, br, zstd'
    'HTTP_ACCEPT_LANGUAGE' => 'en-US'
    'HTTP_COOKIE' => 'PHPSESSID=528ab8afbea490708ca8d3e219b2915c; _identity=ef7d999dd16846b4ca752da9ffc96ccc3926929c8867673a4a424da8437c5ffba%3A2%3A%7Bi%3A0%3Bs%3A9%3A%22_identity%22%3Bi%3A1%3Bs%3A16%3A%22%5B3%2Cnull%2C2592000%5D%22%3B%7D; _csrf=3d8c0b12f776f5451782a08bcd135717533a68dcc04b25bfcb3a170621f54fbaa%3A2%3A%7Bi%3A0%3Bs%3A5%3A%22_csrf%22%3Bi%3A1%3Bs%3A32%3A%222Pw3oZyQQ-XFEY5wvyU-EqXFsxYY6XaN%22%3B%7D'
    'REQUEST_TIME_FLOAT' => 1786608721.552
    'REQUEST_TIME' => 1786608721
]
2026-08-13 15:14:38 [::1][3][528ab8afbea490708ca8d3e219b2915c][error][yii\base\UnknownPropertyException] yii\base\UnknownPropertyException: Setting unknown property: app\models\Transaksi::id_user in D:\laragon\www\EVERYDAYMART\vendor\yiisoft\yii2\base\Component.php:224
Stack trace:
#0 D:\laragon\www\EVERYDAYMART\vendor\yiisoft\yii2\db\BaseActiveRecord.php(321): yii\base\Component->__set('id_user', 3)
#1 D:\laragon\www\EVERYDAYMART\controllers\TransaksiController.php(96): yii\db\BaseActiveRecord->__set('id_user', 3)
#2 [internal function]: app\controllers\TransaksiController->actionCreate()
#3 D:\laragon\www\EVERYDAYMART\vendor\yiisoft\yii2\base\InlineAction.php(60): call_user_func_array(Array, Array)
#4 D:\laragon\www\EVERYDAYMART\vendor\yiisoft\yii2\base\Controller.php(182): yii\base\InlineAction->runWithParams(Array)
#5 D:\laragon\www\EVERYDAYMART\vendor\yiisoft\yii2\base\Module.php(547): yii\base\Controller->runAction('create', Array)
#6 D:\laragon\www\EVERYDAYMART\vendor\yiisoft\yii2\web\Application.php(105): yii\base\Module->runAction('transaksi/creat...', Array)
#7 D:\laragon\www\EVERYDAYMART\vendor\yiisoft\yii2\base\Application.php(382): yii\web\Application->handleRequest(Object(yii\web\Request))
#8 D:\laragon\www\EVERYDAYMART\web\index.php(14): yii\base\Application->run()
#9 {main}
2026-08-13 15:14:37 [::1][3][528ab8afbea490708ca8d3e219b2915c][info][application] $_GET = [
    'r' => 'transaksi/create'
]

$_POST = [
    '_csrf' => 'UgIKwOMgFvstwzZ-xO4ixuSgbBcFvHSX8u4PvILaw8hgUn3zjHpvqnzubjiBtxexktk5OkDNLNGBllbltIKihg=='
    'Transaksi' => [
        'customer' => ''
        'waiter' => 'kasir1'
        'id_outlet' => '1'
        'total_harga' => '0'
    ]
]

$_FILES = []

$_COOKIE = [
    'PHPSESSID' => '528ab8afbea490708ca8d3e219b2915c'
    '_identity' => 'ef7d999dd16846b4ca752da9ffc96ccc3926929c8867673a4a424da8437c5ffba:2:{i:0;s:9:\"_identity\";i:1;s:16:\"[3,null,2592000]\";}'
    '_csrf' => '3d8c0b12f776f5451782a08bcd135717533a68dcc04b25bfcb3a170621f54fbaa:2:{i:0;s:5:\"_csrf\";i:1;s:32:\"2Pw3oZyQQ-XFEY5wvyU-EqXFsxYY6XaN\";}'
]

$_SESSION = [
    '__flash' => []
    '__id' => 3
    '__authKey' => null
]

$_SERVER = [
    'DOCUMENT_ROOT' => 'D:\\laragon\\www\\EVERYDAYMART\\web'
    'REMOTE_ADDR' => '::1'
    'REMOTE_PORT' => '50374'
    'SERVER_SOFTWARE' => 'PHP/8.4.13 (Development Server)'
    'SERVER_PROTOCOL' => 'HTTP/1.1'
    'SERVER_NAME' => 'localhost'
    'SERVER_PORT' => '8080'
    'REQUEST_URI' => '/index.php?r=transaksi%2Fcreate'
    'REQUEST_METHOD' => 'POST'
    'SCRIPT_NAME' => '/index.php'
    'SCRIPT_FILENAME' => 'D:\\laragon\\www\\EVERYDAYMART\\web\\index.php'
    'PHP_SELF' => '/index.php'
    'QUERY_STRING' => 'r=transaksi%2Fcreate'
    'HTTP_HOST' => 'localhost:8080'
    'HTTP_CONNECTION' => 'keep-alive'
    'CONTENT_LENGTH' => '208'
    'HTTP_CONTENT_LENGTH' => '208'
    'HTTP_CACHE_CONTROL' => 'max-age=0'
    'HTTP_UPGRADE_INSECURE_REQUESTS' => '1'
    'CONTENT_TYPE' => 'application/x-www-form-urlencoded'
    'HTTP_CONTENT_TYPE' => 'application/x-www-form-urlencoded'
    'HTTP_USER_AGENT' => 'Mozilla/5.0 (Windows NT 10.0; Win64; x64) AppleWebKit/537.36 (KHTML, like Gecko) Code/1.132.0 Chrome/148.0.7778.280 Electron/42.7.1 Safari/537.36'
    'HTTP_ORIGIN' => 'http://localhost:8080'
    'HTTP_ACCEPT' => 'text/html,application/xhtml+xml,application/xml;q=0.9,image/avif,image/webp,image/apng,*/*;q=0.8,application/signed-exchange;v=b3;q=0.7'
    'HTTP_SEC_FETCH_SITE' => 'same-origin'
    'HTTP_SEC_FETCH_MODE' => 'navigate'
    'HTTP_SEC_FETCH_USER' => '?1'
    'HTTP_SEC_FETCH_DEST' => 'document'
    'HTTP_REFERER' => 'http://localhost:8080/index.php?r=transaksi%2Fcreate'
    'HTTP_ACCEPT_ENCODING' => 'gzip, deflate, br, zstd'
    'HTTP_ACCEPT_LANGUAGE' => 'en-US'
    'HTTP_COOKIE' => 'PHPSESSID=528ab8afbea490708ca8d3e219b2915c; _identity=ef7d999dd16846b4ca752da9ffc96ccc3926929c8867673a4a424da8437c5ffba%3A2%3A%7Bi%3A0%3Bs%3A9%3A%22_identity%22%3Bi%3A1%3Bs%3A16%3A%22%5B3%2Cnull%2C2592000%5D%22%3B%7D; _csrf=3d8c0b12f776f5451782a08bcd135717533a68dcc04b25bfcb3a170621f54fbaa%3A2%3A%7Bi%3A0%3Bs%3A5%3A%22_csrf%22%3Bi%3A1%3Bs%3A32%3A%222Pw3oZyQQ-XFEY5wvyU-EqXFsxYY6XaN%22%3B%7D'
    'REQUEST_TIME_FLOAT' => 1786608877.8056
    'REQUEST_TIME' => 1786608877
]
2026-08-13 15:18:33 [::1][3][528ab8afbea490708ca8d3e219b2915c][error][yii\base\UnknownPropertyException] yii\base\UnknownPropertyException: Setting unknown property: app\models\Transaksi::id_user in D:\laragon\www\EVERYDAYMART\vendor\yiisoft\yii2\base\Component.php:224
Stack trace:
#0 D:\laragon\www\EVERYDAYMART\vendor\yiisoft\yii2\db\BaseActiveRecord.php(321): yii\base\Component->__set('id_user', 3)
#1 D:\laragon\www\EVERYDAYMART\controllers\TransaksiController.php(96): yii\db\BaseActiveRecord->__set('id_user', 3)
#2 [internal function]: app\controllers\TransaksiController->actionCreate()
#3 D:\laragon\www\EVERYDAYMART\vendor\yiisoft\yii2\base\InlineAction.php(60): call_user_func_array(Array, Array)
#4 D:\laragon\www\EVERYDAYMART\vendor\yiisoft\yii2\base\Controller.php(182): yii\base\InlineAction->runWithParams(Array)
#5 D:\laragon\www\EVERYDAYMART\vendor\yiisoft\yii2\base\Module.php(547): yii\base\Controller->runAction('create', Array)
#6 D:\laragon\www\EVERYDAYMART\vendor\yiisoft\yii2\web\Application.php(105): yii\base\Module->runAction('transaksi/creat...', Array)
#7 D:\laragon\www\EVERYDAYMART\vendor\yiisoft\yii2\base\Application.php(382): yii\web\Application->handleRequest(Object(yii\web\Request))
#8 D:\laragon\www\EVERYDAYMART\web\index.php(14): yii\base\Application->run()
#9 {main}
2026-08-13 15:18:33 [::1][3][528ab8afbea490708ca8d3e219b2915c][info][application] $_GET = [
    'r' => 'transaksi/create'
]

$_POST = [
    '_csrf' => 'z08qI_2IIwKfYK4RNtOibhG0wbFkngj0pQHvbqh_VKz9H10QktJaU85N9ldzipcZZ82UnCHvULLWebY3nic14g=='
    'Transaksi' => [
        'customer' => ''
        'waiter' => 'kasir1'
        'id_outlet' => '1'
        'total_harga' => '55500'
    ]
    'DetailTransaksi' => [
        0 => [
            'id_barang' => '4'
            'jumlah' => '2'
            'total_harga_item' => '50000'
        ]
    ]
]

$_FILES = []

$_COOKIE = [
    'PHPSESSID' => '528ab8afbea490708ca8d3e219b2915c'
    '_identity' => 'ef7d999dd16846b4ca752da9ffc96ccc3926929c8867673a4a424da8437c5ffba:2:{i:0;s:9:\"_identity\";i:1;s:16:\"[3,null,2592000]\";}'
    '_csrf' => '3d8c0b12f776f5451782a08bcd135717533a68dcc04b25bfcb3a170621f54fbaa:2:{i:0;s:5:\"_csrf\";i:1;s:32:\"2Pw3oZyQQ-XFEY5wvyU-EqXFsxYY6XaN\";}'
]

$_SESSION = [
    '__flash' => []
    '__id' => 3
    '__authKey' => null
]

$_SERVER = [
    'DOCUMENT_ROOT' => 'D:\\laragon\\www\\EVERYDAYMART\\web'
    'REMOTE_ADDR' => '::1'
    'REMOTE_PORT' => '61440'
    'SERVER_SOFTWARE' => 'PHP/8.4.13 (Development Server)'
    'SERVER_PROTOCOL' => 'HTTP/1.1'
    'SERVER_NAME' => 'localhost'
    'SERVER_PORT' => '8080'
    'REQUEST_URI' => '/index.php?r=transaksi%2Fcreate'
    'REQUEST_METHOD' => 'POST'
    'SCRIPT_NAME' => '/index.php'
    'SCRIPT_FILENAME' => 'D:\\laragon\\www\\EVERYDAYMART\\web\\index.php'
    'PHP_SELF' => '/index.php'
    'QUERY_STRING' => 'r=transaksi%2Fcreate'
    'HTTP_HOST' => 'localhost:8080'
    'HTTP_CONNECTION' => 'keep-alive'
    'CONTENT_LENGTH' => '340'
    'HTTP_CONTENT_LENGTH' => '340'
    'HTTP_CACHE_CONTROL' => 'max-age=0'
    'HTTP_UPGRADE_INSECURE_REQUESTS' => '1'
    'CONTENT_TYPE' => 'application/x-www-form-urlencoded'
    'HTTP_CONTENT_TYPE' => 'application/x-www-form-urlencoded'
    'HTTP_USER_AGENT' => 'Mozilla/5.0 (Windows NT 10.0; Win64; x64) AppleWebKit/537.36 (KHTML, like Gecko) Code/1.132.0 Chrome/148.0.7778.280 Electron/42.7.1 Safari/537.36'
    'HTTP_ORIGIN' => 'http://localhost:8080'
    'HTTP_ACCEPT' => 'text/html,application/xhtml+xml,application/xml;q=0.9,image/avif,image/webp,image/apng,*/*;q=0.8,application/signed-exchange;v=b3;q=0.7'
    'HTTP_SEC_FETCH_SITE' => 'same-origin'
    'HTTP_SEC_FETCH_MODE' => 'navigate'
    'HTTP_SEC_FETCH_USER' => '?1'
    'HTTP_SEC_FETCH_DEST' => 'document'
    'HTTP_REFERER' => 'http://localhost:8080/index.php?r=transaksi%2Fcreate'
    'HTTP_ACCEPT_ENCODING' => 'gzip, deflate, br, zstd'
    'HTTP_ACCEPT_LANGUAGE' => 'en-US'
    'HTTP_COOKIE' => 'PHPSESSID=528ab8afbea490708ca8d3e219b2915c; _identity=ef7d999dd16846b4ca752da9ffc96ccc3926929c8867673a4a424da8437c5ffba%3A2%3A%7Bi%3A0%3Bs%3A9%3A%22_identity%22%3Bi%3A1%3Bs%3A16%3A%22%5B3%2Cnull%2C2592000%5D%22%3B%7D; _csrf=3d8c0b12f776f5451782a08bcd135717533a68dcc04b25bfcb3a170621f54fbaa%3A2%3A%7Bi%3A0%3Bs%3A5%3A%22_csrf%22%3Bi%3A1%3Bs%3A32%3A%222Pw3oZyQQ-XFEY5wvyU-EqXFsxYY6XaN%22%3B%7D'
    'REQUEST_TIME_FLOAT' => 1786609113.3414
    'REQUEST_TIME' => 1786609113
]
2026-08-13 15:27:35 [::1][3][528ab8afbea490708ca8d3e219b2915c][error][ParseError] ParseError: syntax error, unexpected token "return", expecting "function" in D:\laragon\www\EVERYDAYMART\controllers\TransaksiController.php:205
Stack trace:
#0 [internal function]: yii\BaseYii::autoload('app\\controllers...')
#1 D:\laragon\www\EVERYDAYMART\vendor\yiisoft\yii2\base\Module.php(662): class_exists('app\\controllers...')
#2 D:\laragon\www\EVERYDAYMART\vendor\yiisoft\yii2\base\Module.php(618): yii\base\Module->createControllerByID('transaksi')
#3 D:\laragon\www\EVERYDAYMART\vendor\yiisoft\yii2\base\Module.php(542): yii\base\Module->createController('create')
#4 D:\laragon\www\EVERYDAYMART\vendor\yiisoft\yii2\web\Application.php(105): yii\base\Module->runAction('transaksi/creat...', Array)
#5 D:\laragon\www\EVERYDAYMART\vendor\yiisoft\yii2\base\Application.php(382): yii\web\Application->handleRequest(Object(yii\web\Request))
#6 D:\laragon\www\EVERYDAYMART\web\index.php(14): yii\base\Application->run()
#7 {main}
2026-08-13 15:27:35 [::1][3][528ab8afbea490708ca8d3e219b2915c][info][application] $_GET = [
    'r' => 'transaksi/create'
]

$_POST = [
    '_csrf' => 'tYelWkI4IUzsbk-cPJkePlasTt2zd4HlBE-2BZJf4ryH19JpLWJYHb1DF9p5wCtJINUb8PYG2aN3N-9cpAeD8g=='
    'Transaksi' => [
        'customer' => 'aku'
        'waiter' => 'kasir1'
        'id_outlet' => '1'
        'total_harga' => '55500'
    ]
    'DetailTransaksi' => [
        0 => [
            'id_barang' => '4'
            'jumlah' => '2'
            'total_harga_item' => '50000'
        ]
    ]
]

$_FILES = []

$_COOKIE = [
    'PHPSESSID' => '528ab8afbea490708ca8d3e219b2915c'
    '_identity' => 'ef7d999dd16846b4ca752da9ffc96ccc3926929c8867673a4a424da8437c5ffba:2:{i:0;s:9:\"_identity\";i:1;s:16:\"[3,null,2592000]\";}'
    '_csrf' => '3d8c0b12f776f5451782a08bcd135717533a68dcc04b25bfcb3a170621f54fbaa:2:{i:0;s:5:\"_csrf\";i:1;s:32:\"2Pw3oZyQQ-XFEY5wvyU-EqXFsxYY6XaN\";}'
]

$_SESSION = [
    '__flash' => []
    '__id' => 3
    '__authKey' => null
]

$_SERVER = [
    'DOCUMENT_ROOT' => 'D:\\laragon\\www\\EVERYDAYMART\\web'
    'REMOTE_ADDR' => '::1'
    'REMOTE_PORT' => '58687'
    'SERVER_SOFTWARE' => 'PHP/8.4.13 (Development Server)'
    'SERVER_PROTOCOL' => 'HTTP/1.1'
    'SERVER_NAME' => 'localhost'
    'SERVER_PORT' => '8080'
    'REQUEST_URI' => '/index.php?r=transaksi%2Fcreate'
    'REQUEST_METHOD' => 'POST'
    'SCRIPT_NAME' => '/index.php'
    'SCRIPT_FILENAME' => 'D:\\laragon\\www\\EVERYDAYMART\\web\\index.php'
    'PHP_SELF' => '/index.php'
    'QUERY_STRING' => 'r=transaksi%2Fcreate'
    'HTTP_HOST' => 'localhost:8080'
    'HTTP_CONNECTION' => 'keep-alive'
    'CONTENT_LENGTH' => '343'
    'HTTP_CONTENT_LENGTH' => '343'
    'HTTP_CACHE_CONTROL' => 'max-age=0'
    'HTTP_UPGRADE_INSECURE_REQUESTS' => '1'
    'CONTENT_TYPE' => 'application/x-www-form-urlencoded'
    'HTTP_CONTENT_TYPE' => 'application/x-www-form-urlencoded'
    'HTTP_USER_AGENT' => 'Mozilla/5.0 (Windows NT 10.0; Win64; x64) AppleWebKit/537.36 (KHTML, like Gecko) Code/1.132.0 Chrome/148.0.7778.280 Electron/42.7.1 Safari/537.36'
    'HTTP_ORIGIN' => 'http://localhost:8080'
    'HTTP_ACCEPT' => 'text/html,application/xhtml+xml,application/xml;q=0.9,image/avif,image/webp,image/apng,*/*;q=0.8,application/signed-exchange;v=b3;q=0.7'
    'HTTP_SEC_FETCH_SITE' => 'same-origin'
    'HTTP_SEC_FETCH_MODE' => 'navigate'
    'HTTP_SEC_FETCH_USER' => '?1'
    'HTTP_SEC_FETCH_DEST' => 'document'
    'HTTP_REFERER' => 'http://localhost:8080/index.php?r=transaksi%2Fcreate'
    'HTTP_ACCEPT_ENCODING' => 'gzip, deflate, br, zstd'
    'HTTP_ACCEPT_LANGUAGE' => 'en-US'
    'HTTP_COOKIE' => 'PHPSESSID=528ab8afbea490708ca8d3e219b2915c; _identity=ef7d999dd16846b4ca752da9ffc96ccc3926929c8867673a4a424da8437c5ffba%3A2%3A%7Bi%3A0%3Bs%3A9%3A%22_identity%22%3Bi%3A1%3Bs%3A16%3A%22%5B3%2Cnull%2C2592000%5D%22%3B%7D; _csrf=3d8c0b12f776f5451782a08bcd135717533a68dcc04b25bfcb3a170621f54fbaa%3A2%3A%7Bi%3A0%3Bs%3A5%3A%22_csrf%22%3Bi%3A1%3Bs%3A32%3A%222Pw3oZyQQ-XFEY5wvyU-EqXFsxYY6XaN%22%3B%7D'
    'REQUEST_TIME_FLOAT' => 1786609655.3849
    'REQUEST_TIME' => 1786609655
]
2026-08-13 15:29:07 [::1][3][-][error][ParseError] ParseError: syntax error, unexpected token "return", expecting "function" in D:\laragon\www\EVERYDAYMART\controllers\TransaksiController.php:205
Stack trace:
#0 [internal function]: yii\BaseYii::autoload('app\\controllers...')
#1 D:\laragon\www\EVERYDAYMART\vendor\yiisoft\yii2\base\Module.php(662): class_exists('app\\controllers...')
#2 D:\laragon\www\EVERYDAYMART\vendor\yiisoft\yii2\base\Module.php(618): yii\base\Module->createControllerByID('transaksi')
#3 D:\laragon\www\EVERYDAYMART\vendor\yiisoft\yii2\base\Module.php(542): yii\base\Module->createController('create')
#4 D:\laragon\www\EVERYDAYMART\vendor\yiisoft\yii2\web\Application.php(105): yii\base\Module->runAction('transaksi/creat...', Array)
#5 D:\laragon\www\EVERYDAYMART\vendor\yiisoft\yii2\base\Application.php(382): yii\web\Application->handleRequest(Object(yii\web\Request))
#6 D:\laragon\www\EVERYDAYMART\web\index.php(14): yii\base\Application->run()
#7 {main}
2026-08-13 15:29:07 [::1][3][-][info][application] $_GET = [
    'r' => 'transaksi/create'
]

$_POST = []

$_FILES = []

$_COOKIE = [
    'PHPSESSID' => '528ab8afbea490708ca8d3e219b2915c'
    '_identity' => 'ef7d999dd16846b4ca752da9ffc96ccc3926929c8867673a4a424da8437c5ffba:2:{i:0;s:9:\"_identity\";i:1;s:16:\"[3,null,2592000]\";}'
    '_csrf' => '3d8c0b12f776f5451782a08bcd135717533a68dcc04b25bfcb3a170621f54fbaa:2:{i:0;s:5:\"_csrf\";i:1;s:32:\"2Pw3oZyQQ-XFEY5wvyU-EqXFsxYY6XaN\";}'
]

$_SESSION = [
    '__flash' => []
    '__id' => 3
    '__authKey' => null
]

$_SERVER = [
    'DOCUMENT_ROOT' => 'D:\\laragon\\www\\EVERYDAYMART\\web'
    'REMOTE_ADDR' => '::1'
    'REMOTE_PORT' => '49455'
    'SERVER_SOFTWARE' => 'PHP/8.4.13 (Development Server)'
    'SERVER_PROTOCOL' => 'HTTP/1.1'
    'SERVER_NAME' => 'localhost'
    'SERVER_PORT' => '8080'
    'REQUEST_URI' => '/index.php?r=transaksi%2Fcreate'
    'REQUEST_METHOD' => 'GET'
    'SCRIPT_NAME' => '/index.php'
    'SCRIPT_FILENAME' => 'D:\\laragon\\www\\EVERYDAYMART\\web\\index.php'
    'PHP_SELF' => '/index.php'
    'QUERY_STRING' => 'r=transaksi%2Fcreate'
    'HTTP_HOST' => 'localhost:8080'
    'HTTP_CONNECTION' => 'keep-alive'
    'HTTP_UPGRADE_INSECURE_REQUESTS' => '1'
    'HTTP_USER_AGENT' => 'Mozilla/5.0 (Windows NT 10.0; Win64; x64) AppleWebKit/537.36 (KHTML, like Gecko) Code/1.132.0 Chrome/148.0.7778.280 Electron/42.7.1 Safari/537.36'
    'HTTP_ACCEPT' => 'text/html,application/xhtml+xml,application/xml;q=0.9,image/avif,image/webp,image/apng,*/*;q=0.8,application/signed-exchange;v=b3;q=0.7'
    'HTTP_SEC_FETCH_SITE' => 'same-origin'
    'HTTP_SEC_FETCH_MODE' => 'navigate'
    'HTTP_SEC_FETCH_DEST' => 'document'
    'HTTP_REFERER' => 'http://localhost:8080/index.php?r=transaksi%2Findex'
    'HTTP_ACCEPT_ENCODING' => 'gzip, deflate, br, zstd'
    'HTTP_ACCEPT_LANGUAGE' => 'en-US'
    'HTTP_COOKIE' => 'PHPSESSID=528ab8afbea490708ca8d3e219b2915c; _identity=ef7d999dd16846b4ca752da9ffc96ccc3926929c8867673a4a424da8437c5ffba%3A2%3A%7Bi%3A0%3Bs%3A9%3A%22_identity%22%3Bi%3A1%3Bs%3A16%3A%22%5B3%2Cnull%2C2592000%5D%22%3B%7D; _csrf=3d8c0b12f776f5451782a08bcd135717533a68dcc04b25bfcb3a170621f54fbaa%3A2%3A%7Bi%3A0%3Bs%3A5%3A%22_csrf%22%3Bi%3A1%3Bs%3A32%3A%222Pw3oZyQQ-XFEY5wvyU-EqXFsxYY6XaN%22%3B%7D'
    'REQUEST_TIME_FLOAT' => 1786609747.1865
    'REQUEST_TIME' => 1786609747
]
2026-08-13 15:29:08 [::1][3][528ab8afbea490708ca8d3e219b2915c][error][ParseError] ParseError: syntax error, unexpected token "return", expecting "function" in D:\laragon\www\EVERYDAYMART\controllers\TransaksiController.php:205
Stack trace:
#0 [internal function]: yii\BaseYii::autoload('app\\controllers...')
#1 D:\laragon\www\EVERYDAYMART\vendor\yiisoft\yii2\base\Module.php(662): class_exists('app\\controllers...')
#2 D:\laragon\www\EVERYDAYMART\vendor\yiisoft\yii2\base\Module.php(618): yii\base\Module->createControllerByID('transaksi')
#3 D:\laragon\www\EVERYDAYMART\vendor\yiisoft\yii2\base\Module.php(542): yii\base\Module->createController('index')
#4 D:\laragon\www\EVERYDAYMART\vendor\yiisoft\yii2\web\Application.php(105): yii\base\Module->runAction('transaksi/index', Array)
#5 D:\laragon\www\EVERYDAYMART\vendor\yiisoft\yii2\base\Application.php(382): yii\web\Application->handleRequest(Object(yii\web\Request))
#6 D:\laragon\www\EVERYDAYMART\web\index.php(14): yii\base\Application->run()
#7 {main}
2026-08-13 15:29:07 [::1][3][528ab8afbea490708ca8d3e219b2915c][info][application] $_GET = [
    'r' => 'transaksi/index'
]

$_POST = []

$_FILES = []

$_COOKIE = [
    'PHPSESSID' => '528ab8afbea490708ca8d3e219b2915c'
    '_identity' => 'ef7d999dd16846b4ca752da9ffc96ccc3926929c8867673a4a424da8437c5ffba:2:{i:0;s:9:\"_identity\";i:1;s:16:\"[3,null,2592000]\";}'
    '_csrf' => '3d8c0b12f776f5451782a08bcd135717533a68dcc04b25bfcb3a170621f54fbaa:2:{i:0;s:5:\"_csrf\";i:1;s:32:\"2Pw3oZyQQ-XFEY5wvyU-EqXFsxYY6XaN\";}'
]

$_SESSION = [
    '__flash' => []
    '__id' => 3
    '__authKey' => null
]

$_SERVER = [
    'DOCUMENT_ROOT' => 'D:\\laragon\\www\\EVERYDAYMART\\web'
    'REMOTE_ADDR' => '::1'
    'REMOTE_PORT' => '61082'
    'SERVER_SOFTWARE' => 'PHP/8.4.13 (Development Server)'
    'SERVER_PROTOCOL' => 'HTTP/1.1'
    'SERVER_NAME' => 'localhost'
    'SERVER_PORT' => '8080'
    'REQUEST_URI' => '/index.php?r=transaksi%2Findex'
    'REQUEST_METHOD' => 'GET'
    'SCRIPT_NAME' => '/index.php'
    'SCRIPT_FILENAME' => 'D:\\laragon\\www\\EVERYDAYMART\\web\\index.php'
    'PHP_SELF' => '/index.php'
    'QUERY_STRING' => 'r=transaksi%2Findex'
    'HTTP_HOST' => 'localhost:8080'
    'HTTP_CONNECTION' => 'keep-alive'
    'HTTP_UPGRADE_INSECURE_REQUESTS' => '1'
    'HTTP_USER_AGENT' => 'Mozilla/5.0 (Windows NT 10.0; Win64; x64) AppleWebKit/537.36 (KHTML, like Gecko) Code/1.132.0 Chrome/148.0.7778.280 Electron/42.7.1 Safari/537.36'
    'HTTP_ACCEPT' => 'text/html,application/xhtml+xml,application/xml;q=0.9,image/avif,image/webp,image/apng,*/*;q=0.8,application/signed-exchange;v=b3;q=0.7'
    'HTTP_SEC_FETCH_SITE' => 'same-origin'
    'HTTP_SEC_FETCH_MODE' => 'navigate'
    'HTTP_SEC_FETCH_DEST' => 'document'
    'HTTP_REFERER' => 'http://localhost:8080/index.php?r=transaksi%2Fcreate'
    'HTTP_ACCEPT_ENCODING' => 'gzip, deflate, br, zstd'
    'HTTP_ACCEPT_LANGUAGE' => 'en-US'
    'HTTP_COOKIE' => 'PHPSESSID=528ab8afbea490708ca8d3e219b2915c; _identity=ef7d999dd16846b4ca752da9ffc96ccc3926929c8867673a4a424da8437c5ffba%3A2%3A%7Bi%3A0%3Bs%3A9%3A%22_identity%22%3Bi%3A1%3Bs%3A16%3A%22%5B3%2Cnull%2C2592000%5D%22%3B%7D; _csrf=3d8c0b12f776f5451782a08bcd135717533a68dcc04b25bfcb3a170621f54fbaa%3A2%3A%7Bi%3A0%3Bs%3A5%3A%22_csrf%22%3Bi%3A1%3Bs%3A32%3A%222Pw3oZyQQ-XFEY5wvyU-EqXFsxYY6XaN%22%3B%7D'
    'REQUEST_TIME_FLOAT' => 1786609747.8909
    'REQUEST_TIME' => 1786609747
]
2026-08-13 15:29:11 [::1][3][528ab8afbea490708ca8d3e219b2915c][error][ParseError] ParseError: syntax error, unexpected token "return", expecting "function" in D:\laragon\www\EVERYDAYMART\controllers\TransaksiController.php:205
Stack trace:
#0 [internal function]: yii\BaseYii::autoload('app\\controllers...')
#1 D:\laragon\www\EVERYDAYMART\vendor\yiisoft\yii2\base\Module.php(662): class_exists('app\\controllers...')
#2 D:\laragon\www\EVERYDAYMART\vendor\yiisoft\yii2\base\Module.php(618): yii\base\Module->createControllerByID('transaksi')
#3 D:\laragon\www\EVERYDAYMART\vendor\yiisoft\yii2\base\Module.php(542): yii\base\Module->createController('create')
#4 D:\laragon\www\EVERYDAYMART\vendor\yiisoft\yii2\web\Application.php(105): yii\base\Module->runAction('transaksi/creat...', Array)
#5 D:\laragon\www\EVERYDAYMART\vendor\yiisoft\yii2\base\Application.php(382): yii\web\Application->handleRequest(Object(yii\web\Request))
#6 D:\laragon\www\EVERYDAYMART\web\index.php(14): yii\base\Application->run()
#7 {main}
2026-08-13 15:29:11 [::1][3][528ab8afbea490708ca8d3e219b2915c][info][application] $_GET = [
    'r' => 'transaksi/create'
]

$_POST = []

$_FILES = []

$_COOKIE = [
    'PHPSESSID' => '528ab8afbea490708ca8d3e219b2915c'
    '_identity' => 'ef7d999dd16846b4ca752da9ffc96ccc3926929c8867673a4a424da8437c5ffba:2:{i:0;s:9:\"_identity\";i:1;s:16:\"[3,null,2592000]\";}'
    '_csrf' => '3d8c0b12f776f5451782a08bcd135717533a68dcc04b25bfcb3a170621f54fbaa:2:{i:0;s:5:\"_csrf\";i:1;s:32:\"2Pw3oZyQQ-XFEY5wvyU-EqXFsxYY6XaN\";}'
]

$_SESSION = [
    '__flash' => []
    '__id' => 3
    '__authKey' => null
]

$_SERVER = [
    'DOCUMENT_ROOT' => 'D:\\laragon\\www\\EVERYDAYMART\\web'
    'REMOTE_ADDR' => '::1'
    'REMOTE_PORT' => '61315'
    'SERVER_SOFTWARE' => 'PHP/8.4.13 (Development Server)'
    'SERVER_PROTOCOL' => 'HTTP/1.1'
    'SERVER_NAME' => 'localhost'
    'SERVER_PORT' => '8080'
    'REQUEST_URI' => '/index.php?r=transaksi%2Fcreate'
    'REQUEST_METHOD' => 'GET'
    'SCRIPT_NAME' => '/index.php'
    'SCRIPT_FILENAME' => 'D:\\laragon\\www\\EVERYDAYMART\\web\\index.php'
    'PHP_SELF' => '/index.php'
    'QUERY_STRING' => 'r=transaksi%2Fcreate'
    'HTTP_HOST' => 'localhost:8080'
    'HTTP_CONNECTION' => 'keep-alive'
    'HTTP_UPGRADE_INSECURE_REQUESTS' => '1'
    'HTTP_USER_AGENT' => 'Mozilla/5.0 (Windows NT 10.0; Win64; x64) AppleWebKit/537.36 (KHTML, like Gecko) Code/1.132.0 Chrome/148.0.7778.280 Electron/42.7.1 Safari/537.36'
    'HTTP_ACCEPT' => 'text/html,application/xhtml+xml,application/xml;q=0.9,image/avif,image/webp,image/apng,*/*;q=0.8,application/signed-exchange;v=b3;q=0.7'
    'HTTP_SEC_FETCH_SITE' => 'same-origin'
    'HTTP_SEC_FETCH_MODE' => 'navigate'
    'HTTP_SEC_FETCH_USER' => '?1'
    'HTTP_SEC_FETCH_DEST' => 'document'
    'HTTP_REFERER' => 'http://localhost:8080/index.php?r=transaksi%2Findex'
    'HTTP_ACCEPT_ENCODING' => 'gzip, deflate, br, zstd'
    'HTTP_ACCEPT_LANGUAGE' => 'en-US'
    'HTTP_COOKIE' => 'PHPSESSID=528ab8afbea490708ca8d3e219b2915c; _identity=ef7d999dd16846b4ca752da9ffc96ccc3926929c8867673a4a424da8437c5ffba%3A2%3A%7Bi%3A0%3Bs%3A9%3A%22_identity%22%3Bi%3A1%3Bs%3A16%3A%22%5B3%2Cnull%2C2592000%5D%22%3B%7D; _csrf=3d8c0b12f776f5451782a08bcd135717533a68dcc04b25bfcb3a170621f54fbaa%3A2%3A%7Bi%3A0%3Bs%3A5%3A%22_csrf%22%3Bi%3A1%3Bs%3A32%3A%222Pw3oZyQQ-XFEY5wvyU-EqXFsxYY6XaN%22%3B%7D'
    'REQUEST_TIME_FLOAT' => 1786609751.6626
    'REQUEST_TIME' => 1786609751
]
2026-08-14 09:34:24 [::1][1][a33b43c14a266b48301cfcff3ae4883f][error][ParseError] ParseError: syntax error, unexpected token ":" in D:\laragon\www\EVERYDAYMART\views\stok-barang\index.php:49
Stack trace:
#0 [internal function]: yii\base\View->{closure:yii\base\View::renderPhpFile():343}('D:\\laragon\\www\\...', Array)
#1 D:\laragon\www\EVERYDAYMART\vendor\yiisoft\yii2\base\View.php(350): call_user_func_array(Object(Closure), Array)
#2 D:\laragon\www\EVERYDAYMART\vendor\yiisoft\yii2\base\View.php(257): yii\base\View->renderPhpFile('D:\\laragon\\www\\...', Array)
#3 D:\laragon\www\EVERYDAYMART\vendor\yiisoft\yii2\base\View.php(156): yii\base\View->renderFile('D:\\laragon\\www\\...', Array, Object(app\controllers\StokBarangController))
#4 D:\laragon\www\EVERYDAYMART\vendor\yiisoft\yii2\base\Controller.php(423): yii\base\View->render('index', Array, Object(app\controllers\StokBarangController))
#5 D:\laragon\www\EVERYDAYMART\controllers\StokBarangController.php(45): yii\base\Controller->render('index', Array)
#6 [internal function]: app\controllers\StokBarangController->actionIndex()
#7 D:\laragon\www\EVERYDAYMART\vendor\yiisoft\yii2\base\InlineAction.php(60): call_user_func_array(Array, Array)
#8 D:\laragon\www\EVERYDAYMART\vendor\yiisoft\yii2\base\Controller.php(182): yii\base\InlineAction->runWithParams(Array)
#9 D:\laragon\www\EVERYDAYMART\vendor\yiisoft\yii2\base\Module.php(547): yii\base\Controller->runAction('index', Array)
#10 D:\laragon\www\EVERYDAYMART\vendor\yiisoft\yii2\web\Application.php(105): yii\base\Module->runAction('stok-barang/ind...', Array)
#11 D:\laragon\www\EVERYDAYMART\vendor\yiisoft\yii2\base\Application.php(382): yii\web\Application->handleRequest(Object(yii\web\Request))
#12 D:\laragon\www\EVERYDAYMART\web\index.php(14): yii\base\Application->run()
#13 {main}
2026-08-14 09:34:24 [::1][1][a33b43c14a266b48301cfcff3ae4883f][info][application] $_GET = [
    'r' => 'stok-barang/index'
]

$_POST = []

$_FILES = []

$_COOKIE = [
    '_identity' => '315de64354e447141d4474079587fddbf24651f74f13e00a13a49b181dda432ba:2:{i:0;s:9:\"_identity\";i:1;s:16:\"[1,null,2592000]\";}'
    'PHPSESSID' => 'a33b43c14a266b48301cfcff3ae4883f'
    '_csrf' => '5cb022a9be0eb6798f42b6aac1d8aad0e8058f547a0a5840c811eb4156938c27a:2:{i:0;s:5:\"_csrf\";i:1;s:32:\"3g-MbIGCPAP0mQ6W16We-5_BnN252HNI\";}'
]

$_SESSION = [
    '__flash' => []
    '__id' => 1
    '__authKey' => null
]

$_SERVER = [
    'DOCUMENT_ROOT' => 'D:\\laragon\\www\\EVERYDAYMART\\web'
    'REMOTE_ADDR' => '::1'
    'REMOTE_PORT' => '52816'
    'SERVER_SOFTWARE' => 'PHP/8.4.13 (Development Server)'
    'SERVER_PROTOCOL' => 'HTTP/1.1'
    'SERVER_NAME' => 'localhost'
    'SERVER_PORT' => '8080'
    'REQUEST_URI' => '/index.php?r=stok-barang%2Findex'
    'REQUEST_METHOD' => 'GET'
    'SCRIPT_NAME' => '/index.php'
    'SCRIPT_FILENAME' => 'D:\\laragon\\www\\EVERYDAYMART\\web\\index.php'
    'PHP_SELF' => '/index.php'
    'QUERY_STRING' => 'r=stok-barang%2Findex'
    'HTTP_HOST' => 'localhost:8080'
    'HTTP_CONNECTION' => 'keep-alive'
    'HTTP_UPGRADE_INSECURE_REQUESTS' => '1'
    'HTTP_USER_AGENT' => 'Mozilla/5.0 (Windows NT 10.0; Win64; x64) AppleWebKit/537.36 (KHTML, like Gecko) Code/1.133.0 Chrome/148.0.7778.280 Electron/42.8.0 Safari/537.36'
    'HTTP_ACCEPT' => 'text/html,application/xhtml+xml,application/xml;q=0.9,image/avif,image/webp,image/apng,*/*;q=0.8,application/signed-exchange;v=b3;q=0.7'
    'HTTP_SEC_FETCH_SITE' => 'same-origin'
    'HTTP_SEC_FETCH_MODE' => 'navigate'
    'HTTP_SEC_FETCH_USER' => '?1'
    'HTTP_SEC_FETCH_DEST' => 'document'
    'HTTP_REFERER' => 'http://localhost:8080/index.php?r=group%2Findex'
    'HTTP_ACCEPT_ENCODING' => 'gzip, deflate, br, zstd'
    'HTTP_ACCEPT_LANGUAGE' => 'en-US'
    'HTTP_COOKIE' => '_identity=315de64354e447141d4474079587fddbf24651f74f13e00a13a49b181dda432ba%3A2%3A%7Bi%3A0%3Bs%3A9%3A%22_identity%22%3Bi%3A1%3Bs%3A16%3A%22%5B1%2Cnull%2C2592000%5D%22%3B%7D; PHPSESSID=a33b43c14a266b48301cfcff3ae4883f; _csrf=5cb022a9be0eb6798f42b6aac1d8aad0e8058f547a0a5840c811eb4156938c27a%3A2%3A%7Bi%3A0%3Bs%3A5%3A%22_csrf%22%3Bi%3A1%3Bs%3A32%3A%223g-MbIGCPAP0mQ6W16We-5_BnN252HNI%22%3B%7D'
    'REQUEST_TIME_FLOAT' => 1786674864.5301
    'REQUEST_TIME' => 1786674864
]
2026-08-14 10:25:08 [::1][1][2d374739733d3b15a51e6e26454e2147][error][yii\db\Exception] PDOException: SQLSTATE[42000]: Syntax error or access violation: 1055 Expression #1 of SELECT list is not in GROUP BY clause and contains nonaggregated column 'everydaymart.transaksi.tgl_transaksi' which is not functionally dependent on columns in GROUP BY clause; this is incompatible with sql_mode=only_full_group_by in D:\laragon\www\EVERYDAYMART\vendor\yiisoft\yii2\db\Command.php:1320
Stack trace:
#0 D:\laragon\www\EVERYDAYMART\vendor\yiisoft\yii2\db\Command.php(1320): PDOStatement->execute()
#1 D:\laragon\www\EVERYDAYMART\vendor\yiisoft\yii2\db\Command.php(1186): yii\db\Command->internalExecute('SELECT DATE_FOR...')
#2 D:\laragon\www\EVERYDAYMART\vendor\yiisoft\yii2\db\Command.php(417): yii\db\Command->queryInternal('fetchAll', NULL)
#3 D:\laragon\www\EVERYDAYMART\vendor\yiisoft\yii2\db\Query.php(249): yii\db\Command->queryAll()
#4 D:\laragon\www\EVERYDAYMART\vendor\yiisoft\yii2\db\ActiveQuery.php(142): yii\db\Query->all(NULL)
#5 D:\laragon\www\EVERYDAYMART\controllers\TransaksiController.php(265): yii\db\ActiveQuery->all()
#6 [internal function]: app\controllers\TransaksiController->actionLaporan()
#7 D:\laragon\www\EVERYDAYMART\vendor\yiisoft\yii2\base\InlineAction.php(60): call_user_func_array(Array, Array)
#8 D:\laragon\www\EVERYDAYMART\vendor\yiisoft\yii2\base\Controller.php(182): yii\base\InlineAction->runWithParams(Array)
#9 D:\laragon\www\EVERYDAYMART\vendor\yiisoft\yii2\base\Module.php(547): yii\base\Controller->runAction('laporan', Array)
#10 D:\laragon\www\EVERYDAYMART\vendor\yiisoft\yii2\web\Application.php(105): yii\base\Module->runAction('transaksi/lapor...', Array)
#11 D:\laragon\www\EVERYDAYMART\vendor\yiisoft\yii2\base\Application.php(382): yii\web\Application->handleRequest(Object(yii\web\Request))
#12 D:\laragon\www\EVERYDAYMART\web\index.php(14): yii\base\Application->run()
#13 {main}

Next yii\db\Exception: SQLSTATE[42000]: Syntax error or access violation: 1055 Expression #1 of SELECT list is not in GROUP BY clause and contains nonaggregated column 'everydaymart.transaksi.tgl_transaksi' which is not functionally dependent on columns in GROUP BY clause; this is incompatible with sql_mode=only_full_group_by
The SQL being executed was: SELECT DATE_FORMAT(tgl_transaksi, '%M %Y') AS `bulan`, SUM(total_harga) AS `total` FROM `transaksi` WHERE `status`='SUCCESS' GROUP BY DATE_FORMAT(tgl_transaksi, '%Y-%m') ORDER BY DATE_FORMAT(tgl_transaksi, '%Y-%m') in D:\laragon\www\EVERYDAYMART\vendor\yiisoft\yii2\db\Schema.php:677
Stack trace:
#0 D:\laragon\www\EVERYDAYMART\vendor\yiisoft\yii2\db\Command.php(1325): yii\db\Schema->convertException(Object(PDOException), 'SELECT DATE_FOR...')
#1 D:\laragon\www\EVERYDAYMART\vendor\yiisoft\yii2\db\Command.php(1186): yii\db\Command->internalExecute('SELECT DATE_FOR...')
#2 D:\laragon\www\EVERYDAYMART\vendor\yiisoft\yii2\db\Command.php(417): yii\db\Command->queryInternal('fetchAll', NULL)
#3 D:\laragon\www\EVERYDAYMART\vendor\yiisoft\yii2\db\Query.php(249): yii\db\Command->queryAll()
#4 D:\laragon\www\EVERYDAYMART\vendor\yiisoft\yii2\db\ActiveQuery.php(142): yii\db\Query->all(NULL)
#5 D:\laragon\www\EVERYDAYMART\controllers\TransaksiController.php(265): yii\db\ActiveQuery->all()
#6 [internal function]: app\controllers\TransaksiController->actionLaporan()
#7 D:\laragon\www\EVERYDAYMART\vendor\yiisoft\yii2\base\InlineAction.php(60): call_user_func_array(Array, Array)
#8 D:\laragon\www\EVERYDAYMART\vendor\yiisoft\yii2\base\Controller.php(182): yii\base\InlineAction->runWithParams(Array)
#9 D:\laragon\www\EVERYDAYMART\vendor\yiisoft\yii2\base\Module.php(547): yii\base\Controller->runAction('laporan', Array)
#10 D:\laragon\www\EVERYDAYMART\vendor\yiisoft\yii2\web\Application.php(105): yii\base\Module->runAction('transaksi/lapor...', Array)
#11 D:\laragon\www\EVERYDAYMART\vendor\yiisoft\yii2\base\Application.php(382): yii\web\Application->handleRequest(Object(yii\web\Request))
#12 D:\laragon\www\EVERYDAYMART\web\index.php(14): yii\base\Application->run()
#13 {main}
Additional Information:
Array
(
    [0] => 42000
    [1] => 1055
    [2] => Expression #1 of SELECT list is not in GROUP BY clause and contains nonaggregated column 'everydaymart.transaksi.tgl_transaksi' which is not functionally dependent on columns in GROUP BY clause; this is incompatible with sql_mode=only_full_group_by
)

2026-08-14 10:25:07 [::1][1][2d374739733d3b15a51e6e26454e2147][info][application] $_GET = [
    'r' => 'transaksi/laporan'
]

$_POST = []

$_FILES = []

$_COOKIE = [
    'PHPSESSID' => '2d374739733d3b15a51e6e26454e2147'
    '_identity' => '315de64354e447141d4474079587fddbf24651f74f13e00a13a49b181dda432ba:2:{i:0;s:9:\"_identity\";i:1;s:16:\"[1,null,2592000]\";}'
    '_csrf' => 'aac5a24c317fcb7c01a7ba046ecf5f3ee4c5350aeb93af74f663a84f90cb0b14a:2:{i:0;s:5:\"_csrf\";i:1;s:32:\"s3r3XhkDMGdmf4REut6qdXW_ZC6-p7j9\";}'
]

$_SESSION = [
    '__flash' => []
    '__id' => 1
    '__authKey' => null
]

$_SERVER = [
    'DOCUMENT_ROOT' => 'D:\\laragon\\www\\EVERYDAYMART\\web'
    'REMOTE_ADDR' => '::1'
    'REMOTE_PORT' => '52865'
    'SERVER_SOFTWARE' => 'PHP/8.4.13 (Development Server)'
    'SERVER_PROTOCOL' => 'HTTP/1.1'
    'SERVER_NAME' => 'localhost'
    'SERVER_PORT' => '8080'
    'REQUEST_URI' => '/index.php?r=transaksi%2Flaporan'
    'REQUEST_METHOD' => 'GET'
    'SCRIPT_NAME' => '/index.php'
    'SCRIPT_FILENAME' => 'D:\\laragon\\www\\EVERYDAYMART\\web\\index.php'
    'PHP_SELF' => '/index.php'
    'QUERY_STRING' => 'r=transaksi%2Flaporan'
    'HTTP_HOST' => 'localhost:8080'
    'HTTP_CONNECTION' => 'keep-alive'
    'HTTP_CACHE_CONTROL' => 'max-age=0'
    'HTTP_UPGRADE_INSECURE_REQUESTS' => '1'
    'HTTP_USER_AGENT' => 'Mozilla/5.0 (Windows NT 10.0; Win64; x64) AppleWebKit/537.36 (KHTML, like Gecko) Code/1.133.0 Chrome/148.0.7778.280 Electron/42.8.0 Safari/537.36'
    'HTTP_ACCEPT' => 'text/html,application/xhtml+xml,application/xml;q=0.9,image/avif,image/webp,image/apng,*/*;q=0.8,application/signed-exchange;v=b3;q=0.7'
    'HTTP_SEC_FETCH_SITE' => 'same-origin'
    'HTTP_SEC_FETCH_MODE' => 'navigate'
    'HTTP_SEC_FETCH_USER' => '?1'
    'HTTP_SEC_FETCH_DEST' => 'document'
    'HTTP_REFERER' => 'http://localhost:8080/index.php'
    'HTTP_ACCEPT_ENCODING' => 'gzip, deflate, br, zstd'
    'HTTP_ACCEPT_LANGUAGE' => 'en-US'
    'HTTP_COOKIE' => 'PHPSESSID=2d374739733d3b15a51e6e26454e2147; _identity=315de64354e447141d4474079587fddbf24651f74f13e00a13a49b181dda432ba%3A2%3A%7Bi%3A0%3Bs%3A9%3A%22_identity%22%3Bi%3A1%3Bs%3A16%3A%22%5B1%2Cnull%2C2592000%5D%22%3B%7D; _csrf=aac5a24c317fcb7c01a7ba046ecf5f3ee4c5350aeb93af74f663a84f90cb0b14a%3A2%3A%7Bi%3A0%3Bs%3A5%3A%22_csrf%22%3Bi%3A1%3Bs%3A32%3A%22s3r3XhkDMGdmf4REut6qdXW_ZC6-p7j9%22%3B%7D'
    'REQUEST_TIME_FLOAT' => 1786677907.9158
    'REQUEST_TIME' => 1786677907
]
2026-08-14 10:36:18 [::1][1][9304ddf9052b6a1ef0790af73cdfa033][error][yii\db\Exception] PDOException: SQLSTATE[42000]: Syntax error or access violation: 1055 Expression #1 of ORDER BY clause is not in GROUP BY clause and contains nonaggregated column 'everydaymart.transaksi.tgl_transaksi' which is not functionally dependent on columns in GROUP BY clause; this is incompatible with sql_mode=only_full_group_by in D:\laragon\www\EVERYDAYMART\vendor\yiisoft\yii2\db\Command.php:1320
Stack trace:
#0 D:\laragon\www\EVERYDAYMART\vendor\yiisoft\yii2\db\Command.php(1320): PDOStatement->execute()
#1 D:\laragon\www\EVERYDAYMART\vendor\yiisoft\yii2\db\Command.php(1186): yii\db\Command->internalExecute('SELECT `outlet`...')
#2 D:\laragon\www\EVERYDAYMART\vendor\yiisoft\yii2\db\Command.php(417): yii\db\Command->queryInternal('fetchAll', NULL)
#3 D:\laragon\www\EVERYDAYMART\vendor\yiisoft\yii2\db\Query.php(249): yii\db\Command->queryAll()
#4 D:\laragon\www\EVERYDAYMART\vendor\yiisoft\yii2\db\ActiveQuery.php(142): yii\db\Query->all(NULL)
#5 D:\laragon\www\EVERYDAYMART\controllers\TransaksiController.php(286): yii\db\ActiveQuery->all()
#6 [internal function]: app\controllers\TransaksiController->actionLaporan()
#7 D:\laragon\www\EVERYDAYMART\vendor\yiisoft\yii2\base\InlineAction.php(60): call_user_func_array(Array, Array)
#8 D:\laragon\www\EVERYDAYMART\vendor\yiisoft\yii2\base\Controller.php(182): yii\base\InlineAction->runWithParams(Array)
#9 D:\laragon\www\EVERYDAYMART\vendor\yiisoft\yii2\base\Module.php(547): yii\base\Controller->runAction('laporan', Array)
#10 D:\laragon\www\EVERYDAYMART\vendor\yiisoft\yii2\web\Application.php(105): yii\base\Module->runAction('transaksi/lapor...', Array)
#11 D:\laragon\www\EVERYDAYMART\vendor\yiisoft\yii2\base\Application.php(382): yii\web\Application->handleRequest(Object(yii\web\Request))
#12 D:\laragon\www\EVERYDAYMART\web\index.php(14): yii\base\Application->run()
#13 {main}

Next yii\db\Exception: SQLSTATE[42000]: Syntax error or access violation: 1055 Expression #1 of ORDER BY clause is not in GROUP BY clause and contains nonaggregated column 'everydaymart.transaksi.tgl_transaksi' which is not functionally dependent on columns in GROUP BY clause; this is incompatible with sql_mode=only_full_group_by
The SQL being executed was: SELECT `outlet`.`nama` AS `nama_outlet`, SUM(transaksi.total_harga) AS `total` FROM `transaksi` LEFT JOIN `outlet` ON `transaksi`.`id_outlet` = `outlet`.`id` WHERE `transaksi`.`status`='SUCCESS' GROUP BY `transaksi`.`id_outlet`, `outlet`.`nama` ORDER BY `transaksi`.`tgl_transaksi` DESC in D:\laragon\www\EVERYDAYMART\vendor\yiisoft\yii2\db\Schema.php:677
Stack trace:
#0 D:\laragon\www\EVERYDAYMART\vendor\yiisoft\yii2\db\Command.php(1325): yii\db\Schema->convertException(Object(PDOException), 'SELECT `outlet`...')
#1 D:\laragon\www\EVERYDAYMART\vendor\yiisoft\yii2\db\Command.php(1186): yii\db\Command->internalExecute('SELECT `outlet`...')
#2 D:\laragon\www\EVERYDAYMART\vendor\yiisoft\yii2\db\Command.php(417): yii\db\Command->queryInternal('fetchAll', NULL)
#3 D:\laragon\www\EVERYDAYMART\vendor\yiisoft\yii2\db\Query.php(249): yii\db\Command->queryAll()
#4 D:\laragon\www\EVERYDAYMART\vendor\yiisoft\yii2\db\ActiveQuery.php(142): yii\db\Query->all(NULL)
#5 D:\laragon\www\EVERYDAYMART\controllers\TransaksiController.php(286): yii\db\ActiveQuery->all()
#6 [internal function]: app\controllers\TransaksiController->actionLaporan()
#7 D:\laragon\www\EVERYDAYMART\vendor\yiisoft\yii2\base\InlineAction.php(60): call_user_func_array(Array, Array)
#8 D:\laragon\www\EVERYDAYMART\vendor\yiisoft\yii2\base\Controller.php(182): yii\base\InlineAction->runWithParams(Array)
#9 D:\laragon\www\EVERYDAYMART\vendor\yiisoft\yii2\base\Module.php(547): yii\base\Controller->runAction('laporan', Array)
#10 D:\laragon\www\EVERYDAYMART\vendor\yiisoft\yii2\web\Application.php(105): yii\base\Module->runAction('transaksi/lapor...', Array)
#11 D:\laragon\www\EVERYDAYMART\vendor\yiisoft\yii2\base\Application.php(382): yii\web\Application->handleRequest(Object(yii\web\Request))
#12 D:\laragon\www\EVERYDAYMART\web\index.php(14): yii\base\Application->run()
#13 {main}
Additional Information:
Array
(
    [0] => 42000
    [1] => 1055
    [2] => Expression #1 of ORDER BY clause is not in GROUP BY clause and contains nonaggregated column 'everydaymart.transaksi.tgl_transaksi' which is not functionally dependent on columns in GROUP BY clause; this is incompatible with sql_mode=only_full_group_by
)

2026-08-14 10:36:16 [::1][1][9304ddf9052b6a1ef0790af73cdfa033][info][application] $_GET = [
    'r' => 'transaksi/laporan'
]

$_POST = []

$_FILES = []

$_COOKIE = [
    'PHPSESSID' => '9304ddf9052b6a1ef0790af73cdfa033'
    '_identity' => '315de64354e447141d4474079587fddbf24651f74f13e00a13a49b181dda432ba:2:{i:0;s:9:\"_identity\";i:1;s:16:\"[1,null,2592000]\";}'
    '_csrf' => '71fd1785f582715f74b166a3515d15f3f3bb1d4e12fe75775781edd0ae84f25ba:2:{i:0;s:5:\"_csrf\";i:1;s:32:\"CcrBQx37nt6d6DhGfsI-M5IzJgkSyTud\";}'
]

$_SESSION = [
    '__flash' => []
    '__id' => 1
    '__authKey' => null
]

$_SERVER = [
    'DOCUMENT_ROOT' => 'D:\\laragon\\www\\EVERYDAYMART\\web'
    'REMOTE_ADDR' => '::1'
    'REMOTE_PORT' => '59501'
    'SERVER_SOFTWARE' => 'PHP/8.4.13 (Development Server)'
    'SERVER_PROTOCOL' => 'HTTP/1.1'
    'SERVER_NAME' => 'localhost'
    'SERVER_PORT' => '8080'
    'REQUEST_URI' => '/index.php?r=transaksi%2Flaporan'
    'REQUEST_METHOD' => 'GET'
    'SCRIPT_NAME' => '/index.php'
    'SCRIPT_FILENAME' => 'D:\\laragon\\www\\EVERYDAYMART\\web\\index.php'
    'PHP_SELF' => '/index.php'
    'QUERY_STRING' => 'r=transaksi%2Flaporan'
    'HTTP_HOST' => 'localhost:8080'
    'HTTP_CONNECTION' => 'keep-alive'
    'HTTP_CACHE_CONTROL' => 'max-age=0'
    'HTTP_SEC_CH_UA' => '\"Not=A?Brand\";v=\"99\", \"Microsoft Edge\";v=\"151\", \"Chromium\";v=\"151\"'
    'HTTP_SEC_CH_UA_MOBILE' => '?0'
    'HTTP_SEC_CH_UA_PLATFORM' => '\"Windows\"'
    'HTTP_UPGRADE_INSECURE_REQUESTS' => '1'
    'HTTP_USER_AGENT' => 'Mozilla/5.0 (Windows NT 10.0; Win64; x64) AppleWebKit/537.36 (KHTML, like Gecko) Chrome/151.0.0.0 Safari/537.36 Edg/151.0.0.0'
    'HTTP_ACCEPT' => 'text/html,application/xhtml+xml,application/xml;q=0.9,image/avif,image/webp,image/apng,*/*;q=0.8,application/signed-exchange;v=b3;q=0.7'
    'HTTP_SEC_FETCH_SITE' => 'same-origin'
    'HTTP_SEC_FETCH_MODE' => 'navigate'
    'HTTP_SEC_FETCH_USER' => '?1'
    'HTTP_SEC_FETCH_DEST' => 'document'
    'HTTP_REFERER' => 'http://localhost:8080/index.php'
    'HTTP_ACCEPT_ENCODING' => 'gzip, deflate, br, zstd'
    'HTTP_ACCEPT_LANGUAGE' => 'en-US,en;q=0.9,id;q=0.8'
    'HTTP_COOKIE' => 'PHPSESSID=9304ddf9052b6a1ef0790af73cdfa033; _identity=315de64354e447141d4474079587fddbf24651f74f13e00a13a49b181dda432ba%3A2%3A%7Bi%3A0%3Bs%3A9%3A%22_identity%22%3Bi%3A1%3Bs%3A16%3A%22%5B1%2Cnull%2C2592000%5D%22%3B%7D; _csrf=71fd1785f582715f74b166a3515d15f3f3bb1d4e12fe75775781edd0ae84f25ba%3A2%3A%7Bi%3A0%3Bs%3A5%3A%22_csrf%22%3Bi%3A1%3Bs%3A32%3A%22CcrBQx37nt6d6DhGfsI-M5IzJgkSyTud%22%3B%7D'
    'REQUEST_TIME_FLOAT' => 1786678576.853
    'REQUEST_TIME' => 1786678576
]
2026-08-14 10:36:43 [::1][1][9304ddf9052b6a1ef0790af73cdfa033][error][yii\db\Exception] PDOException: SQLSTATE[42000]: Syntax error or access violation: 1055 Expression #1 of ORDER BY clause is not in GROUP BY clause and contains nonaggregated column 'everydaymart.transaksi.tgl_transaksi' which is not functionally dependent on columns in GROUP BY clause; this is incompatible with sql_mode=only_full_group_by in D:\laragon\www\EVERYDAYMART\vendor\yiisoft\yii2\db\Command.php:1320
Stack trace:
#0 D:\laragon\www\EVERYDAYMART\vendor\yiisoft\yii2\db\Command.php(1320): PDOStatement->execute()
#1 D:\laragon\www\EVERYDAYMART\vendor\yiisoft\yii2\db\Command.php(1186): yii\db\Command->internalExecute('SELECT `outlet`...')
#2 D:\laragon\www\EVERYDAYMART\vendor\yiisoft\yii2\db\Command.php(417): yii\db\Command->queryInternal('fetchAll', NULL)
#3 D:\laragon\www\EVERYDAYMART\vendor\yiisoft\yii2\db\Query.php(249): yii\db\Command->queryAll()
#4 D:\laragon\www\EVERYDAYMART\vendor\yiisoft\yii2\db\ActiveQuery.php(142): yii\db\Query->all(NULL)
#5 D:\laragon\www\EVERYDAYMART\controllers\TransaksiController.php(286): yii\db\ActiveQuery->all()
#6 [internal function]: app\controllers\TransaksiController->actionLaporan()
#7 D:\laragon\www\EVERYDAYMART\vendor\yiisoft\yii2\base\InlineAction.php(60): call_user_func_array(Array, Array)
#8 D:\laragon\www\EVERYDAYMART\vendor\yiisoft\yii2\base\Controller.php(182): yii\base\InlineAction->runWithParams(Array)
#9 D:\laragon\www\EVERYDAYMART\vendor\yiisoft\yii2\base\Module.php(547): yii\base\Controller->runAction('laporan', Array)
#10 D:\laragon\www\EVERYDAYMART\vendor\yiisoft\yii2\web\Application.php(105): yii\base\Module->runAction('transaksi/lapor...', Array)
#11 D:\laragon\www\EVERYDAYMART\vendor\yiisoft\yii2\base\Application.php(382): yii\web\Application->handleRequest(Object(yii\web\Request))
#12 D:\laragon\www\EVERYDAYMART\web\index.php(14): yii\base\Application->run()
#13 {main}

Next yii\db\Exception: SQLSTATE[42000]: Syntax error or access violation: 1055 Expression #1 of ORDER BY clause is not in GROUP BY clause and contains nonaggregated column 'everydaymart.transaksi.tgl_transaksi' which is not functionally dependent on columns in GROUP BY clause; this is incompatible with sql_mode=only_full_group_by
The SQL being executed was: SELECT `outlet`.`nama` AS `nama_outlet`, SUM(transaksi.total_harga) AS `total` FROM `transaksi` LEFT JOIN `outlet` ON `transaksi`.`id_outlet` = `outlet`.`id` WHERE `transaksi`.`status`='SUCCESS' GROUP BY `transaksi`.`id_outlet`, `outlet`.`nama` ORDER BY `transaksi`.`tgl_transaksi` DESC in D:\laragon\www\EVERYDAYMART\vendor\yiisoft\yii2\db\Schema.php:677
Stack trace:
#0 D:\laragon\www\EVERYDAYMART\vendor\yiisoft\yii2\db\Command.php(1325): yii\db\Schema->convertException(Object(PDOException), 'SELECT `outlet`...')
#1 D:\laragon\www\EVERYDAYMART\vendor\yiisoft\yii2\db\Command.php(1186): yii\db\Command->internalExecute('SELECT `outlet`...')
#2 D:\laragon\www\EVERYDAYMART\vendor\yiisoft\yii2\db\Command.php(417): yii\db\Command->queryInternal('fetchAll', NULL)
#3 D:\laragon\www\EVERYDAYMART\vendor\yiisoft\yii2\db\Query.php(249): yii\db\Command->queryAll()
#4 D:\laragon\www\EVERYDAYMART\vendor\yiisoft\yii2\db\ActiveQuery.php(142): yii\db\Query->all(NULL)
#5 D:\laragon\www\EVERYDAYMART\controllers\TransaksiController.php(286): yii\db\ActiveQuery->all()
#6 [internal function]: app\controllers\TransaksiController->actionLaporan()
#7 D:\laragon\www\EVERYDAYMART\vendor\yiisoft\yii2\base\InlineAction.php(60): call_user_func_array(Array, Array)
#8 D:\laragon\www\EVERYDAYMART\vendor\yiisoft\yii2\base\Controller.php(182): yii\base\InlineAction->runWithParams(Array)
#9 D:\laragon\www\EVERYDAYMART\vendor\yiisoft\yii2\base\Module.php(547): yii\base\Controller->runAction('laporan', Array)
#10 D:\laragon\www\EVERYDAYMART\vendor\yiisoft\yii2\web\Application.php(105): yii\base\Module->runAction('transaksi/lapor...', Array)
#11 D:\laragon\www\EVERYDAYMART\vendor\yiisoft\yii2\base\Application.php(382): yii\web\Application->handleRequest(Object(yii\web\Request))
#12 D:\laragon\www\EVERYDAYMART\web\index.php(14): yii\base\Application->run()
#13 {main}
Additional Information:
Array
(
    [0] => 42000
    [1] => 1055
    [2] => Expression #1 of ORDER BY clause is not in GROUP BY clause and contains nonaggregated column 'everydaymart.transaksi.tgl_transaksi' which is not functionally dependent on columns in GROUP BY clause; this is incompatible with sql_mode=only_full_group_by
)

2026-08-14 10:36:43 [::1][1][9304ddf9052b6a1ef0790af73cdfa033][info][application] $_GET = [
    'r' => 'transaksi/laporan'
]

$_POST = []

$_FILES = []

$_COOKIE = [
    'PHPSESSID' => '9304ddf9052b6a1ef0790af73cdfa033'
    '_identity' => '315de64354e447141d4474079587fddbf24651f74f13e00a13a49b181dda432ba:2:{i:0;s:9:\"_identity\";i:1;s:16:\"[1,null,2592000]\";}'
    '_csrf' => '71fd1785f582715f74b166a3515d15f3f3bb1d4e12fe75775781edd0ae84f25ba:2:{i:0;s:5:\"_csrf\";i:1;s:32:\"CcrBQx37nt6d6DhGfsI-M5IzJgkSyTud\";}'
]

$_SESSION = [
    '__flash' => []
    '__id' => 1
    '__authKey' => null
]

$_SERVER = [
    'DOCUMENT_ROOT' => 'D:\\laragon\\www\\EVERYDAYMART\\web'
    'REMOTE_ADDR' => '::1'
    'REMOTE_PORT' => '50080'
    'SERVER_SOFTWARE' => 'PHP/8.4.13 (Development Server)'
    'SERVER_PROTOCOL' => 'HTTP/1.1'
    'SERVER_NAME' => 'localhost'
    'SERVER_PORT' => '8080'
    'REQUEST_URI' => '/index.php?r=transaksi%2Flaporan'
    'REQUEST_METHOD' => 'GET'
    'SCRIPT_NAME' => '/index.php'
    'SCRIPT_FILENAME' => 'D:\\laragon\\www\\EVERYDAYMART\\web\\index.php'
    'PHP_SELF' => '/index.php'
    'QUERY_STRING' => 'r=transaksi%2Flaporan'
    'HTTP_HOST' => 'localhost:8080'
    'HTTP_CONNECTION' => 'keep-alive'
    'HTTP_SEC_CH_UA' => '\"Not=A?Brand\";v=\"99\", \"Microsoft Edge\";v=\"151\", \"Chromium\";v=\"151\"'
    'HTTP_SEC_CH_UA_MOBILE' => '?0'
    'HTTP_SEC_CH_UA_PLATFORM' => '\"Windows\"'
    'HTTP_UPGRADE_INSECURE_REQUESTS' => '1'
    'HTTP_USER_AGENT' => 'Mozilla/5.0 (Windows NT 10.0; Win64; x64) AppleWebKit/537.36 (KHTML, like Gecko) Chrome/151.0.0.0 Safari/537.36 Edg/151.0.0.0'
    'HTTP_ACCEPT' => 'text/html,application/xhtml+xml,application/xml;q=0.9,image/avif,image/webp,image/apng,*/*;q=0.8,application/signed-exchange;v=b3;q=0.7'
    'HTTP_SEC_FETCH_SITE' => 'same-origin'
    'HTTP_SEC_FETCH_MODE' => 'navigate'
    'HTTP_SEC_FETCH_USER' => '?1'
    'HTTP_SEC_FETCH_DEST' => 'document'
    'HTTP_REFERER' => 'http://localhost:8080/index.php'
    'HTTP_ACCEPT_ENCODING' => 'gzip, deflate, br, zstd'
    'HTTP_ACCEPT_LANGUAGE' => 'en-US,en;q=0.9,id;q=0.8'
    'HTTP_COOKIE' => 'PHPSESSID=9304ddf9052b6a1ef0790af73cdfa033; _identity=315de64354e447141d4474079587fddbf24651f74f13e00a13a49b181dda432ba%3A2%3A%7Bi%3A0%3Bs%3A9%3A%22_identity%22%3Bi%3A1%3Bs%3A16%3A%22%5B1%2Cnull%2C2592000%5D%22%3B%7D; _csrf=71fd1785f582715f74b166a3515d15f3f3bb1d4e12fe75775781edd0ae84f25ba%3A2%3A%7Bi%3A0%3Bs%3A5%3A%22_csrf%22%3Bi%3A1%3Bs%3A32%3A%22CcrBQx37nt6d6DhGfsI-M5IzJgkSyTud%22%3B%7D'
    'REQUEST_TIME_FLOAT' => 1786678603.6792
    'REQUEST_TIME' => 1786678603
]
2026-08-14 03:46:24 [-][-][-][error][yii\db\Exception] PDOException: SQLSTATE[HY000]: General error: 1364 Field 'kode_nota' doesn't have a default value in D:\laragon\www\EVERYDAYMART\vendor\yiisoft\yii2\db\Command.php:1320
Stack trace:
#0 D:\laragon\www\EVERYDAYMART\vendor\yiisoft\yii2\db\Command.php(1320): PDOStatement->execute()
#1 D:\laragon\www\EVERYDAYMART\vendor\yiisoft\yii2\db\Command.php(1120): yii\db\Command->internalExecute('INSERT INTO `ou...')
#2 D:\laragon\www\EVERYDAYMART\vendor\yiisoft\yii2\db\Schema.php(432): yii\db\Command->execute()
#3 D:\laragon\www\EVERYDAYMART\vendor\yiisoft\yii2\db\ActiveRecord.php(627): yii\db\Schema->insert('outlet', Array)
#4 D:\laragon\www\EVERYDAYMART\vendor\yiisoft\yii2\db\ActiveRecord.php(565): yii\db\ActiveRecord->insertInternal(NULL)
#5 D:\laragon\www\EVERYDAYMART\vendor\yiisoft\yii2\db\BaseActiveRecord.php(695): yii\db\ActiveRecord->insert(false, NULL)
#6 D:\laragon\www\EVERYDAYMART\commands\SeedController.php(64): yii\db\BaseActiveRecord->save(false)
#7 [internal function]: app\commands\SeedController->actionIndex()
#8 D:\laragon\www\EVERYDAYMART\vendor\yiisoft\yii2\base\InlineAction.php(60): call_user_func_array(Array, Array)
#9 D:\laragon\www\EVERYDAYMART\vendor\yiisoft\yii2\base\Controller.php(182): yii\base\InlineAction->runWithParams(Array)
#10 D:\laragon\www\EVERYDAYMART\vendor\yiisoft\yii2\console\Controller.php(187): yii\base\Controller->runAction('', Array)
#11 D:\laragon\www\EVERYDAYMART\vendor\yiisoft\yii2\base\Module.php(547): yii\console\Controller->runAction('', Array)
#12 D:\laragon\www\EVERYDAYMART\vendor\yiisoft\yii2\console\Application.php(180): yii\base\Module->runAction('seed', Array)
#13 D:\laragon\www\EVERYDAYMART\vendor\yiisoft\yii2\console\Application.php(147): yii\console\Application->runAction('seed', Array)
#14 D:\laragon\www\EVERYDAYMART\vendor\yiisoft\yii2\base\Application.php(382): yii\console\Application->handleRequest(Object(yii\console\Request))
#15 D:\laragon\www\EVERYDAYMART\yii(20): yii\base\Application->run()
#16 {main}

Next yii\db\Exception: SQLSTATE[HY000]: General error: 1364 Field 'kode_nota' doesn't have a default value
The SQL being executed was: INSERT INTO `outlet` (`nama`, `alamat`) VALUES ('EverydayMart Surabaya', 'Jl. Pemuda No. 12, Surabaya') in D:\laragon\www\EVERYDAYMART\vendor\yiisoft\yii2\db\Schema.php:677
Stack trace:
#0 D:\laragon\www\EVERYDAYMART\vendor\yiisoft\yii2\db\Command.php(1325): yii\db\Schema->convertException(Object(PDOException), 'INSERT INTO `ou...')
#1 D:\laragon\www\EVERYDAYMART\vendor\yiisoft\yii2\db\Command.php(1120): yii\db\Command->internalExecute('INSERT INTO `ou...')
#2 D:\laragon\www\EVERYDAYMART\vendor\yiisoft\yii2\db\Schema.php(432): yii\db\Command->execute()
#3 D:\laragon\www\EVERYDAYMART\vendor\yiisoft\yii2\db\ActiveRecord.php(627): yii\db\Schema->insert('outlet', Array)
#4 D:\laragon\www\EVERYDAYMART\vendor\yiisoft\yii2\db\ActiveRecord.php(565): yii\db\ActiveRecord->insertInternal(NULL)
#5 D:\laragon\www\EVERYDAYMART\vendor\yiisoft\yii2\db\BaseActiveRecord.php(695): yii\db\ActiveRecord->insert(false, NULL)
#6 D:\laragon\www\EVERYDAYMART\commands\SeedController.php(64): yii\db\BaseActiveRecord->save(false)
#7 [internal function]: app\commands\SeedController->actionIndex()
#8 D:\laragon\www\EVERYDAYMART\vendor\yiisoft\yii2\base\InlineAction.php(60): call_user_func_array(Array, Array)
#9 D:\laragon\www\EVERYDAYMART\vendor\yiisoft\yii2\base\Controller.php(182): yii\base\InlineAction->runWithParams(Array)
#10 D:\laragon\www\EVERYDAYMART\vendor\yiisoft\yii2\console\Controller.php(187): yii\base\Controller->runAction('', Array)
#11 D:\laragon\www\EVERYDAYMART\vendor\yiisoft\yii2\base\Module.php(547): yii\console\Controller->runAction('', Array)
#12 D:\laragon\www\EVERYDAYMART\vendor\yiisoft\yii2\console\Application.php(180): yii\base\Module->runAction('seed', Array)
#13 D:\laragon\www\EVERYDAYMART\vendor\yiisoft\yii2\console\Application.php(147): yii\console\Application->runAction('seed', Array)
#14 D:\laragon\www\EVERYDAYMART\vendor\yiisoft\yii2\base\Application.php(382): yii\console\Application->handleRequest(Object(yii\console\Request))
#15 D:\laragon\www\EVERYDAYMART\yii(20): yii\base\Application->run()
#16 {main}
Additional Information:
Array
(
    [0] => HY000
    [1] => 1364
    [2] => Field 'kode_nota' doesn't have a default value
)

2026-08-14 03:46:23 [-][-][-][info][application] $_GET = []

$_POST = []

$_FILES = []

$_COOKIE = []

$_SERVER = [
    'ALLUSERSPROFILE' => 'C:\\ProgramData'
    'APPDATA' => 'C:\\Users\\USER\\AppData\\Roaming'
    'CHROME_CRASHPAD_PIPE_NAME' => '\\\\.\\pipe\\crashpad_13552_VMLIZAGVLPPYLKNZ'
    'COMPUTERNAME' => 'LAPTOP-N8DBASUB'
    'ComSpec' => 'C:\\WINDOWS\\system32\\cmd.exe'
    'CommonProgramFiles' => 'C:\\Program Files\\Common Files'
    'CommonProgramFiles(x86)' => 'C:\\Program Files (x86)\\Common Files'
    'CommonProgramW6432' => 'C:\\Program Files\\Common Files'
    'DriverData' => 'C:\\Windows\\System32\\Drivers\\DriverData'
    'EFC_7400_1262719628' => '1'
    'EFC_7400_1592913036' => '1'
    'EFC_7400_2283032206' => '1'
    'EFC_7400_2775293581' => '1'
    'EFC_7400_3789132940' => '1'
    'EFC_7400_4126798990' => '1'
    'HOMEDRIVE' => 'C:'
    'HOMEPATH' => '\\Users\\USER'
    'LOCALAPPDATA' => 'C:\\Users\\USER\\AppData\\Local'
    'LOGONSERVER' => '\\\\LAPTOP-N8DBASUB'
    'MEmu_Path' => 'C:\\Program Files (x86)'
    'NUMBER_OF_PROCESSORS' => '4'
    'OS' => 'Windows_NT'
    'OneDrive' => 'C:\\Users\\USER\\OneDrive'
    'OnlineServices' => 'Online Services'
    'PATHEXT' => '.COM;.EXE;.BAT;.CMD;.VBS;.VBE;.JS;.JSE;.WSF;.WSH;.MSC'
    'PROCESSOR_ARCHITECTURE' => 'AMD64'
    'PROCESSOR_IDENTIFIER' => 'AMD64 Family 23 Model 24 Stepping 1, AuthenticAMD'
    'PROCESSOR_LEVEL' => '23'
    'PROCESSOR_REVISION' => '1801'
    'PROMPT' => '$P$G'
    'PSModulePath' => 'C:\\Program Files\\WindowsPowerShell\\Modules;C:\\WINDOWS\\system32\\WindowsPowerShell\\v1.0\\Modules'
    'PUBLIC' => 'C:\\Users\\Public'
    'Path' => 'c:\\Users\\USER\\AppData\\Roaming\\Code\\User\\globalStorage\\github.copilot-chat\\debugCommand;c:\\Users\\USER\\AppData\\Roaming\\Code\\User\\globalStorage\\github.copilot-chat\\copilotCli;C:\\WINDOWS\\system32;C:\\WINDOWS;C:\\WINDOWS\\System32\\Wbem;C:\\WINDOWS\\System32\\WindowsPowerShell\\v1.0\\;C:\\WINDOWS\\System32\\OpenSSH\\;C:\\Program Files\\PostgreSQL\\17\\bin;C:\\Program Files\\nodejs\\;C:\\Users\\USER\\AppData\\Local\\Yarn\\config\\global\\node_modules\\.bin;C:\\Users\\USER\\AppData\\Roaming\\Composer\\vendor\\bin;C:\\Users\\USER\\AppData\\Roaming\\npm;D:\\laragon\\bin;D:\\laragon\\bin\\apache\\httpd-2.4.54-win64-VS16\\bin;D:\\laragon\\bin\\composer;D:\\laragon\\bin\\git\\bin;D:\\laragon\\bin\\git\\cmd;D:\\laragon\\bin\\git\\mingw64\\bin;D:\\laragon\\bin\\git\\usr\\bin;D:\\laragon\\bin\\laragon\\utils;D:\\laragon\\bin\\mysql\\mysql-8.0.30-winx64\\bin;D:\\laragon\\bin\\nginx\\nginx-1.22.0;D:\\laragon\\bin\\ngrok;D:\\laragon\\bin\\nodejs\\node-v18;D:\\laragon\\bin\\notepad++;D:\\laragon\\bin\\php\\php-8.4.13-nts-Win32-vs17-x64;D:\\laragon\\bin\\python\\python-3.10;D:\\laragon\\bin\\python\\python-3.10\\Scripts;D:\\laragon\\bin\\redis\\redis-x64-5.0.14.1;D:\\laragon\\bin\\telnet;D:\\laragon\\usr\\bin;C:\\Users\\USER\\AppData\\Local\\Programs\\Python\\Launcher\\;C:\\Users\\USER\\AppData\\Local\\Microsoft\\WindowsApps;C:\\Users\\USER\\AppData\\Local\\Programs\\Microsoft VS Code\\bin;C:\\Users\\USER\\AppData\\Local\\Programs\\Python\\Python312\\;C:\\Users\\USER\\AppData\\Local\\Programs\\Python\\Python312\\Scripts\\;'
    'ProgramData' => 'C:\\ProgramData'
    'ProgramFiles' => 'C:\\Program Files'
    'ProgramFiles(x86)' => 'C:\\Program Files (x86)'
    'ProgramW6432' => 'C:\\Program Files'
    'RegionCode' => 'APJ'
    'SESSIONNAME' => 'Console'
    'SystemDrive' => 'C:'
    'SystemRoot' => 'C:\\WINDOWS'
    'TEMP' => 'C:\\Users\\USER\\AppData\\Local\\Temp'
    'TMP' => 'C:\\Users\\USER\\AppData\\Local\\Temp'
    'USERDOMAIN' => 'LAPTOP-N8DBASUB'
    'USERDOMAIN_ROAMINGPROFILE' => 'LAPTOP-N8DBASUB'
    'USERNAME' => 'Iqbass'
    'USERPROFILE' => 'C:\\Users\\USER'
    'VBOX_HWVIRTEX_IGNORE_SVM_IN_USE' => '1'
    '__COMPAT_LAYER' => 'DetectorsAppHealth'
    'platformcode' => 'KV'
    'windir' => 'C:\\WINDOWS'
    'TERM_PROGRAM' => 'vscode'
    'TERM_PROGRAM_VERSION' => '1.133.0'
    'LANG' => 'en_US.UTF-8'
    'COLORTERM' => 'truecolor'
    'COPILOT_DEBUG_NONCE' => 'e65deb70f9741a7892e75f8dc2b5587e'
    'GIT_ASKPASS' => 'c:\\Users\\USER\\AppData\\Roaming\\Code\\User\\globalStorage\\vscode.git\\askpass\\70789581cae28aa7\\askpass.sh'
    'VSCODE_GIT_ASKPASS_NODE' => 'C:\\Users\\USER\\AppData\\Local\\Programs\\Microsoft VS Code\\Code.exe'
    'VSCODE_GIT_ASKPASS_EXTRA_ARGS' => ''
    'VSCODE_GIT_ASKPASS_MAIN' => 'c:\\Users\\USER\\AppData\\Roaming\\Code\\User\\globalStorage\\vscode.git\\askpass\\70789581cae28aa7\\askpass-main.js'
    'VSCODE_GIT_IPC_HANDLE' => '\\\\.\\pipe\\vscode-git-083d32aa39-sock'
    'VSCODE_NONCE' => '1004fc55-a4b7-4370-8941-448e60209b27'
    'PHP_SELF' => 'yii'
    'SCRIPT_NAME' => 'yii'
    'SCRIPT_FILENAME' => 'yii'
    'PATH_TRANSLATED' => 'yii'
    'DOCUMENT_ROOT' => ''
    'REQUEST_TIME_FLOAT' => 1786679183.8817
    'REQUEST_TIME' => 1786679183
    'argv' => [
        0 => 'yii'
        1 => 'seed'
    ]
    'argc' => 2
]
2026-08-14 03:48:44 [-][-][-][error][yii\db\Exception] PDOException: SQLSTATE[HY000]: General error: 1364 Field 'satuan' doesn't have a default value in D:\laragon\www\EVERYDAYMART\vendor\yiisoft\yii2\db\Command.php:1320
Stack trace:
#0 D:\laragon\www\EVERYDAYMART\vendor\yiisoft\yii2\db\Command.php(1320): PDOStatement->execute()
#1 D:\laragon\www\EVERYDAYMART\vendor\yiisoft\yii2\db\Command.php(1120): yii\db\Command->internalExecute('INSERT INTO `ba...')
#2 D:\laragon\www\EVERYDAYMART\vendor\yiisoft\yii2\db\Schema.php(432): yii\db\Command->execute()
#3 D:\laragon\www\EVERYDAYMART\vendor\yiisoft\yii2\db\ActiveRecord.php(627): yii\db\Schema->insert('barang', Array)
#4 D:\laragon\www\EVERYDAYMART\vendor\yiisoft\yii2\db\ActiveRecord.php(565): yii\db\ActiveRecord->insertInternal(NULL)
#5 D:\laragon\www\EVERYDAYMART\vendor\yiisoft\yii2\db\BaseActiveRecord.php(695): yii\db\ActiveRecord->insert(false, NULL)
#6 D:\laragon\www\EVERYDAYMART\commands\SeedController.php(127): yii\db\BaseActiveRecord->save(false)
#7 [internal function]: app\commands\SeedController->actionIndex()
#8 D:\laragon\www\EVERYDAYMART\vendor\yiisoft\yii2\base\InlineAction.php(60): call_user_func_array(Array, Array)
#9 D:\laragon\www\EVERYDAYMART\vendor\yiisoft\yii2\base\Controller.php(182): yii\base\InlineAction->runWithParams(Array)
#10 D:\laragon\www\EVERYDAYMART\vendor\yiisoft\yii2\console\Controller.php(187): yii\base\Controller->runAction('', Array)
#11 D:\laragon\www\EVERYDAYMART\vendor\yiisoft\yii2\base\Module.php(547): yii\console\Controller->runAction('', Array)
#12 D:\laragon\www\EVERYDAYMART\vendor\yiisoft\yii2\console\Application.php(180): yii\base\Module->runAction('seed', Array)
#13 D:\laragon\www\EVERYDAYMART\vendor\yiisoft\yii2\console\Application.php(147): yii\console\Application->runAction('seed', Array)
#14 D:\laragon\www\EVERYDAYMART\vendor\yiisoft\yii2\base\Application.php(382): yii\console\Application->handleRequest(Object(yii\console\Request))
#15 D:\laragon\www\EVERYDAYMART\yii(20): yii\base\Application->run()
#16 {main}

Next yii\db\Exception: SQLSTATE[HY000]: General error: 1364 Field 'satuan' doesn't have a default value
The SQL being executed was: INSERT INTO `barang` (`nama`, `harga`) VALUES ('Beras Ramos 5kg', 75000) in D:\laragon\www\EVERYDAYMART\vendor\yiisoft\yii2\db\Schema.php:677
Stack trace:
#0 D:\laragon\www\EVERYDAYMART\vendor\yiisoft\yii2\db\Command.php(1325): yii\db\Schema->convertException(Object(PDOException), 'INSERT INTO `ba...')
#1 D:\laragon\www\EVERYDAYMART\vendor\yiisoft\yii2\db\Command.php(1120): yii\db\Command->internalExecute('INSERT INTO `ba...')
#2 D:\laragon\www\EVERYDAYMART\vendor\yiisoft\yii2\db\Schema.php(432): yii\db\Command->execute()
#3 D:\laragon\www\EVERYDAYMART\vendor\yiisoft\yii2\db\ActiveRecord.php(627): yii\db\Schema->insert('barang', Array)
#4 D:\laragon\www\EVERYDAYMART\vendor\yiisoft\yii2\db\ActiveRecord.php(565): yii\db\ActiveRecord->insertInternal(NULL)
#5 D:\laragon\www\EVERYDAYMART\vendor\yiisoft\yii2\db\BaseActiveRecord.php(695): yii\db\ActiveRecord->insert(false, NULL)
#6 D:\laragon\www\EVERYDAYMART\commands\SeedController.php(127): yii\db\BaseActiveRecord->save(false)
#7 [internal function]: app\commands\SeedController->actionIndex()
#8 D:\laragon\www\EVERYDAYMART\vendor\yiisoft\yii2\base\InlineAction.php(60): call_user_func_array(Array, Array)
#9 D:\laragon\www\EVERYDAYMART\vendor\yiisoft\yii2\base\Controller.php(182): yii\base\InlineAction->runWithParams(Array)
#10 D:\laragon\www\EVERYDAYMART\vendor\yiisoft\yii2\console\Controller.php(187): yii\base\Controller->runAction('', Array)
#11 D:\laragon\www\EVERYDAYMART\vendor\yiisoft\yii2\base\Module.php(547): yii\console\Controller->runAction('', Array)
#12 D:\laragon\www\EVERYDAYMART\vendor\yiisoft\yii2\console\Application.php(180): yii\base\Module->runAction('seed', Array)
#13 D:\laragon\www\EVERYDAYMART\vendor\yiisoft\yii2\console\Application.php(147): yii\console\Application->runAction('seed', Array)
#14 D:\laragon\www\EVERYDAYMART\vendor\yiisoft\yii2\base\Application.php(382): yii\console\Application->handleRequest(Object(yii\console\Request))
#15 D:\laragon\www\EVERYDAYMART\yii(20): yii\base\Application->run()
#16 {main}
Additional Information:
Array
(
    [0] => HY000
    [1] => 1364
    [2] => Field 'satuan' doesn't have a default value
)

2026-08-14 03:48:44 [-][-][-][info][application] $_GET = []

$_POST = []

$_FILES = []

$_COOKIE = []

$_SERVER = [
    'ALLUSERSPROFILE' => 'C:\\ProgramData'
    'APPDATA' => 'C:\\Users\\USER\\AppData\\Roaming'
    'CHROME_CRASHPAD_PIPE_NAME' => '\\\\.\\pipe\\crashpad_13552_VMLIZAGVLPPYLKNZ'
    'COMPUTERNAME' => 'LAPTOP-N8DBASUB'
    'ComSpec' => 'C:\\WINDOWS\\system32\\cmd.exe'
    'CommonProgramFiles' => 'C:\\Program Files\\Common Files'
    'CommonProgramFiles(x86)' => 'C:\\Program Files (x86)\\Common Files'
    'CommonProgramW6432' => 'C:\\Program Files\\Common Files'
    'DriverData' => 'C:\\Windows\\System32\\Drivers\\DriverData'
    'EFC_7400_1262719628' => '1'
    'EFC_7400_1592913036' => '1'
    'EFC_7400_2283032206' => '1'
    'EFC_7400_2775293581' => '1'
    'EFC_7400_3789132940' => '1'
    'EFC_7400_4126798990' => '1'
    'HOMEDRIVE' => 'C:'
    'HOMEPATH' => '\\Users\\USER'
    'LOCALAPPDATA' => 'C:\\Users\\USER\\AppData\\Local'
    'LOGONSERVER' => '\\\\LAPTOP-N8DBASUB'
    'MEmu_Path' => 'C:\\Program Files (x86)'
    'NUMBER_OF_PROCESSORS' => '4'
    'OS' => 'Windows_NT'
    'OneDrive' => 'C:\\Users\\USER\\OneDrive'
    'OnlineServices' => 'Online Services'
    'PATHEXT' => '.COM;.EXE;.BAT;.CMD;.VBS;.VBE;.JS;.JSE;.WSF;.WSH;.MSC'
    'PROCESSOR_ARCHITECTURE' => 'AMD64'
    'PROCESSOR_IDENTIFIER' => 'AMD64 Family 23 Model 24 Stepping 1, AuthenticAMD'
    'PROCESSOR_LEVEL' => '23'
    'PROCESSOR_REVISION' => '1801'
    'PROMPT' => '$P$G'
    'PSModulePath' => 'C:\\Program Files\\WindowsPowerShell\\Modules;C:\\WINDOWS\\system32\\WindowsPowerShell\\v1.0\\Modules'
    'PUBLIC' => 'C:\\Users\\Public'
    'Path' => 'c:\\Users\\USER\\AppData\\Roaming\\Code\\User\\globalStorage\\github.copilot-chat\\debugCommand;c:\\Users\\USER\\AppData\\Roaming\\Code\\User\\globalStorage\\github.copilot-chat\\copilotCli;C:\\WINDOWS\\system32;C:\\WINDOWS;C:\\WINDOWS\\System32\\Wbem;C:\\WINDOWS\\System32\\WindowsPowerShell\\v1.0\\;C:\\WINDOWS\\System32\\OpenSSH\\;C:\\Program Files\\PostgreSQL\\17\\bin;C:\\Program Files\\nodejs\\;C:\\Users\\USER\\AppData\\Local\\Yarn\\config\\global\\node_modules\\.bin;C:\\Users\\USER\\AppData\\Roaming\\Composer\\vendor\\bin;C:\\Users\\USER\\AppData\\Roaming\\npm;D:\\laragon\\bin;D:\\laragon\\bin\\apache\\httpd-2.4.54-win64-VS16\\bin;D:\\laragon\\bin\\composer;D:\\laragon\\bin\\git\\bin;D:\\laragon\\bin\\git\\cmd;D:\\laragon\\bin\\git\\mingw64\\bin;D:\\laragon\\bin\\git\\usr\\bin;D:\\laragon\\bin\\laragon\\utils;D:\\laragon\\bin\\mysql\\mysql-8.0.30-winx64\\bin;D:\\laragon\\bin\\nginx\\nginx-1.22.0;D:\\laragon\\bin\\ngrok;D:\\laragon\\bin\\nodejs\\node-v18;D:\\laragon\\bin\\notepad++;D:\\laragon\\bin\\php\\php-8.4.13-nts-Win32-vs17-x64;D:\\laragon\\bin\\python\\python-3.10;D:\\laragon\\bin\\python\\python-3.10\\Scripts;D:\\laragon\\bin\\redis\\redis-x64-5.0.14.1;D:\\laragon\\bin\\telnet;D:\\laragon\\usr\\bin;C:\\Users\\USER\\AppData\\Local\\Programs\\Python\\Launcher\\;C:\\Users\\USER\\AppData\\Local\\Microsoft\\WindowsApps;C:\\Users\\USER\\AppData\\Local\\Programs\\Microsoft VS Code\\bin;C:\\Users\\USER\\AppData\\Local\\Programs\\Python\\Python312\\;C:\\Users\\USER\\AppData\\Local\\Programs\\Python\\Python312\\Scripts\\;'
    'ProgramData' => 'C:\\ProgramData'
    'ProgramFiles' => 'C:\\Program Files'
    'ProgramFiles(x86)' => 'C:\\Program Files (x86)'
    'ProgramW6432' => 'C:\\Program Files'
    'RegionCode' => 'APJ'
    'SESSIONNAME' => 'Console'
    'SystemDrive' => 'C:'
    'SystemRoot' => 'C:\\WINDOWS'
    'TEMP' => 'C:\\Users\\USER\\AppData\\Local\\Temp'
    'TMP' => 'C:\\Users\\USER\\AppData\\Local\\Temp'
    'USERDOMAIN' => 'LAPTOP-N8DBASUB'
    'USERDOMAIN_ROAMINGPROFILE' => 'LAPTOP-N8DBASUB'
    'USERNAME' => 'Iqbass'
    'USERPROFILE' => 'C:\\Users\\USER'
    'VBOX_HWVIRTEX_IGNORE_SVM_IN_USE' => '1'
    '__COMPAT_LAYER' => 'DetectorsAppHealth'
    'platformcode' => 'KV'
    'windir' => 'C:\\WINDOWS'
    'TERM_PROGRAM' => 'vscode'
    'TERM_PROGRAM_VERSION' => '1.133.0'
    'LANG' => 'en_US.UTF-8'
    'COLORTERM' => 'truecolor'
    'COPILOT_DEBUG_NONCE' => 'e65deb70f9741a7892e75f8dc2b5587e'
    'GIT_ASKPASS' => 'c:\\Users\\USER\\AppData\\Roaming\\Code\\User\\globalStorage\\vscode.git\\askpass\\70789581cae28aa7\\askpass.sh'
    'VSCODE_GIT_ASKPASS_NODE' => 'C:\\Users\\USER\\AppData\\Local\\Programs\\Microsoft VS Code\\Code.exe'
    'VSCODE_GIT_ASKPASS_EXTRA_ARGS' => ''
    'VSCODE_GIT_ASKPASS_MAIN' => 'c:\\Users\\USER\\AppData\\Roaming\\Code\\User\\globalStorage\\vscode.git\\askpass\\70789581cae28aa7\\askpass-main.js'
    'VSCODE_GIT_IPC_HANDLE' => '\\\\.\\pipe\\vscode-git-083d32aa39-sock'
    'VSCODE_NONCE' => '1004fc55-a4b7-4370-8941-448e60209b27'
    'PHP_SELF' => 'yii'
    'SCRIPT_NAME' => 'yii'
    'SCRIPT_FILENAME' => 'yii'
    'PATH_TRANSLATED' => 'yii'
    'DOCUMENT_ROOT' => ''
    'REQUEST_TIME_FLOAT' => 1786679324.1667
    'REQUEST_TIME' => 1786679324
    'argv' => [
        0 => 'yii'
        1 => 'seed'
    ]
    'argc' => 2
]
2026-08-14 04:23:54 [-][-][-][error][yii\console\UnknownCommandException] yii\base\InvalidRouteException: Unable to resolve the request "see". in D:\laragon\www\EVERYDAYMART\vendor\yiisoft\yii2\base\Module.php:556
Stack trace:
#0 D:\laragon\www\EVERYDAYMART\vendor\yiisoft\yii2\console\Application.php(180): yii\base\Module->runAction('see', Array)
#1 D:\laragon\www\EVERYDAYMART\vendor\yiisoft\yii2\console\Application.php(147): yii\console\Application->runAction('see', Array)
#2 D:\laragon\www\EVERYDAYMART\vendor\yiisoft\yii2\base\Application.php(382): yii\console\Application->handleRequest(Object(yii\console\Request))
#3 D:\laragon\www\EVERYDAYMART\yii(20): yii\base\Application->run()
#4 {main}

Next yii\console\UnknownCommandException: Unknown command "see". in D:\laragon\www\EVERYDAYMART\vendor\yiisoft\yii2\console\Application.php:183
Stack trace:
#0 D:\laragon\www\EVERYDAYMART\vendor\yiisoft\yii2\console\Application.php(147): yii\console\Application->runAction('see', Array)
#1 D:\laragon\www\EVERYDAYMART\vendor\yiisoft\yii2\base\Application.php(382): yii\console\Application->handleRequest(Object(yii\console\Request))
#2 D:\laragon\www\EVERYDAYMART\yii(20): yii\base\Application->run()
#3 {main}
2026-08-14 04:23:54 [-][-][-][info][application] $_GET = []

$_POST = []

$_FILES = []

$_COOKIE = []

$_SERVER = [
    'ALLUSERSPROFILE' => 'C:\\ProgramData'
    'APPDATA' => 'C:\\Users\\USER\\AppData\\Roaming'
    'CHROME_CRASHPAD_PIPE_NAME' => '\\\\.\\pipe\\crashpad_13552_VMLIZAGVLPPYLKNZ'
    'COMPUTERNAME' => 'LAPTOP-N8DBASUB'
    'ComSpec' => 'C:\\WINDOWS\\system32\\cmd.exe'
    'CommonProgramFiles' => 'C:\\Program Files\\Common Files'
    'CommonProgramFiles(x86)' => 'C:\\Program Files (x86)\\Common Files'
    'CommonProgramW6432' => 'C:\\Program Files\\Common Files'
    'DriverData' => 'C:\\Windows\\System32\\Drivers\\DriverData'
    'EFC_7400_1262719628' => '1'
    'EFC_7400_1592913036' => '1'
    'EFC_7400_2283032206' => '1'
    'EFC_7400_2775293581' => '1'
    'EFC_7400_3789132940' => '1'
    'EFC_7400_4126798990' => '1'
    'HOMEDRIVE' => 'C:'
    'HOMEPATH' => '\\Users\\USER'
    'LOCALAPPDATA' => 'C:\\Users\\USER\\AppData\\Local'
    'LOGONSERVER' => '\\\\LAPTOP-N8DBASUB'
    'MEmu_Path' => 'C:\\Program Files (x86)'
    'NUMBER_OF_PROCESSORS' => '4'
    'OS' => 'Windows_NT'
    'OneDrive' => 'C:\\Users\\USER\\OneDrive'
    'OnlineServices' => 'Online Services'
    'PATHEXT' => '.COM;.EXE;.BAT;.CMD;.VBS;.VBE;.JS;.JSE;.WSF;.WSH;.MSC'
    'PROCESSOR_ARCHITECTURE' => 'AMD64'
    'PROCESSOR_IDENTIFIER' => 'AMD64 Family 23 Model 24 Stepping 1, AuthenticAMD'
    'PROCESSOR_LEVEL' => '23'
    'PROCESSOR_REVISION' => '1801'
    'PROMPT' => '$P$G'
    'PSModulePath' => 'C:\\Program Files\\WindowsPowerShell\\Modules;C:\\WINDOWS\\system32\\WindowsPowerShell\\v1.0\\Modules'
    'PUBLIC' => 'C:\\Users\\Public'
    'Path' => 'c:\\Users\\USER\\AppData\\Roaming\\Code\\User\\globalStorage\\github.copilot-chat\\debugCommand;c:\\Users\\USER\\AppData\\Roaming\\Code\\User\\globalStorage\\github.copilot-chat\\copilotCli;C:\\WINDOWS\\system32;C:\\WINDOWS;C:\\WINDOWS\\System32\\Wbem;C:\\WINDOWS\\System32\\WindowsPowerShell\\v1.0\\;C:\\WINDOWS\\System32\\OpenSSH\\;C:\\Program Files\\PostgreSQL\\17\\bin;C:\\Program Files\\nodejs\\;C:\\Users\\USER\\AppData\\Local\\Yarn\\config\\global\\node_modules\\.bin;C:\\Users\\USER\\AppData\\Roaming\\Composer\\vendor\\bin;C:\\Users\\USER\\AppData\\Roaming\\npm;D:\\laragon\\bin;D:\\laragon\\bin\\apache\\httpd-2.4.54-win64-VS16\\bin;D:\\laragon\\bin\\composer;D:\\laragon\\bin\\git\\bin;D:\\laragon\\bin\\git\\cmd;D:\\laragon\\bin\\git\\mingw64\\bin;D:\\laragon\\bin\\git\\usr\\bin;D:\\laragon\\bin\\laragon\\utils;D:\\laragon\\bin\\mysql\\mysql-8.0.30-winx64\\bin;D:\\laragon\\bin\\nginx\\nginx-1.22.0;D:\\laragon\\bin\\ngrok;D:\\laragon\\bin\\nodejs\\node-v18;D:\\laragon\\bin\\notepad++;D:\\laragon\\bin\\php\\php-8.4.13-nts-Win32-vs17-x64;D:\\laragon\\bin\\python\\python-3.10;D:\\laragon\\bin\\python\\python-3.10\\Scripts;D:\\laragon\\bin\\redis\\redis-x64-5.0.14.1;D:\\laragon\\bin\\telnet;D:\\laragon\\usr\\bin;C:\\Users\\USER\\AppData\\Local\\Programs\\Python\\Launcher\\;C:\\Users\\USER\\AppData\\Local\\Microsoft\\WindowsApps;C:\\Users\\USER\\AppData\\Local\\Programs\\Microsoft VS Code\\bin;C:\\Users\\USER\\AppData\\Local\\Programs\\Python\\Python312\\;C:\\Users\\USER\\AppData\\Local\\Programs\\Python\\Python312\\Scripts\\;'
    'ProgramData' => 'C:\\ProgramData'
    'ProgramFiles' => 'C:\\Program Files'
    'ProgramFiles(x86)' => 'C:\\Program Files (x86)'
    'ProgramW6432' => 'C:\\Program Files'
    'RegionCode' => 'APJ'
    'SESSIONNAME' => 'Console'
    'SystemDrive' => 'C:'
    'SystemRoot' => 'C:\\WINDOWS'
    'TEMP' => 'C:\\Users\\USER\\AppData\\Local\\Temp'
    'TMP' => 'C:\\Users\\USER\\AppData\\Local\\Temp'
    'USERDOMAIN' => 'LAPTOP-N8DBASUB'
    'USERDOMAIN_ROAMINGPROFILE' => 'LAPTOP-N8DBASUB'
    'USERNAME' => 'Iqbass'
    'USERPROFILE' => 'C:\\Users\\USER'
    'VBOX_HWVIRTEX_IGNORE_SVM_IN_USE' => '1'
    '__COMPAT_LAYER' => 'DetectorsAppHealth'
    'platformcode' => 'KV'
    'windir' => 'C:\\WINDOWS'
    'TERM_PROGRAM' => 'vscode'
    'TERM_PROGRAM_VERSION' => '1.133.0'
    'LANG' => 'en_US.UTF-8'
    'COLORTERM' => 'truecolor'
    'COPILOT_DEBUG_NONCE' => 'e65deb70f9741a7892e75f8dc2b5587e'
    'GIT_ASKPASS' => 'c:\\Users\\USER\\AppData\\Roaming\\Code\\User\\globalStorage\\vscode.git\\askpass\\70789581cae28aa7\\askpass.sh'
    'VSCODE_GIT_ASKPASS_NODE' => 'C:\\Users\\USER\\AppData\\Local\\Programs\\Microsoft VS Code\\Code.exe'
    'VSCODE_GIT_ASKPASS_EXTRA_ARGS' => ''
    'VSCODE_GIT_ASKPASS_MAIN' => 'c:\\Users\\USER\\AppData\\Roaming\\Code\\User\\globalStorage\\vscode.git\\askpass\\70789581cae28aa7\\askpass-main.js'
    'VSCODE_GIT_IPC_HANDLE' => '\\\\.\\pipe\\vscode-git-083d32aa39-sock'
    'VSCODE_NONCE' => '1004fc55-a4b7-4370-8941-448e60209b27'
    'PHP_SELF' => 'yii'
    'SCRIPT_NAME' => 'yii'
    'SCRIPT_FILENAME' => 'yii'
    'PATH_TRANSLATED' => 'yii'
    'DOCUMENT_ROOT' => ''
    'REQUEST_TIME_FLOAT' => 1786681434.0283
    'REQUEST_TIME' => 1786681434
    'argv' => [
        0 => 'yii'
        1 => 'see'
    ]
    'argc' => 2
]
2026-08-14 06:08:51 [-][-][-][error][yii\base\UnknownClassException] yii\base\UnknownClassException: Unable to find 'app\commands\SeedController' in file: D:\laragon\www\EVERYDAYMART/commands/SeedController.php. Namespace missing? in D:\laragon\www\EVERYDAYMART\vendor\yiisoft\yii2\BaseYii.php:299
Stack trace:
#0 [internal function]: yii\BaseYii::autoload('app\\commands\\Se...')
#1 D:\laragon\www\EVERYDAYMART\vendor\yiisoft\yii2\base\Module.php(662): class_exists('app\\commands\\Se...')
#2 D:\laragon\www\EVERYDAYMART\vendor\yiisoft\yii2\base\Module.php(618): yii\base\Module->createControllerByID('seed')
#3 D:\laragon\www\EVERYDAYMART\vendor\yiisoft\yii2\base\Module.php(542): yii\base\Module->createController('')
#4 D:\laragon\www\EVERYDAYMART\vendor\yiisoft\yii2\console\Application.php(180): yii\base\Module->runAction('seed', Array)
#5 D:\laragon\www\EVERYDAYMART\vendor\yiisoft\yii2\console\Application.php(147): yii\console\Application->runAction('seed', Array)
#6 D:\laragon\www\EVERYDAYMART\vendor\yiisoft\yii2\base\Application.php(382): yii\console\Application->handleRequest(Object(yii\console\Request))
#7 D:\laragon\www\EVERYDAYMART\yii(20): yii\base\Application->run()
#8 {main}
2026-08-14 06:08:50 [-][-][-][info][application] $_GET = []

$_POST = []

$_FILES = []

$_COOKIE = []

$_SERVER = [
    'ALLUSERSPROFILE' => 'C:\\ProgramData'
    'APPDATA' => 'C:\\Users\\USER\\AppData\\Roaming'
    'CHROME_CRASHPAD_PIPE_NAME' => '\\\\.\\pipe\\crashpad_13552_VMLIZAGVLPPYLKNZ'
    'COMPUTERNAME' => 'LAPTOP-N8DBASUB'
    'ComSpec' => 'C:\\WINDOWS\\system32\\cmd.exe'
    'CommonProgramFiles' => 'C:\\Program Files\\Common Files'
    'CommonProgramFiles(x86)' => 'C:\\Program Files (x86)\\Common Files'
    'CommonProgramW6432' => 'C:\\Program Files\\Common Files'
    'DriverData' => 'C:\\Windows\\System32\\Drivers\\DriverData'
    'EFC_7400_1262719628' => '1'
    'EFC_7400_1592913036' => '1'
    'EFC_7400_2283032206' => '1'
    'EFC_7400_2775293581' => '1'
    'EFC_7400_3789132940' => '1'
    'EFC_7400_4126798990' => '1'
    'HOMEDRIVE' => 'C:'
    'HOMEPATH' => '\\Users\\USER'
    'LOCALAPPDATA' => 'C:\\Users\\USER\\AppData\\Local'
    'LOGONSERVER' => '\\\\LAPTOP-N8DBASUB'
    'MEmu_Path' => 'C:\\Program Files (x86)'
    'NUMBER_OF_PROCESSORS' => '4'
    'OS' => 'Windows_NT'
    'OneDrive' => 'C:\\Users\\USER\\OneDrive'
    'OnlineServices' => 'Online Services'
    'PATHEXT' => '.COM;.EXE;.BAT;.CMD;.VBS;.VBE;.JS;.JSE;.WSF;.WSH;.MSC'
    'PROCESSOR_ARCHITECTURE' => 'AMD64'
    'PROCESSOR_IDENTIFIER' => 'AMD64 Family 23 Model 24 Stepping 1, AuthenticAMD'
    'PROCESSOR_LEVEL' => '23'
    'PROCESSOR_REVISION' => '1801'
    'PROMPT' => '$P$G'
    'PSModulePath' => 'C:\\Program Files\\WindowsPowerShell\\Modules;C:\\WINDOWS\\system32\\WindowsPowerShell\\v1.0\\Modules'
    'PUBLIC' => 'C:\\Users\\Public'
    'Path' => 'c:\\Users\\USER\\AppData\\Roaming\\Code\\User\\globalStorage\\github.copilot-chat\\debugCommand;c:\\Users\\USER\\AppData\\Roaming\\Code\\User\\globalStorage\\github.copilot-chat\\copilotCli;C:\\WINDOWS\\system32;C:\\WINDOWS;C:\\WINDOWS\\System32\\Wbem;C:\\WINDOWS\\System32\\WindowsPowerShell\\v1.0\\;C:\\WINDOWS\\System32\\OpenSSH\\;C:\\Program Files\\PostgreSQL\\17\\bin;C:\\Program Files\\nodejs\\;C:\\Users\\USER\\AppData\\Local\\Yarn\\config\\global\\node_modules\\.bin;C:\\Users\\USER\\AppData\\Roaming\\Composer\\vendor\\bin;C:\\Users\\USER\\AppData\\Roaming\\npm;D:\\laragon\\bin;D:\\laragon\\bin\\apache\\httpd-2.4.54-win64-VS16\\bin;D:\\laragon\\bin\\composer;D:\\laragon\\bin\\git\\bin;D:\\laragon\\bin\\git\\cmd;D:\\laragon\\bin\\git\\mingw64\\bin;D:\\laragon\\bin\\git\\usr\\bin;D:\\laragon\\bin\\laragon\\utils;D:\\laragon\\bin\\mysql\\mysql-8.0.30-winx64\\bin;D:\\laragon\\bin\\nginx\\nginx-1.22.0;D:\\laragon\\bin\\ngrok;D:\\laragon\\bin\\nodejs\\node-v18;D:\\laragon\\bin\\notepad++;D:\\laragon\\bin\\php\\php-8.4.13-nts-Win32-vs17-x64;D:\\laragon\\bin\\python\\python-3.10;D:\\laragon\\bin\\python\\python-3.10\\Scripts;D:\\laragon\\bin\\redis\\redis-x64-5.0.14.1;D:\\laragon\\bin\\telnet;D:\\laragon\\usr\\bin;C:\\Users\\USER\\AppData\\Local\\Programs\\Python\\Launcher\\;C:\\Users\\USER\\AppData\\Local\\Microsoft\\WindowsApps;C:\\Users\\USER\\AppData\\Local\\Programs\\Microsoft VS Code\\bin;C:\\Users\\USER\\AppData\\Local\\Programs\\Python\\Python312\\;C:\\Users\\USER\\AppData\\Local\\Programs\\Python\\Python312\\Scripts\\;'
    'ProgramData' => 'C:\\ProgramData'
    'ProgramFiles' => 'C:\\Program Files'
    'ProgramFiles(x86)' => 'C:\\Program Files (x86)'
    'ProgramW6432' => 'C:\\Program Files'
    'RegionCode' => 'APJ'
    'SESSIONNAME' => 'Console'
    'SystemDrive' => 'C:'
    'SystemRoot' => 'C:\\WINDOWS'
    'TEMP' => 'C:\\Users\\USER\\AppData\\Local\\Temp'
    'TMP' => 'C:\\Users\\USER\\AppData\\Local\\Temp'
    'USERDOMAIN' => 'LAPTOP-N8DBASUB'
    'USERDOMAIN_ROAMINGPROFILE' => 'LAPTOP-N8DBASUB'
    'USERNAME' => 'Iqbass'
    'USERPROFILE' => 'C:\\Users\\USER'
    'VBOX_HWVIRTEX_IGNORE_SVM_IN_USE' => '1'
    '__COMPAT_LAYER' => 'DetectorsAppHealth'
    'platformcode' => 'KV'
    'windir' => 'C:\\WINDOWS'
    'TERM_PROGRAM' => 'vscode'
    'TERM_PROGRAM_VERSION' => '1.133.0'
    'LANG' => 'en_US.UTF-8'
    'COLORTERM' => 'truecolor'
    'COPILOT_DEBUG_NONCE' => 'e65deb70f9741a7892e75f8dc2b5587e'
    'GIT_ASKPASS' => 'c:\\Users\\USER\\AppData\\Roaming\\Code\\User\\globalStorage\\vscode.git\\askpass\\70789581cae28aa7\\askpass.sh'
    'VSCODE_GIT_ASKPASS_NODE' => 'C:\\Users\\USER\\AppData\\Local\\Programs\\Microsoft VS Code\\Code.exe'
    'VSCODE_GIT_ASKPASS_EXTRA_ARGS' => ''
    'VSCODE_GIT_ASKPASS_MAIN' => 'c:\\Users\\USER\\AppData\\Roaming\\Code\\User\\globalStorage\\vscode.git\\askpass\\70789581cae28aa7\\askpass-main.js'
    'VSCODE_GIT_IPC_HANDLE' => '\\\\.\\pipe\\vscode-git-083d32aa39-sock'
    'VSCODE_NONCE' => '1004fc55-a4b7-4370-8941-448e60209b27'
    'PHP_SELF' => 'yii'
    'SCRIPT_NAME' => 'yii'
    'SCRIPT_FILENAME' => 'yii'
    'PATH_TRANSLATED' => 'yii'
    'DOCUMENT_ROOT' => ''
    'REQUEST_TIME_FLOAT' => 1786687728.9721
    'REQUEST_TIME' => 1786687728
    'argv' => [
        0 => 'yii'
        1 => 'seed'
    ]
    'argc' => 2
]
2026-08-18 10:29:58 [::1][-][-][error][yii\db\Exception] PDOException: SQLSTATE[HY000] [2002] No connection could be made because the target machine actively refused it in D:\laragon\www\EVERYDAYMART\vendor\yiisoft\yii2\db\Connection.php:721
Stack trace:
#0 D:\laragon\www\EVERYDAYMART\vendor\yiisoft\yii2\db\Connection.php(721): PDO->__construct('mysql:host=loca...', 'root', Object(SensitiveParameterValue), NULL)
#1 D:\laragon\www\EVERYDAYMART\vendor\yiisoft\yii2\db\Connection.php(636): yii\db\Connection->createPdoInstance()
#2 D:\laragon\www\EVERYDAYMART\vendor\yiisoft\yii2\db\Connection.php(1066): yii\db\Connection->open()
#3 D:\laragon\www\EVERYDAYMART\vendor\yiisoft\yii2\db\Connection.php(1053): yii\db\Connection->getMasterPdo()
#4 D:\laragon\www\EVERYDAYMART\vendor\yiisoft\yii2\db\Command.php(261): yii\db\Connection->getSlavePdo(true)
#5 D:\laragon\www\EVERYDAYMART\vendor\yiisoft\yii2\db\Command.php(1181): yii\db\Command->prepare(true)
#6 D:\laragon\www\EVERYDAYMART\vendor\yiisoft\yii2\db\Command.php(417): yii\db\Command->queryInternal('fetchAll', NULL)
#7 D:\laragon\www\EVERYDAYMART\vendor\yiisoft\yii2\db\mysql\Schema.php(370): yii\db\Command->queryAll()
#8 D:\laragon\www\EVERYDAYMART\vendor\yiisoft\yii2\db\mysql\Schema.php(138): yii\db\mysql\Schema->findColumns(Object(yii\db\TableSchema))
#9 D:\laragon\www\EVERYDAYMART\vendor\yiisoft\yii2\db\Schema.php(757): yii\db\mysql\Schema->loadTableSchema('user')
#10 D:\laragon\www\EVERYDAYMART\vendor\yiisoft\yii2\db\Schema.php(193): yii\db\Schema->getTableMetadata('user', 'schema', false)
#11 D:\laragon\www\EVERYDAYMART\vendor\yiisoft\yii2\db\ActiveRecord.php(434): yii\db\Schema->getTableSchema('user')
#12 D:\laragon\www\EVERYDAYMART\vendor\yiisoft\yii2\db\ActiveRecord.php(458): yii\db\ActiveRecord::getTableSchema()
#13 D:\laragon\www\EVERYDAYMART\vendor\yiisoft\yii2\db\ActiveRecord.php(177): yii\db\ActiveRecord::primaryKey()
#14 D:\laragon\www\EVERYDAYMART\vendor\yiisoft\yii2\db\BaseActiveRecord.php(109): yii\db\ActiveRecord::findByCondition(1)
#15 D:\laragon\www\EVERYDAYMART\models\User.php(77): yii\db\BaseActiveRecord::findOne(1)
#16 D:\laragon\www\EVERYDAYMART\vendor\yiisoft\yii2\web\User.php(602): app\models\User::findIdentity(1)
#17 D:\laragon\www\EVERYDAYMART\vendor\yiisoft\yii2\web\User.php(321): yii\web\User->getIdentityAndDurationFromCookie()
#18 D:\laragon\www\EVERYDAYMART\vendor\yiisoft\yii2\web\User.php(727): yii\web\User->loginByCookie()
#19 D:\laragon\www\EVERYDAYMART\vendor\yiisoft\yii2\web\User.php(200): yii\web\User->renewAuthStatus()
#20 D:\laragon\www\EVERYDAYMART\vendor\yiisoft\yii2\web\User.php(367): yii\web\User->getIdentity()
#21 D:\laragon\www\EVERYDAYMART\vendor\yiisoft\yii2\base\Component.php(142): yii\web\User->getIsGuest()
#22 D:\laragon\www\EVERYDAYMART\vendor\yiisoft\yii2-debug\src\panels\UserPanel.php(86): yii\base\Component->__get('isGuest')
#23 D:\laragon\www\EVERYDAYMART\vendor\yiisoft\yii2\base\BaseObject.php(109): yii\debug\panels\UserPanel->init()
#24 [internal function]: yii\base\BaseObject->__construct(Array)
#25 D:\laragon\www\EVERYDAYMART\vendor\yiisoft\yii2\di\Container.php(426): ReflectionClass->newInstanceArgs(Array)
#26 D:\laragon\www\EVERYDAYMART\vendor\yiisoft\yii2\di\Container.php(174): yii\di\Container->build('yii\\debug\\panel...', Array, Array)
#27 D:\laragon\www\EVERYDAYMART\vendor\yiisoft\yii2\BaseYii.php(370): yii\di\Container->get('yii\\debug\\panel...', Array, Array)
#28 D:\laragon\www\EVERYDAYMART\vendor\yiisoft\yii2-debug\src\Module.php(268): yii\BaseYii::createObject(Array)
#29 D:\laragon\www\EVERYDAYMART\vendor\yiisoft\yii2-debug\src\Module.php(240): yii\debug\Module->initPanels()
#30 D:\laragon\www\EVERYDAYMART\vendor\yiisoft\yii2\base\BaseObject.php(109): yii\debug\Module->init()
#31 D:\laragon\www\EVERYDAYMART\vendor\yiisoft\yii2\base\Module.php(160): yii\base\BaseObject->__construct(Array)
#32 [internal function]: yii\base\Module->__construct('debug', Object(yii\web\Application), Array)
#33 D:\laragon\www\EVERYDAYMART\vendor\yiisoft\yii2\di\Container.php(418): ReflectionClass->newInstanceArgs(Array)
#34 D:\laragon\www\EVERYDAYMART\vendor\yiisoft\yii2\di\Container.php(174): yii\di\Container->build('yii\\debug\\Modul...', Array, Array)
#35 D:\laragon\www\EVERYDAYMART\vendor\yiisoft\yii2\BaseYii.php(370): yii\di\Container->get('yii\\debug\\Modul...', Array, Array)
#36 D:\laragon\www\EVERYDAYMART\vendor\yiisoft\yii2\base\Module.php(441): yii\BaseYii::createObject(Array, Array)
#37 D:\laragon\www\EVERYDAYMART\vendor\yiisoft\yii2\base\Application.php(312): yii\base\Module->getModule('debug')
#38 D:\laragon\www\EVERYDAYMART\vendor\yiisoft\yii2\web\Application.php(71): yii\base\Application->bootstrap()
#39 D:\laragon\www\EVERYDAYMART\vendor\yiisoft\yii2\base\Application.php(270): yii\web\Application->bootstrap()
#40 D:\laragon\www\EVERYDAYMART\vendor\yiisoft\yii2\base\BaseObject.php(109): yii\base\Application->init()
#41 D:\laragon\www\EVERYDAYMART\vendor\yiisoft\yii2\base\Application.php(203): yii\base\BaseObject->__construct(Array)
#42 D:\laragon\www\EVERYDAYMART\web\index.php(14): yii\base\Application->__construct(Array)
#43 {main}

Next yii\db\Exception: SQLSTATE[HY000] [2002] No connection could be made because the target machine actively refused it in D:\laragon\www\EVERYDAYMART\vendor\yiisoft\yii2\db\Connection.php:647
Stack trace:
#0 D:\laragon\www\EVERYDAYMART\vendor\yiisoft\yii2\db\Connection.php(1066): yii\db\Connection->open()
#1 D:\laragon\www\EVERYDAYMART\vendor\yiisoft\yii2\db\Connection.php(1053): yii\db\Connection->getMasterPdo()
#2 D:\laragon\www\EVERYDAYMART\vendor\yiisoft\yii2\db\Command.php(261): yii\db\Connection->getSlavePdo(true)
#3 D:\laragon\www\EVERYDAYMART\vendor\yiisoft\yii2\db\Command.php(1181): yii\db\Command->prepare(true)
#4 D:\laragon\www\EVERYDAYMART\vendor\yiisoft\yii2\db\Command.php(417): yii\db\Command->queryInternal('fetchAll', NULL)
#5 D:\laragon\www\EVERYDAYMART\vendor\yiisoft\yii2\db\mysql\Schema.php(370): yii\db\Command->queryAll()
#6 D:\laragon\www\EVERYDAYMART\vendor\yiisoft\yii2\db\mysql\Schema.php(138): yii\db\mysql\Schema->findColumns(Object(yii\db\TableSchema))
#7 D:\laragon\www\EVERYDAYMART\vendor\yiisoft\yii2\db\Schema.php(757): yii\db\mysql\Schema->loadTableSchema('user')
#8 D:\laragon\www\EVERYDAYMART\vendor\yiisoft\yii2\db\Schema.php(193): yii\db\Schema->getTableMetadata('user', 'schema', false)
#9 D:\laragon\www\EVERYDAYMART\vendor\yiisoft\yii2\db\ActiveRecord.php(434): yii\db\Schema->getTableSchema('user')
#10 D:\laragon\www\EVERYDAYMART\vendor\yiisoft\yii2\db\ActiveRecord.php(458): yii\db\ActiveRecord::getTableSchema()
#11 D:\laragon\www\EVERYDAYMART\vendor\yiisoft\yii2\db\ActiveRecord.php(177): yii\db\ActiveRecord::primaryKey()
#12 D:\laragon\www\EVERYDAYMART\vendor\yiisoft\yii2\db\BaseActiveRecord.php(109): yii\db\ActiveRecord::findByCondition(1)
#13 D:\laragon\www\EVERYDAYMART\models\User.php(77): yii\db\BaseActiveRecord::findOne(1)
#14 D:\laragon\www\EVERYDAYMART\vendor\yiisoft\yii2\web\User.php(602): app\models\User::findIdentity(1)
#15 D:\laragon\www\EVERYDAYMART\vendor\yiisoft\yii2\web\User.php(321): yii\web\User->getIdentityAndDurationFromCookie()
#16 D:\laragon\www\EVERYDAYMART\vendor\yiisoft\yii2\web\User.php(727): yii\web\User->loginByCookie()
#17 D:\laragon\www\EVERYDAYMART\vendor\yiisoft\yii2\web\User.php(200): yii\web\User->renewAuthStatus()
#18 D:\laragon\www\EVERYDAYMART\vendor\yiisoft\yii2\web\User.php(367): yii\web\User->getIdentity()
#19 D:\laragon\www\EVERYDAYMART\vendor\yiisoft\yii2\base\Component.php(142): yii\web\User->getIsGuest()
#20 D:\laragon\www\EVERYDAYMART\vendor\yiisoft\yii2-debug\src\panels\UserPanel.php(86): yii\base\Component->__get('isGuest')
#21 D:\laragon\www\EVERYDAYMART\vendor\yiisoft\yii2\base\BaseObject.php(109): yii\debug\panels\UserPanel->init()
#22 [internal function]: yii\base\BaseObject->__construct(Array)
#23 D:\laragon\www\EVERYDAYMART\vendor\yiisoft\yii2\di\Container.php(426): ReflectionClass->newInstanceArgs(Array)
#24 D:\laragon\www\EVERYDAYMART\vendor\yiisoft\yii2\di\Container.php(174): yii\di\Container->build('yii\\debug\\panel...', Array, Array)
#25 D:\laragon\www\EVERYDAYMART\vendor\yiisoft\yii2\BaseYii.php(370): yii\di\Container->get('yii\\debug\\panel...', Array, Array)
#26 D:\laragon\www\EVERYDAYMART\vendor\yiisoft\yii2-debug\src\Module.php(268): yii\BaseYii::createObject(Array)
#27 D:\laragon\www\EVERYDAYMART\vendor\yiisoft\yii2-debug\src\Module.php(240): yii\debug\Module->initPanels()
#28 D:\laragon\www\EVERYDAYMART\vendor\yiisoft\yii2\base\BaseObject.php(109): yii\debug\Module->init()
#29 D:\laragon\www\EVERYDAYMART\vendor\yiisoft\yii2\base\Module.php(160): yii\base\BaseObject->__construct(Array)
#30 [internal function]: yii\base\Module->__construct('debug', Object(yii\web\Application), Array)
#31 D:\laragon\www\EVERYDAYMART\vendor\yiisoft\yii2\di\Container.php(418): ReflectionClass->newInstanceArgs(Array)
#32 D:\laragon\www\EVERYDAYMART\vendor\yiisoft\yii2\di\Container.php(174): yii\di\Container->build('yii\\debug\\Modul...', Array, Array)
#33 D:\laragon\www\EVERYDAYMART\vendor\yiisoft\yii2\BaseYii.php(370): yii\di\Container->get('yii\\debug\\Modul...', Array, Array)
#34 D:\laragon\www\EVERYDAYMART\vendor\yiisoft\yii2\base\Module.php(441): yii\BaseYii::createObject(Array, Array)
#35 D:\laragon\www\EVERYDAYMART\vendor\yiisoft\yii2\base\Application.php(312): yii\base\Module->getModule('debug')
#36 D:\laragon\www\EVERYDAYMART\vendor\yiisoft\yii2\web\Application.php(71): yii\base\Application->bootstrap()
#37 D:\laragon\www\EVERYDAYMART\vendor\yiisoft\yii2\base\Application.php(270): yii\web\Application->bootstrap()
#38 D:\laragon\www\EVERYDAYMART\vendor\yiisoft\yii2\base\BaseObject.php(109): yii\base\Application->init()
#39 D:\laragon\www\EVERYDAYMART\vendor\yiisoft\yii2\base\Application.php(203): yii\base\BaseObject->__construct(Array)
#40 D:\laragon\www\EVERYDAYMART\web\index.php(14): yii\base\Application->__construct(Array)
#41 {main}
Additional Information:
Array
(
    [0] => HY000
    [1] => 2002
    [2] => No connection could be made because the target machine actively refused it
)

2026-08-18 10:29:53 [::1][-][-][info][application] $_GET = [
    'r' => 'barang/index'
]

$_POST = []

$_FILES = []

$_COOKIE = [
    '_identity' => '315de64354e447141d4474079587fddbf24651f74f13e00a13a49b181dda432ba:2:{i:0;s:9:\"_identity\";i:1;s:16:\"[1,null,2592000]\";}'
]

$_SERVER = [
    'DOCUMENT_ROOT' => 'D:\\laragon\\www\\EVERYDAYMART\\web'
    'REMOTE_ADDR' => '::1'
    'REMOTE_PORT' => '61288'
    'SERVER_SOFTWARE' => 'PHP/8.4.13 (Development Server)'
    'SERVER_PROTOCOL' => 'HTTP/1.1'
    'SERVER_NAME' => 'localhost'
    'SERVER_PORT' => '8080'
    'REQUEST_URI' => '/index.php?r=barang%2Findex'
    'REQUEST_METHOD' => 'GET'
    'SCRIPT_NAME' => '/index.php'
    'SCRIPT_FILENAME' => 'D:\\laragon\\www\\EVERYDAYMART\\web\\index.php'
    'PHP_SELF' => '/index.php'
    'QUERY_STRING' => 'r=barang%2Findex'
    'HTTP_HOST' => 'localhost:8080'
    'HTTP_CONNECTION' => 'keep-alive'
    'HTTP_CACHE_CONTROL' => 'max-age=0'
    'HTTP_UPGRADE_INSECURE_REQUESTS' => '1'
    'HTTP_USER_AGENT' => 'Mozilla/5.0 (Windows NT 10.0; Win64; x64) AppleWebKit/537.36 (KHTML, like Gecko) Code/1.133.0 Chrome/148.0.7778.280 Electron/42.8.0 Safari/537.36'
    'HTTP_ACCEPT' => 'text/html,application/xhtml+xml,application/xml;q=0.9,image/avif,image/webp,image/apng,*/*;q=0.8,application/signed-exchange;v=b3;q=0.7'
    'HTTP_SEC_FETCH_SITE' => 'none'
    'HTTP_SEC_FETCH_MODE' => 'navigate'
    'HTTP_SEC_FETCH_USER' => '?1'
    'HTTP_SEC_FETCH_DEST' => 'document'
    'HTTP_ACCEPT_ENCODING' => 'gzip, deflate, br, zstd'
    'HTTP_ACCEPT_LANGUAGE' => 'en-US'
    'HTTP_COOKIE' => '_identity=315de64354e447141d4474079587fddbf24651f74f13e00a13a49b181dda432ba%3A2%3A%7Bi%3A0%3Bs%3A9%3A%22_identity%22%3Bi%3A1%3Bs%3A16%3A%22%5B1%2Cnull%2C2592000%5D%22%3B%7D'
    'REQUEST_TIME_FLOAT' => 1787023793.0389
    'REQUEST_TIME' => 1787023793
]
2026-08-18 10:52:10 [::1][1][98344364a4bdc07f92b7ae8a34959e35][error][yii\db\Exception] PDOException: SQLSTATE[42S22]: Column not found: 1054 Unknown column 'status' in 'where clause' in D:\laragon\www\EVERYDAYMART\vendor\yiisoft\yii2\db\Command.php:1320
Stack trace:
#0 D:\laragon\www\EVERYDAYMART\vendor\yiisoft\yii2\db\Command.php(1320): PDOStatement->execute()
#1 D:\laragon\www\EVERYDAYMART\vendor\yiisoft\yii2\db\Command.php(1186): yii\db\Command->internalExecute('SELECT COUNT(*)...')
#2 D:\laragon\www\EVERYDAYMART\vendor\yiisoft\yii2\db\Command.php(443): yii\db\Command->queryInternal('fetchColumn', 0)
#3 D:\laragon\www\EVERYDAYMART\vendor\yiisoft\yii2\db\Query.php(497): yii\db\Command->queryScalar()
#4 D:\laragon\www\EVERYDAYMART\vendor\yiisoft\yii2\db\ActiveQuery.php(361): yii\db\Query->queryScalar('COUNT(*)', Object(yii\db\Connection))
#5 D:\laragon\www\EVERYDAYMART\vendor\yiisoft\yii2\db\Query.php(368): yii\db\ActiveQuery->queryScalar('COUNT(*)', Object(yii\db\Connection))
#6 D:\laragon\www\EVERYDAYMART\views\user\index.php(11): yii\db\Query->count()
#7 D:\laragon\www\EVERYDAYMART\vendor\yiisoft\yii2\base\View.php(345): require('D:\\laragon\\www\\...')
#8 [internal function]: yii\base\View->{closure:yii\base\View::renderPhpFile():343}('D:\\laragon\\www\\...', Array)
#9 D:\laragon\www\EVERYDAYMART\vendor\yiisoft\yii2\base\View.php(350): call_user_func_array(Object(Closure), Array)
#10 D:\laragon\www\EVERYDAYMART\vendor\yiisoft\yii2\base\View.php(257): yii\base\View->renderPhpFile('D:\\laragon\\www\\...', Array)
#11 D:\laragon\www\EVERYDAYMART\vendor\yiisoft\yii2\base\View.php(156): yii\base\View->renderFile('D:\\laragon\\www\\...', Array, Object(app\controllers\UserController))
#12 D:\laragon\www\EVERYDAYMART\vendor\yiisoft\yii2\base\Controller.php(423): yii\base\View->render('index', Array, Object(app\controllers\UserController))
#13 D:\laragon\www\EVERYDAYMART\controllers\UserController.php(42): yii\base\Controller->render('index', Array)
#14 [internal function]: app\controllers\UserController->actionIndex()
#15 D:\laragon\www\EVERYDAYMART\vendor\yiisoft\yii2\base\InlineAction.php(60): call_user_func_array(Array, Array)
#16 D:\laragon\www\EVERYDAYMART\vendor\yiisoft\yii2\base\Controller.php(182): yii\base\InlineAction->runWithParams(Array)
#17 D:\laragon\www\EVERYDAYMART\vendor\yiisoft\yii2\base\Module.php(547): yii\base\Controller->runAction('index', Array)
#18 D:\laragon\www\EVERYDAYMART\vendor\yiisoft\yii2\web\Application.php(105): yii\base\Module->runAction('user/index', Array)
#19 D:\laragon\www\EVERYDAYMART\vendor\yiisoft\yii2\base\Application.php(382): yii\web\Application->handleRequest(Object(yii\web\Request))
#20 D:\laragon\www\EVERYDAYMART\web\index.php(14): yii\base\Application->run()
#21 {main}

Next yii\db\Exception: SQLSTATE[42S22]: Column not found: 1054 Unknown column 'status' in 'where clause'
The SQL being executed was: SELECT COUNT(*) FROM `user` WHERE `status`=10 in D:\laragon\www\EVERYDAYMART\vendor\yiisoft\yii2\db\Schema.php:677
Stack trace:
#0 D:\laragon\www\EVERYDAYMART\vendor\yiisoft\yii2\db\Command.php(1325): yii\db\Schema->convertException(Object(PDOException), 'SELECT COUNT(*)...')
#1 D:\laragon\www\EVERYDAYMART\vendor\yiisoft\yii2\db\Command.php(1186): yii\db\Command->internalExecute('SELECT COUNT(*)...')
#2 D:\laragon\www\EVERYDAYMART\vendor\yiisoft\yii2\db\Command.php(443): yii\db\Command->queryInternal('fetchColumn', 0)
#3 D:\laragon\www\EVERYDAYMART\vendor\yiisoft\yii2\db\Query.php(497): yii\db\Command->queryScalar()
#4 D:\laragon\www\EVERYDAYMART\vendor\yiisoft\yii2\db\ActiveQuery.php(361): yii\db\Query->queryScalar('COUNT(*)', Object(yii\db\Connection))
#5 D:\laragon\www\EVERYDAYMART\vendor\yiisoft\yii2\db\Query.php(368): yii\db\ActiveQuery->queryScalar('COUNT(*)', Object(yii\db\Connection))
#6 D:\laragon\www\EVERYDAYMART\views\user\index.php(11): yii\db\Query->count()
#7 D:\laragon\www\EVERYDAYMART\vendor\yiisoft\yii2\base\View.php(345): require('D:\\laragon\\www\\...')
#8 [internal function]: yii\base\View->{closure:yii\base\View::renderPhpFile():343}('D:\\laragon\\www\\...', Array)
#9 D:\laragon\www\EVERYDAYMART\vendor\yiisoft\yii2\base\View.php(350): call_user_func_array(Object(Closure), Array)
#10 D:\laragon\www\EVERYDAYMART\vendor\yiisoft\yii2\base\View.php(257): yii\base\View->renderPhpFile('D:\\laragon\\www\\...', Array)
#11 D:\laragon\www\EVERYDAYMART\vendor\yiisoft\yii2\base\View.php(156): yii\base\View->renderFile('D:\\laragon\\www\\...', Array, Object(app\controllers\UserController))
#12 D:\laragon\www\EVERYDAYMART\vendor\yiisoft\yii2\base\Controller.php(423): yii\base\View->render('index', Array, Object(app\controllers\UserController))
#13 D:\laragon\www\EVERYDAYMART\controllers\UserController.php(42): yii\base\Controller->render('index', Array)
#14 [internal function]: app\controllers\UserController->actionIndex()
#15 D:\laragon\www\EVERYDAYMART\vendor\yiisoft\yii2\base\InlineAction.php(60): call_user_func_array(Array, Array)
#16 D:\laragon\www\EVERYDAYMART\vendor\yiisoft\yii2\base\Controller.php(182): yii\base\InlineAction->runWithParams(Array)
#17 D:\laragon\www\EVERYDAYMART\vendor\yiisoft\yii2\base\Module.php(547): yii\base\Controller->runAction('index', Array)
#18 D:\laragon\www\EVERYDAYMART\vendor\yiisoft\yii2\web\Application.php(105): yii\base\Module->runAction('user/index', Array)
#19 D:\laragon\www\EVERYDAYMART\vendor\yiisoft\yii2\base\Application.php(382): yii\web\Application->handleRequest(Object(yii\web\Request))
#20 D:\laragon\www\EVERYDAYMART\web\index.php(14): yii\base\Application->run()
#21 {main}
Additional Information:
Array
(
    [0] => 42S22
    [1] => 1054
    [2] => Unknown column 'status' in 'where clause'
)

2026-08-18 10:52:09 [::1][1][98344364a4bdc07f92b7ae8a34959e35][info][application] $_GET = [
    'r' => 'user/index'
]

$_POST = []

$_FILES = []

$_COOKIE = [
    '_identity' => '315de64354e447141d4474079587fddbf24651f74f13e00a13a49b181dda432ba:2:{i:0;s:9:\"_identity\";i:1;s:16:\"[1,null,2592000]\";}'
    'PHPSESSID' => '98344364a4bdc07f92b7ae8a34959e35'
    '_csrf' => 'c5b296cf2e5879c60c49ac92577642df790a53dc427c2b843abb9612071edb16a:2:{i:0;s:5:\"_csrf\";i:1;s:32:\"Qs1bdKICtXFERLX_fTwjBcLWV5HrORTB\";}'
]

$_SESSION = [
    '__flash' => []
    '__id' => 1
    '__authKey' => null
]

$_SERVER = [
    'DOCUMENT_ROOT' => 'D:\\laragon\\www\\EVERYDAYMART\\web'
    'REMOTE_ADDR' => '::1'
    'REMOTE_PORT' => '59927'
    'SERVER_SOFTWARE' => 'PHP/8.4.13 (Development Server)'
    'SERVER_PROTOCOL' => 'HTTP/1.1'
    'SERVER_NAME' => 'localhost'
    'SERVER_PORT' => '8080'
    'REQUEST_URI' => '/index.php?r=user%2Findex'
    'REQUEST_METHOD' => 'GET'
    'SCRIPT_NAME' => '/index.php'
    'SCRIPT_FILENAME' => 'D:\\laragon\\www\\EVERYDAYMART\\web\\index.php'
    'PHP_SELF' => '/index.php'
    'QUERY_STRING' => 'r=user%2Findex'
    'HTTP_HOST' => 'localhost:8080'
    'HTTP_CONNECTION' => 'keep-alive'
    'HTTP_CACHE_CONTROL' => 'max-age=0'
    'HTTP_UPGRADE_INSECURE_REQUESTS' => '1'
    'HTTP_USER_AGENT' => 'Mozilla/5.0 (Windows NT 10.0; Win64; x64) AppleWebKit/537.36 (KHTML, like Gecko) Code/1.133.0 Chrome/148.0.7778.280 Electron/42.8.0 Safari/537.36'
    'HTTP_ACCEPT' => 'text/html,application/xhtml+xml,application/xml;q=0.9,image/avif,image/webp,image/apng,*/*;q=0.8,application/signed-exchange;v=b3;q=0.7'
    'HTTP_SEC_FETCH_SITE' => 'same-origin'
    'HTTP_SEC_FETCH_MODE' => 'navigate'
    'HTTP_SEC_FETCH_USER' => '?1'
    'HTTP_SEC_FETCH_DEST' => 'document'
    'HTTP_REFERER' => 'http://localhost:8080/index.php?r=outlet%2Findex'
    'HTTP_ACCEPT_ENCODING' => 'gzip, deflate, br, zstd'
    'HTTP_ACCEPT_LANGUAGE' => 'en-US'
    'HTTP_COOKIE' => '_identity=315de64354e447141d4474079587fddbf24651f74f13e00a13a49b181dda432ba%3A2%3A%7Bi%3A0%3Bs%3A9%3A%22_identity%22%3Bi%3A1%3Bs%3A16%3A%22%5B1%2Cnull%2C2592000%5D%22%3B%7D; PHPSESSID=98344364a4bdc07f92b7ae8a34959e35; _csrf=c5b296cf2e5879c60c49ac92577642df790a53dc427c2b843abb9612071edb16a%3A2%3A%7Bi%3A0%3Bs%3A5%3A%22_csrf%22%3Bi%3A1%3Bs%3A32%3A%22Qs1bdKICtXFERLX_fTwjBcLWV5HrORTB%22%3B%7D'
    'REQUEST_TIME_FLOAT' => 1787025129.629
    'REQUEST_TIME' => 1787025129
]
2026-08-18 10:54:08 [::1][1][98344364a4bdc07f92b7ae8a34959e35][error][yii\base\ErrorException:2] yii\base\ErrorException: Undefined variable $activeUsers in D:\laragon\www\EVERYDAYMART\views\user\index.php:75
Stack trace:
#0 D:\laragon\www\EVERYDAYMART\views\user\index.php(75): yii\base\ErrorHandler->handleError(2, 'Undefined varia...', 'D:\\laragon\\www\\...', 75)
#1 D:\laragon\www\EVERYDAYMART\vendor\yiisoft\yii2\base\View.php(345): require('D:\\laragon\\www\\...')
#2 [internal function]: yii\base\View->{closure:yii\base\View::renderPhpFile():343}('D:\\laragon\\www\\...', Array)
#3 D:\laragon\www\EVERYDAYMART\vendor\yiisoft\yii2\base\View.php(350): call_user_func_array(Object(Closure), Array)
#4 D:\laragon\www\EVERYDAYMART\vendor\yiisoft\yii2\base\View.php(257): yii\base\View->renderPhpFile('D:\\laragon\\www\\...', Array)
#5 D:\laragon\www\EVERYDAYMART\vendor\yiisoft\yii2\base\View.php(156): yii\base\View->renderFile('D:\\laragon\\www\\...', Array, Object(app\controllers\UserController))
#6 D:\laragon\www\EVERYDAYMART\vendor\yiisoft\yii2\base\Controller.php(423): yii\base\View->render('index', Array, Object(app\controllers\UserController))
#7 D:\laragon\www\EVERYDAYMART\controllers\UserController.php(42): yii\base\Controller->render('index', Array)
#8 [internal function]: app\controllers\UserController->actionIndex()
#9 D:\laragon\www\EVERYDAYMART\vendor\yiisoft\yii2\base\InlineAction.php(60): call_user_func_array(Array, Array)
#10 D:\laragon\www\EVERYDAYMART\vendor\yiisoft\yii2\base\Controller.php(182): yii\base\InlineAction->runWithParams(Array)
#11 D:\laragon\www\EVERYDAYMART\vendor\yiisoft\yii2\base\Module.php(547): yii\base\Controller->runAction('index', Array)
#12 D:\laragon\www\EVERYDAYMART\vendor\yiisoft\yii2\web\Application.php(105): yii\base\Module->runAction('user/index', Array)
#13 D:\laragon\www\EVERYDAYMART\vendor\yiisoft\yii2\base\Application.php(382): yii\web\Application->handleRequest(Object(yii\web\Request))
#14 D:\laragon\www\EVERYDAYMART\web\index.php(14): yii\base\Application->run()
#15 {main}
2026-08-18 10:54:08 [::1][1][98344364a4bdc07f92b7ae8a34959e35][info][application] $_GET = [
    'r' => 'user/index'
]

$_POST = []

$_FILES = []

$_COOKIE = [
    '_identity' => '315de64354e447141d4474079587fddbf24651f74f13e00a13a49b181dda432ba:2:{i:0;s:9:\"_identity\";i:1;s:16:\"[1,null,2592000]\";}'
    'PHPSESSID' => '98344364a4bdc07f92b7ae8a34959e35'
    '_csrf' => 'c5b296cf2e5879c60c49ac92577642df790a53dc427c2b843abb9612071edb16a:2:{i:0;s:5:\"_csrf\";i:1;s:32:\"Qs1bdKICtXFERLX_fTwjBcLWV5HrORTB\";}'
]

$_SESSION = [
    '__flash' => []
    '__id' => 1
    '__authKey' => null
]

$_SERVER = [
    'DOCUMENT_ROOT' => 'D:\\laragon\\www\\EVERYDAYMART\\web'
    'REMOTE_ADDR' => '::1'
    'REMOTE_PORT' => '65253'
    'SERVER_SOFTWARE' => 'PHP/8.4.13 (Development Server)'
    'SERVER_PROTOCOL' => 'HTTP/1.1'
    'SERVER_NAME' => 'localhost'
    'SERVER_PORT' => '8080'
    'REQUEST_URI' => '/index.php?r=user%2Findex'
    'REQUEST_METHOD' => 'GET'
    'SCRIPT_NAME' => '/index.php'
    'SCRIPT_FILENAME' => 'D:\\laragon\\www\\EVERYDAYMART\\web\\index.php'
    'PHP_SELF' => '/index.php'
    'QUERY_STRING' => 'r=user%2Findex'
    'HTTP_HOST' => 'localhost:8080'
    'HTTP_CONNECTION' => 'keep-alive'
    'HTTP_CACHE_CONTROL' => 'max-age=0'
    'HTTP_UPGRADE_INSECURE_REQUESTS' => '1'
    'HTTP_USER_AGENT' => 'Mozilla/5.0 (Windows NT 10.0; Win64; x64) AppleWebKit/537.36 (KHTML, like Gecko) Code/1.133.0 Chrome/148.0.7778.280 Electron/42.8.0 Safari/537.36'
    'HTTP_ACCEPT' => 'text/html,application/xhtml+xml,application/xml;q=0.9,image/avif,image/webp,image/apng,*/*;q=0.8,application/signed-exchange;v=b3;q=0.7'
    'HTTP_SEC_FETCH_SITE' => 'same-origin'
    'HTTP_SEC_FETCH_MODE' => 'navigate'
    'HTTP_SEC_FETCH_USER' => '?1'
    'HTTP_SEC_FETCH_DEST' => 'document'
    'HTTP_REFERER' => 'http://localhost:8080/index.php?r=outlet%2Findex'
    'HTTP_ACCEPT_ENCODING' => 'gzip, deflate, br, zstd'
    'HTTP_ACCEPT_LANGUAGE' => 'en-US'
    'HTTP_COOKIE' => '_identity=315de64354e447141d4474079587fddbf24651f74f13e00a13a49b181dda432ba%3A2%3A%7Bi%3A0%3Bs%3A9%3A%22_identity%22%3Bi%3A1%3Bs%3A16%3A%22%5B1%2Cnull%2C2592000%5D%22%3B%7D; PHPSESSID=98344364a4bdc07f92b7ae8a34959e35; _csrf=c5b296cf2e5879c60c49ac92577642df790a53dc427c2b843abb9612071edb16a%3A2%3A%7Bi%3A0%3Bs%3A5%3A%22_csrf%22%3Bi%3A1%3Bs%3A32%3A%22Qs1bdKICtXFERLX_fTwjBcLWV5HrORTB%22%3B%7D'
    'REQUEST_TIME_FLOAT' => 1787025248.374
    'REQUEST_TIME' => 1787025248
]
2026-08-18 10:54:51 [::1][1][98344364a4bdc07f92b7ae8a34959e35][error][yii\base\ErrorException:2] yii\base\ErrorException: Undefined variable $searchModel in D:\laragon\www\EVERYDAYMART\views\user\index.php:101
Stack trace:
#0 D:\laragon\www\EVERYDAYMART\views\user\index.php(101): yii\base\ErrorHandler->handleError(2, 'Undefined varia...', 'D:\\laragon\\www\\...', 101)
#1 D:\laragon\www\EVERYDAYMART\vendor\yiisoft\yii2\base\View.php(345): require('D:\\laragon\\www\\...')
#2 [internal function]: yii\base\View->{closure:yii\base\View::renderPhpFile():343}('D:\\laragon\\www\\...', Array)
#3 D:\laragon\www\EVERYDAYMART\vendor\yiisoft\yii2\base\View.php(350): call_user_func_array(Object(Closure), Array)
#4 D:\laragon\www\EVERYDAYMART\vendor\yiisoft\yii2\base\View.php(257): yii\base\View->renderPhpFile('D:\\laragon\\www\\...', Array)
#5 D:\laragon\www\EVERYDAYMART\vendor\yiisoft\yii2\base\View.php(156): yii\base\View->renderFile('D:\\laragon\\www\\...', Array, Object(app\controllers\UserController))
#6 D:\laragon\www\EVERYDAYMART\vendor\yiisoft\yii2\base\Controller.php(423): yii\base\View->render('index', Array, Object(app\controllers\UserController))
#7 D:\laragon\www\EVERYDAYMART\controllers\UserController.php(42): yii\base\Controller->render('index', Array)
#8 [internal function]: app\controllers\UserController->actionIndex()
#9 D:\laragon\www\EVERYDAYMART\vendor\yiisoft\yii2\base\InlineAction.php(60): call_user_func_array(Array, Array)
#10 D:\laragon\www\EVERYDAYMART\vendor\yiisoft\yii2\base\Controller.php(182): yii\base\InlineAction->runWithParams(Array)
#11 D:\laragon\www\EVERYDAYMART\vendor\yiisoft\yii2\base\Module.php(547): yii\base\Controller->runAction('index', Array)
#12 D:\laragon\www\EVERYDAYMART\vendor\yiisoft\yii2\web\Application.php(105): yii\base\Module->runAction('user/index', Array)
#13 D:\laragon\www\EVERYDAYMART\vendor\yiisoft\yii2\base\Application.php(382): yii\web\Application->handleRequest(Object(yii\web\Request))
#14 D:\laragon\www\EVERYDAYMART\web\index.php(14): yii\base\Application->run()
#15 {main}
2026-08-18 10:54:51 [::1][1][98344364a4bdc07f92b7ae8a34959e35][info][application] $_GET = [
    'r' => 'user/index'
]

$_POST = []

$_FILES = []

$_COOKIE = [
    '_identity' => '315de64354e447141d4474079587fddbf24651f74f13e00a13a49b181dda432ba:2:{i:0;s:9:\"_identity\";i:1;s:16:\"[1,null,2592000]\";}'
    'PHPSESSID' => '98344364a4bdc07f92b7ae8a34959e35'
    '_csrf' => 'c5b296cf2e5879c60c49ac92577642df790a53dc427c2b843abb9612071edb16a:2:{i:0;s:5:\"_csrf\";i:1;s:32:\"Qs1bdKICtXFERLX_fTwjBcLWV5HrORTB\";}'
]

$_SESSION = [
    '__flash' => []
    '__id' => 1
    '__authKey' => null
]

$_SERVER = [
    'DOCUMENT_ROOT' => 'D:\\laragon\\www\\EVERYDAYMART\\web'
    'REMOTE_ADDR' => '::1'
    'REMOTE_PORT' => '56984'
    'SERVER_SOFTWARE' => 'PHP/8.4.13 (Development Server)'
    'SERVER_PROTOCOL' => 'HTTP/1.1'
    'SERVER_NAME' => 'localhost'
    'SERVER_PORT' => '8080'
    'REQUEST_URI' => '/index.php?r=user%2Findex'
    'REQUEST_METHOD' => 'GET'
    'SCRIPT_NAME' => '/index.php'
    'SCRIPT_FILENAME' => 'D:\\laragon\\www\\EVERYDAYMART\\web\\index.php'
    'PHP_SELF' => '/index.php'
    'QUERY_STRING' => 'r=user%2Findex'
    'HTTP_HOST' => 'localhost:8080'
    'HTTP_CONNECTION' => 'keep-alive'
    'HTTP_CACHE_CONTROL' => 'max-age=0'
    'HTTP_UPGRADE_INSECURE_REQUESTS' => '1'
    'HTTP_USER_AGENT' => 'Mozilla/5.0 (Windows NT 10.0; Win64; x64) AppleWebKit/537.36 (KHTML, like Gecko) Code/1.133.0 Chrome/148.0.7778.280 Electron/42.8.0 Safari/537.36'
    'HTTP_ACCEPT' => 'text/html,application/xhtml+xml,application/xml;q=0.9,image/avif,image/webp,image/apng,*/*;q=0.8,application/signed-exchange;v=b3;q=0.7'
    'HTTP_SEC_FETCH_SITE' => 'same-origin'
    'HTTP_SEC_FETCH_MODE' => 'navigate'
    'HTTP_SEC_FETCH_USER' => '?1'
    'HTTP_SEC_FETCH_DEST' => 'document'
    'HTTP_REFERER' => 'http://localhost:8080/index.php?r=outlet%2Findex'
    'HTTP_ACCEPT_ENCODING' => 'gzip, deflate, br, zstd'
    'HTTP_ACCEPT_LANGUAGE' => 'en-US'
    'HTTP_COOKIE' => '_identity=315de64354e447141d4474079587fddbf24651f74f13e00a13a49b181dda432ba%3A2%3A%7Bi%3A0%3Bs%3A9%3A%22_identity%22%3Bi%3A1%3Bs%3A16%3A%22%5B1%2Cnull%2C2592000%5D%22%3B%7D; PHPSESSID=98344364a4bdc07f92b7ae8a34959e35; _csrf=c5b296cf2e5879c60c49ac92577642df790a53dc427c2b843abb9612071edb16a%3A2%3A%7Bi%3A0%3Bs%3A5%3A%22_csrf%22%3Bi%3A1%3Bs%3A32%3A%22Qs1bdKICtXFERLX_fTwjBcLWV5HrORTB%22%3B%7D'
    'REQUEST_TIME_FLOAT' => 1787025291.6974
    'REQUEST_TIME' => 1787025291
]
2026-08-18 10:56:40 [::1][1][98344364a4bdc07f92b7ae8a34959e35][error][yii\base\ErrorException:2] yii\base\ErrorException: Undefined variable $searchModel in D:\laragon\www\EVERYDAYMART\views\user\index.php:109
Stack trace:
#0 D:\laragon\www\EVERYDAYMART\views\user\index.php(109): yii\base\ErrorHandler->handleError(2, 'Undefined varia...', 'D:\\laragon\\www\\...', 109)
#1 D:\laragon\www\EVERYDAYMART\vendor\yiisoft\yii2\base\View.php(345): require('D:\\laragon\\www\\...')
#2 [internal function]: yii\base\View->{closure:yii\base\View::renderPhpFile():343}('D:\\laragon\\www\\...', Array)
#3 D:\laragon\www\EVERYDAYMART\vendor\yiisoft\yii2\base\View.php(350): call_user_func_array(Object(Closure), Array)
#4 D:\laragon\www\EVERYDAYMART\vendor\yiisoft\yii2\base\View.php(257): yii\base\View->renderPhpFile('D:\\laragon\\www\\...', Array)
#5 D:\laragon\www\EVERYDAYMART\vendor\yiisoft\yii2\base\View.php(156): yii\base\View->renderFile('D:\\laragon\\www\\...', Array, Object(app\controllers\UserController))
#6 D:\laragon\www\EVERYDAYMART\vendor\yiisoft\yii2\base\Controller.php(423): yii\base\View->render('index', Array, Object(app\controllers\UserController))
#7 D:\laragon\www\EVERYDAYMART\controllers\UserController.php(42): yii\base\Controller->render('index', Array)
#8 [internal function]: app\controllers\UserController->actionIndex()
#9 D:\laragon\www\EVERYDAYMART\vendor\yiisoft\yii2\base\InlineAction.php(60): call_user_func_array(Array, Array)
#10 D:\laragon\www\EVERYDAYMART\vendor\yiisoft\yii2\base\Controller.php(182): yii\base\InlineAction->runWithParams(Array)
#11 D:\laragon\www\EVERYDAYMART\vendor\yiisoft\yii2\base\Module.php(547): yii\base\Controller->runAction('index', Array)
#12 D:\laragon\www\EVERYDAYMART\vendor\yiisoft\yii2\web\Application.php(105): yii\base\Module->runAction('user/index', Array)
#13 D:\laragon\www\EVERYDAYMART\vendor\yiisoft\yii2\base\Application.php(382): yii\web\Application->handleRequest(Object(yii\web\Request))
#14 D:\laragon\www\EVERYDAYMART\web\index.php(14): yii\base\Application->run()
#15 {main}
2026-08-18 10:56:40 [::1][1][98344364a4bdc07f92b7ae8a34959e35][info][application] $_GET = [
    'r' => 'user/index'
]

$_POST = []

$_FILES = []

$_COOKIE = [
    '_identity' => '315de64354e447141d4474079587fddbf24651f74f13e00a13a49b181dda432ba:2:{i:0;s:9:\"_identity\";i:1;s:16:\"[1,null,2592000]\";}'
    'PHPSESSID' => '98344364a4bdc07f92b7ae8a34959e35'
    '_csrf' => 'c5b296cf2e5879c60c49ac92577642df790a53dc427c2b843abb9612071edb16a:2:{i:0;s:5:\"_csrf\";i:1;s:32:\"Qs1bdKICtXFERLX_fTwjBcLWV5HrORTB\";}'
]

$_SESSION = [
    '__flash' => []
    '__id' => 1
    '__authKey' => null
]

$_SERVER = [
    'DOCUMENT_ROOT' => 'D:\\laragon\\www\\EVERYDAYMART\\web'
    'REMOTE_ADDR' => '::1'
    'REMOTE_PORT' => '57904'
    'SERVER_SOFTWARE' => 'PHP/8.4.13 (Development Server)'
    'SERVER_PROTOCOL' => 'HTTP/1.1'
    'SERVER_NAME' => 'localhost'
    'SERVER_PORT' => '8080'
    'REQUEST_URI' => '/index.php?r=user%2Findex'
    'REQUEST_METHOD' => 'GET'
    'SCRIPT_NAME' => '/index.php'
    'SCRIPT_FILENAME' => 'D:\\laragon\\www\\EVERYDAYMART\\web\\index.php'
    'PHP_SELF' => '/index.php'
    'QUERY_STRING' => 'r=user%2Findex'
    'HTTP_HOST' => 'localhost:8080'
    'HTTP_CONNECTION' => 'keep-alive'
    'HTTP_CACHE_CONTROL' => 'max-age=0'
    'HTTP_UPGRADE_INSECURE_REQUESTS' => '1'
    'HTTP_USER_AGENT' => 'Mozilla/5.0 (Windows NT 10.0; Win64; x64) AppleWebKit/537.36 (KHTML, like Gecko) Code/1.133.0 Chrome/148.0.7778.280 Electron/42.8.0 Safari/537.36'
    'HTTP_ACCEPT' => 'text/html,application/xhtml+xml,application/xml;q=0.9,image/avif,image/webp,image/apng,*/*;q=0.8,application/signed-exchange;v=b3;q=0.7'
    'HTTP_SEC_FETCH_SITE' => 'same-origin'
    'HTTP_SEC_FETCH_MODE' => 'navigate'
    'HTTP_SEC_FETCH_USER' => '?1'
    'HTTP_SEC_FETCH_DEST' => 'document'
    'HTTP_REFERER' => 'http://localhost:8080/index.php?r=outlet%2Findex'
    'HTTP_ACCEPT_ENCODING' => 'gzip, deflate, br, zstd'
    'HTTP_ACCEPT_LANGUAGE' => 'en-US'
    'HTTP_COOKIE' => '_identity=315de64354e447141d4474079587fddbf24651f74f13e00a13a49b181dda432ba%3A2%3A%7Bi%3A0%3Bs%3A9%3A%22_identity%22%3Bi%3A1%3Bs%3A16%3A%22%5B1%2Cnull%2C2592000%5D%22%3B%7D; PHPSESSID=98344364a4bdc07f92b7ae8a34959e35; _csrf=c5b296cf2e5879c60c49ac92577642df790a53dc427c2b843abb9612071edb16a%3A2%3A%7Bi%3A0%3Bs%3A5%3A%22_csrf%22%3Bi%3A1%3Bs%3A32%3A%22Qs1bdKICtXFERLX_fTwjBcLWV5HrORTB%22%3B%7D'
    'REQUEST_TIME_FLOAT' => 1787025400.1546
    'REQUEST_TIME' => 1787025400
]
2026-08-18 10:56:48 [::1][1][98344364a4bdc07f92b7ae8a34959e35][error][yii\base\ErrorException:2] yii\base\ErrorException: Undefined variable $searchModel in D:\laragon\www\EVERYDAYMART\views\user\index.php:109
Stack trace:
#0 D:\laragon\www\EVERYDAYMART\views\user\index.php(109): yii\base\ErrorHandler->handleError(2, 'Undefined varia...', 'D:\\laragon\\www\\...', 109)
#1 D:\laragon\www\EVERYDAYMART\vendor\yiisoft\yii2\base\View.php(345): require('D:\\laragon\\www\\...')
#2 [internal function]: yii\base\View->{closure:yii\base\View::renderPhpFile():343}('D:\\laragon\\www\\...', Array)
#3 D:\laragon\www\EVERYDAYMART\vendor\yiisoft\yii2\base\View.php(350): call_user_func_array(Object(Closure), Array)
#4 D:\laragon\www\EVERYDAYMART\vendor\yiisoft\yii2\base\View.php(257): yii\base\View->renderPhpFile('D:\\laragon\\www\\...', Array)
#5 D:\laragon\www\EVERYDAYMART\vendor\yiisoft\yii2\base\View.php(156): yii\base\View->renderFile('D:\\laragon\\www\\...', Array, Object(app\controllers\UserController))
#6 D:\laragon\www\EVERYDAYMART\vendor\yiisoft\yii2\base\Controller.php(423): yii\base\View->render('index', Array, Object(app\controllers\UserController))
#7 D:\laragon\www\EVERYDAYMART\controllers\UserController.php(42): yii\base\Controller->render('index', Array)
#8 [internal function]: app\controllers\UserController->actionIndex()
#9 D:\laragon\www\EVERYDAYMART\vendor\yiisoft\yii2\base\InlineAction.php(60): call_user_func_array(Array, Array)
#10 D:\laragon\www\EVERYDAYMART\vendor\yiisoft\yii2\base\Controller.php(182): yii\base\InlineAction->runWithParams(Array)
#11 D:\laragon\www\EVERYDAYMART\vendor\yiisoft\yii2\base\Module.php(547): yii\base\Controller->runAction('index', Array)
#12 D:\laragon\www\EVERYDAYMART\vendor\yiisoft\yii2\web\Application.php(105): yii\base\Module->runAction('user/index', Array)
#13 D:\laragon\www\EVERYDAYMART\vendor\yiisoft\yii2\base\Application.php(382): yii\web\Application->handleRequest(Object(yii\web\Request))
#14 D:\laragon\www\EVERYDAYMART\web\index.php(14): yii\base\Application->run()
#15 {main}
2026-08-18 10:56:48 [::1][1][98344364a4bdc07f92b7ae8a34959e35][info][application] $_GET = [
    'r' => 'user/index'
]

$_POST = []

$_FILES = []

$_COOKIE = [
    '_identity' => '315de64354e447141d4474079587fddbf24651f74f13e00a13a49b181dda432ba:2:{i:0;s:9:\"_identity\";i:1;s:16:\"[1,null,2592000]\";}'
    'PHPSESSID' => '98344364a4bdc07f92b7ae8a34959e35'
    '_csrf' => 'c5b296cf2e5879c60c49ac92577642df790a53dc427c2b843abb9612071edb16a:2:{i:0;s:5:\"_csrf\";i:1;s:32:\"Qs1bdKICtXFERLX_fTwjBcLWV5HrORTB\";}'
]

$_SESSION = [
    '__flash' => []
    '__id' => 1
    '__authKey' => null
]

$_SERVER = [
    'DOCUMENT_ROOT' => 'D:\\laragon\\www\\EVERYDAYMART\\web'
    'REMOTE_ADDR' => '::1'
    'REMOTE_PORT' => '58520'
    'SERVER_SOFTWARE' => 'PHP/8.4.13 (Development Server)'
    'SERVER_PROTOCOL' => 'HTTP/1.1'
    'SERVER_NAME' => 'localhost'
    'SERVER_PORT' => '8080'
    'REQUEST_URI' => '/index.php?r=user%2Findex'
    'REQUEST_METHOD' => 'GET'
    'SCRIPT_NAME' => '/index.php'
    'SCRIPT_FILENAME' => 'D:\\laragon\\www\\EVERYDAYMART\\web\\index.php'
    'PHP_SELF' => '/index.php'
    'QUERY_STRING' => 'r=user%2Findex'
    'HTTP_HOST' => 'localhost:8080'
    'HTTP_CONNECTION' => 'keep-alive'
    'HTTP_UPGRADE_INSECURE_REQUESTS' => '1'
    'HTTP_USER_AGENT' => 'Mozilla/5.0 (Windows NT 10.0; Win64; x64) AppleWebKit/537.36 (KHTML, like Gecko) Code/1.133.0 Chrome/148.0.7778.280 Electron/42.8.0 Safari/537.36'
    'HTTP_ACCEPT' => 'text/html,application/xhtml+xml,application/xml;q=0.9,image/avif,image/webp,image/apng,*/*;q=0.8,application/signed-exchange;v=b3;q=0.7'
    'HTTP_SEC_FETCH_SITE' => 'same-origin'
    'HTTP_SEC_FETCH_MODE' => 'navigate'
    'HTTP_SEC_FETCH_USER' => '?1'
    'HTTP_SEC_FETCH_DEST' => 'document'
    'HTTP_REFERER' => 'http://localhost:8080/index.php?r=outlet%2Findex'
    'HTTP_ACCEPT_ENCODING' => 'gzip, deflate, br, zstd'
    'HTTP_ACCEPT_LANGUAGE' => 'en-US'
    'HTTP_COOKIE' => '_identity=315de64354e447141d4474079587fddbf24651f74f13e00a13a49b181dda432ba%3A2%3A%7Bi%3A0%3Bs%3A9%3A%22_identity%22%3Bi%3A1%3Bs%3A16%3A%22%5B1%2Cnull%2C2592000%5D%22%3B%7D; PHPSESSID=98344364a4bdc07f92b7ae8a34959e35; _csrf=c5b296cf2e5879c60c49ac92577642df790a53dc427c2b843abb9612071edb16a%3A2%3A%7Bi%3A0%3Bs%3A5%3A%22_csrf%22%3Bi%3A1%3Bs%3A32%3A%22Qs1bdKICtXFERLX_fTwjBcLWV5HrORTB%22%3B%7D'
    'REQUEST_TIME_FLOAT' => 1787025408.7837
    'REQUEST_TIME' => 1787025408
]
2026-08-18 11:46:19 [::1][1][98344364a4bdc07f92b7ae8a34959e35][error][yii\web\HttpException:404] yii\base\InvalidRouteException: Unable to resolve the request: user/view in D:\laragon\www\EVERYDAYMART\vendor\yiisoft\yii2\base\Controller.php:153
Stack trace:
#0 D:\laragon\www\EVERYDAYMART\vendor\yiisoft\yii2\base\Module.php(547): yii\base\Controller->runAction('view', Array)
#1 D:\laragon\www\EVERYDAYMART\vendor\yiisoft\yii2\web\Application.php(105): yii\base\Module->runAction('user/view', Array)
#2 D:\laragon\www\EVERYDAYMART\vendor\yiisoft\yii2\base\Application.php(382): yii\web\Application->handleRequest(Object(yii\web\Request))
#3 D:\laragon\www\EVERYDAYMART\web\index.php(14): yii\base\Application->run()
#4 {main}

Next yii\web\NotFoundHttpException: Page not found. in D:\laragon\www\EVERYDAYMART\vendor\yiisoft\yii2\web\Application.php:117
Stack trace:
#0 D:\laragon\www\EVERYDAYMART\vendor\yiisoft\yii2\base\Application.php(382): yii\web\Application->handleRequest(Object(yii\web\Request))
#1 D:\laragon\www\EVERYDAYMART\web\index.php(14): yii\base\Application->run()
#2 {main}
2026-08-18 11:46:18 [::1][1][98344364a4bdc07f92b7ae8a34959e35][info][application] $_GET = [
    'r' => 'user/view'
    'id' => '2'
]

$_POST = []

$_FILES = []

$_COOKIE = [
    '_identity' => '315de64354e447141d4474079587fddbf24651f74f13e00a13a49b181dda432ba:2:{i:0;s:9:\"_identity\";i:1;s:16:\"[1,null,2592000]\";}'
    'PHPSESSID' => '98344364a4bdc07f92b7ae8a34959e35'
    '_csrf' => 'c5b296cf2e5879c60c49ac92577642df790a53dc427c2b843abb9612071edb16a:2:{i:0;s:5:\"_csrf\";i:1;s:32:\"Qs1bdKICtXFERLX_fTwjBcLWV5HrORTB\";}'
]

$_SESSION = [
    '__flash' => []
    '__id' => 1
    '__authKey' => null
]

$_SERVER = [
    'DOCUMENT_ROOT' => 'D:\\laragon\\www\\EVERYDAYMART\\web'
    'REMOTE_ADDR' => '::1'
    'REMOTE_PORT' => '52183'
    'SERVER_SOFTWARE' => 'PHP/8.4.13 (Development Server)'
    'SERVER_PROTOCOL' => 'HTTP/1.1'
    'SERVER_NAME' => 'localhost'
    'SERVER_PORT' => '8080'
    'REQUEST_URI' => '/index.php?r=user%2Fview&id=2'
    'REQUEST_METHOD' => 'GET'
    'SCRIPT_NAME' => '/index.php'
    'SCRIPT_FILENAME' => 'D:\\laragon\\www\\EVERYDAYMART\\web\\index.php'
    'PHP_SELF' => '/index.php'
    'QUERY_STRING' => 'r=user%2Fview&id=2'
    'HTTP_HOST' => 'localhost:8080'
    'HTTP_CONNECTION' => 'keep-alive'
    'HTTP_UPGRADE_INSECURE_REQUESTS' => '1'
    'HTTP_USER_AGENT' => 'Mozilla/5.0 (Windows NT 10.0; Win64; x64) AppleWebKit/537.36 (KHTML, like Gecko) Code/1.133.0 Chrome/148.0.7778.280 Electron/42.8.0 Safari/537.36'
    'HTTP_ACCEPT' => 'text/html,application/xhtml+xml,application/xml;q=0.9,image/avif,image/webp,image/apng,*/*;q=0.8,application/signed-exchange;v=b3;q=0.7'
    'HTTP_SEC_FETCH_SITE' => 'same-origin'
    'HTTP_SEC_FETCH_MODE' => 'navigate'
    'HTTP_SEC_FETCH_USER' => '?1'
    'HTTP_SEC_FETCH_DEST' => 'document'
    'HTTP_REFERER' => 'http://localhost:8080/index.php?r=user%2Findex'
    'HTTP_ACCEPT_ENCODING' => 'gzip, deflate, br, zstd'
    'HTTP_ACCEPT_LANGUAGE' => 'en-US'
    'HTTP_COOKIE' => '_identity=315de64354e447141d4474079587fddbf24651f74f13e00a13a49b181dda432ba%3A2%3A%7Bi%3A0%3Bs%3A9%3A%22_identity%22%3Bi%3A1%3Bs%3A16%3A%22%5B1%2Cnull%2C2592000%5D%22%3B%7D; PHPSESSID=98344364a4bdc07f92b7ae8a34959e35; _csrf=c5b296cf2e5879c60c49ac92577642df790a53dc427c2b843abb9612071edb16a%3A2%3A%7Bi%3A0%3Bs%3A5%3A%22_csrf%22%3Bi%3A1%3Bs%3A32%3A%22Qs1bdKICtXFERLX_fTwjBcLWV5HrORTB%22%3B%7D'
    'REQUEST_TIME_FLOAT' => 1787028378.8655
    'REQUEST_TIME' => 1787028378
]
2026-08-18 12:27:01 [::1][1][98344364a4bdc07f92b7ae8a34959e35][error][yii\db\Exception] PDOException: SQLSTATE[42S22]: Column not found: 1054 Unknown column 'outlet_id' in 'where clause' in D:\laragon\www\EVERYDAYMART\vendor\yiisoft\yii2\db\Command.php:1320
Stack trace:
#0 D:\laragon\www\EVERYDAYMART\vendor\yiisoft\yii2\db\Command.php(1320): PDOStatement->execute()
#1 D:\laragon\www\EVERYDAYMART\vendor\yiisoft\yii2\db\Command.php(1186): yii\db\Command->internalExecute('SELECT COUNT(*)...')
#2 D:\laragon\www\EVERYDAYMART\vendor\yiisoft\yii2\db\Command.php(443): yii\db\Command->queryInternal('fetchColumn', 0)
#3 D:\laragon\www\EVERYDAYMART\vendor\yiisoft\yii2\db\Query.php(497): yii\db\Command->queryScalar()
#4 D:\laragon\www\EVERYDAYMART\vendor\yiisoft\yii2\db\ActiveQuery.php(361): yii\db\Query->queryScalar('COUNT(*)', Object(yii\db\Connection))
#5 D:\laragon\www\EVERYDAYMART\vendor\yiisoft\yii2\db\Query.php(368): yii\db\ActiveQuery->queryScalar('COUNT(*)', Object(yii\db\Connection))
#6 D:\laragon\www\EVERYDAYMART\views\outlet\index.php(107): yii\db\Query->count()
#7 [internal function]: yii\base\View->{closure:D:\laragon\www\EVERYDAYMART\views\outlet\index.php:105}(Object(app\models\Outlet), 1, 0, Object(yii\grid\DataColumn))
#8 D:\laragon\www\EVERYDAYMART\vendor\yiisoft\yii2\grid\DataColumn.php(252): call_user_func(Object(Closure), Object(app\models\Outlet), 1, 0, Object(yii\grid\DataColumn))
#9 D:\laragon\www\EVERYDAYMART\vendor\yiisoft\yii2\grid\DataColumn.php(266): yii\grid\DataColumn->getDataCellValue(Object(app\models\Outlet), 1, 0)
#10 D:\laragon\www\EVERYDAYMART\vendor\yiisoft\yii2\grid\Column.php(111): yii\grid\DataColumn->renderDataCellContent(Object(app\models\Outlet), 1, 0)
#11 D:\laragon\www\EVERYDAYMART\vendor\yiisoft\yii2\grid\GridView.php(540): yii\grid\Column->renderDataCell(Object(app\models\Outlet), 1, 0)
#12 D:\laragon\www\EVERYDAYMART\vendor\yiisoft\yii2\grid\GridView.php(509): yii\grid\GridView->renderTableRow(Object(app\models\Outlet), 1, 0)
#13 D:\laragon\www\EVERYDAYMART\vendor\yiisoft\yii2\grid\GridView.php(373): yii\grid\GridView->renderTableBody()
#14 D:\laragon\www\EVERYDAYMART\vendor\yiisoft\yii2\widgets\BaseListView.php(160): yii\grid\GridView->renderItems()
#15 D:\laragon\www\EVERYDAYMART\vendor\yiisoft\yii2\grid\GridView.php(333): yii\widgets\BaseListView->renderSection('{items}')
#16 D:\laragon\www\EVERYDAYMART\vendor\yiisoft\yii2\widgets\BaseListView.php(135): yii\grid\GridView->renderSection('{items}')
#17 [internal function]: yii\widgets\BaseListView->{closure:yii\widgets\BaseListView::run():134}(Array)
#18 D:\laragon\www\EVERYDAYMART\vendor\yiisoft\yii2\widgets\BaseListView.php(134): preg_replace_callback('/{\\w+}/', Object(Closure), '{summary}\n{item...')
#19 D:\laragon\www\EVERYDAYMART\vendor\yiisoft\yii2\grid\GridView.php(308): yii\widgets\BaseListView->run()
#20 D:\laragon\www\EVERYDAYMART\vendor\yiisoft\yii2\base\Widget.php(148): yii\grid\GridView->run()
#21 D:\laragon\www\EVERYDAYMART\views\outlet\index.php(91): yii\base\Widget::widget(Array)
#22 D:\laragon\www\EVERYDAYMART\vendor\yiisoft\yii2\base\View.php(345): require('D:\\laragon\\www\\...')
#23 [internal function]: yii\base\View->{closure:yii\base\View::renderPhpFile():343}('D:\\laragon\\www\\...', Array)
#24 D:\laragon\www\EVERYDAYMART\vendor\yiisoft\yii2\base\View.php(350): call_user_func_array(Object(Closure), Array)
#25 D:\laragon\www\EVERYDAYMART\vendor\yiisoft\yii2\base\View.php(257): yii\base\View->renderPhpFile('D:\\laragon\\www\\...', Array)
#26 D:\laragon\www\EVERYDAYMART\vendor\yiisoft\yii2\base\View.php(156): yii\base\View->renderFile('D:\\laragon\\www\\...', Array, Object(app\controllers\OutletController))
#27 D:\laragon\www\EVERYDAYMART\vendor\yiisoft\yii2\base\Controller.php(423): yii\base\View->render('index', Array, Object(app\controllers\OutletController))
#28 D:\laragon\www\EVERYDAYMART\controllers\OutletController.php(44): yii\base\Controller->render('index', Array)
#29 [internal function]: app\controllers\OutletController->actionIndex()
#30 D:\laragon\www\EVERYDAYMART\vendor\yiisoft\yii2\base\InlineAction.php(60): call_user_func_array(Array, Array)
#31 D:\laragon\www\EVERYDAYMART\vendor\yiisoft\yii2\base\Controller.php(182): yii\base\InlineAction->runWithParams(Array)
#32 D:\laragon\www\EVERYDAYMART\vendor\yiisoft\yii2\base\Module.php(547): yii\base\Controller->runAction('index', Array)
#33 D:\laragon\www\EVERYDAYMART\vendor\yiisoft\yii2\web\Application.php(105): yii\base\Module->runAction('outlet/index', Array)
#34 D:\laragon\www\EVERYDAYMART\vendor\yiisoft\yii2\base\Application.php(382): yii\web\Application->handleRequest(Object(yii\web\Request))
#35 D:\laragon\www\EVERYDAYMART\web\index.php(14): yii\base\Application->run()
#36 {main}

Next yii\db\Exception: SQLSTATE[42S22]: Column not found: 1054 Unknown column 'outlet_id' in 'where clause'
The SQL being executed was: SELECT COUNT(*) FROM `user` WHERE `outlet_id`=1 in D:\laragon\www\EVERYDAYMART\vendor\yiisoft\yii2\db\Schema.php:677
Stack trace:
#0 D:\laragon\www\EVERYDAYMART\vendor\yiisoft\yii2\db\Command.php(1325): yii\db\Schema->convertException(Object(PDOException), 'SELECT COUNT(*)...')
#1 D:\laragon\www\EVERYDAYMART\vendor\yiisoft\yii2\db\Command.php(1186): yii\db\Command->internalExecute('SELECT COUNT(*)...')
#2 D:\laragon\www\EVERYDAYMART\vendor\yiisoft\yii2\db\Command.php(443): yii\db\Command->queryInternal('fetchColumn', 0)
#3 D:\laragon\www\EVERYDAYMART\vendor\yiisoft\yii2\db\Query.php(497): yii\db\Command->queryScalar()
#4 D:\laragon\www\EVERYDAYMART\vendor\yiisoft\yii2\db\ActiveQuery.php(361): yii\db\Query->queryScalar('COUNT(*)', Object(yii\db\Connection))
#5 D:\laragon\www\EVERYDAYMART\vendor\yiisoft\yii2\db\Query.php(368): yii\db\ActiveQuery->queryScalar('COUNT(*)', Object(yii\db\Connection))
#6 D:\laragon\www\EVERYDAYMART\views\outlet\index.php(107): yii\db\Query->count()
#7 [internal function]: yii\base\View->{closure:D:\laragon\www\EVERYDAYMART\views\outlet\index.php:105}(Object(app\models\Outlet), 1, 0, Object(yii\grid\DataColumn))
#8 D:\laragon\www\EVERYDAYMART\vendor\yiisoft\yii2\grid\DataColumn.php(252): call_user_func(Object(Closure), Object(app\models\Outlet), 1, 0, Object(yii\grid\DataColumn))
#9 D:\laragon\www\EVERYDAYMART\vendor\yiisoft\yii2\grid\DataColumn.php(266): yii\grid\DataColumn->getDataCellValue(Object(app\models\Outlet), 1, 0)
#10 D:\laragon\www\EVERYDAYMART\vendor\yiisoft\yii2\grid\Column.php(111): yii\grid\DataColumn->renderDataCellContent(Object(app\models\Outlet), 1, 0)
#11 D:\laragon\www\EVERYDAYMART\vendor\yiisoft\yii2\grid\GridView.php(540): yii\grid\Column->renderDataCell(Object(app\models\Outlet), 1, 0)
#12 D:\laragon\www\EVERYDAYMART\vendor\yiisoft\yii2\grid\GridView.php(509): yii\grid\GridView->renderTableRow(Object(app\models\Outlet), 1, 0)
#13 D:\laragon\www\EVERYDAYMART\vendor\yiisoft\yii2\grid\GridView.php(373): yii\grid\GridView->renderTableBody()
#14 D:\laragon\www\EVERYDAYMART\vendor\yiisoft\yii2\widgets\BaseListView.php(160): yii\grid\GridView->renderItems()
#15 D:\laragon\www\EVERYDAYMART\vendor\yiisoft\yii2\grid\GridView.php(333): yii\widgets\BaseListView->renderSection('{items}')
#16 D:\laragon\www\EVERYDAYMART\vendor\yiisoft\yii2\widgets\BaseListView.php(135): yii\grid\GridView->renderSection('{items}')
#17 [internal function]: yii\widgets\BaseListView->{closure:yii\widgets\BaseListView::run():134}(Array)
#18 D:\laragon\www\EVERYDAYMART\vendor\yiisoft\yii2\widgets\BaseListView.php(134): preg_replace_callback('/{\\w+}/', Object(Closure), '{summary}\n{item...')
#19 D:\laragon\www\EVERYDAYMART\vendor\yiisoft\yii2\grid\GridView.php(308): yii\widgets\BaseListView->run()
#20 D:\laragon\www\EVERYDAYMART\vendor\yiisoft\yii2\base\Widget.php(148): yii\grid\GridView->run()
#21 D:\laragon\www\EVERYDAYMART\views\outlet\index.php(91): yii\base\Widget::widget(Array)
#22 D:\laragon\www\EVERYDAYMART\vendor\yiisoft\yii2\base\View.php(345): require('D:\\laragon\\www\\...')
#23 [internal function]: yii\base\View->{closure:yii\base\View::renderPhpFile():343}('D:\\laragon\\www\\...', Array)
#24 D:\laragon\www\EVERYDAYMART\vendor\yiisoft\yii2\base\View.php(350): call_user_func_array(Object(Closure), Array)
#25 D:\laragon\www\EVERYDAYMART\vendor\yiisoft\yii2\base\View.php(257): yii\base\View->renderPhpFile('D:\\laragon\\www\\...', Array)
#26 D:\laragon\www\EVERYDAYMART\vendor\yiisoft\yii2\base\View.php(156): yii\base\View->renderFile('D:\\laragon\\www\\...', Array, Object(app\controllers\OutletController))
#27 D:\laragon\www\EVERYDAYMART\vendor\yiisoft\yii2\base\Controller.php(423): yii\base\View->render('index', Array, Object(app\controllers\OutletController))
#28 D:\laragon\www\EVERYDAYMART\controllers\OutletController.php(44): yii\base\Controller->render('index', Array)
#29 [internal function]: app\controllers\OutletController->actionIndex()
#30 D:\laragon\www\EVERYDAYMART\vendor\yiisoft\yii2\base\InlineAction.php(60): call_user_func_array(Array, Array)
#31 D:\laragon\www\EVERYDAYMART\vendor\yiisoft\yii2\base\Controller.php(182): yii\base\InlineAction->runWithParams(Array)
#32 D:\laragon\www\EVERYDAYMART\vendor\yiisoft\yii2\base\Module.php(547): yii\base\Controller->runAction('index', Array)
#33 D:\laragon\www\EVERYDAYMART\vendor\yiisoft\yii2\web\Application.php(105): yii\base\Module->runAction('outlet/index', Array)
#34 D:\laragon\www\EVERYDAYMART\vendor\yiisoft\yii2\base\Application.php(382): yii\web\Application->handleRequest(Object(yii\web\Request))
#35 D:\laragon\www\EVERYDAYMART\web\index.php(14): yii\base\Application->run()
#36 {main}
Additional Information:
Array
(
    [0] => 42S22
    [1] => 1054
    [2] => Unknown column 'outlet_id' in 'where clause'
)

2026-08-18 12:27:00 [::1][1][98344364a4bdc07f92b7ae8a34959e35][info][application] $_GET = [
    'r' => 'outlet/index'
]

$_POST = []

$_FILES = []

$_COOKIE = [
    '_identity' => '315de64354e447141d4474079587fddbf24651f74f13e00a13a49b181dda432ba:2:{i:0;s:9:\"_identity\";i:1;s:16:\"[1,null,2592000]\";}'
    'PHPSESSID' => '98344364a4bdc07f92b7ae8a34959e35'
    '_csrf' => 'c5b296cf2e5879c60c49ac92577642df790a53dc427c2b843abb9612071edb16a:2:{i:0;s:5:\"_csrf\";i:1;s:32:\"Qs1bdKICtXFERLX_fTwjBcLWV5HrORTB\";}'
]

$_SESSION = [
    '__flash' => []
    '__id' => 1
    '__authKey' => null
]

$_SERVER = [
    'DOCUMENT_ROOT' => 'D:\\laragon\\www\\EVERYDAYMART\\web'
    'REMOTE_ADDR' => '::1'
    'REMOTE_PORT' => '50623'
    'SERVER_SOFTWARE' => 'PHP/8.4.13 (Development Server)'
    'SERVER_PROTOCOL' => 'HTTP/1.1'
    'SERVER_NAME' => 'localhost'
    'SERVER_PORT' => '8080'
    'REQUEST_URI' => '/index.php?r=outlet%2Findex'
    'REQUEST_METHOD' => 'GET'
    'SCRIPT_NAME' => '/index.php'
    'SCRIPT_FILENAME' => 'D:\\laragon\\www\\EVERYDAYMART\\web\\index.php'
    'PHP_SELF' => '/index.php'
    'QUERY_STRING' => 'r=outlet%2Findex'
    'HTTP_HOST' => 'localhost:8080'
    'HTTP_CONNECTION' => 'keep-alive'
    'HTTP_CACHE_CONTROL' => 'max-age=0'
    'HTTP_UPGRADE_INSECURE_REQUESTS' => '1'
    'HTTP_USER_AGENT' => 'Mozilla/5.0 (Windows NT 10.0; Win64; x64) AppleWebKit/537.36 (KHTML, like Gecko) Code/1.133.0 Chrome/148.0.7778.280 Electron/42.8.0 Safari/537.36'
    'HTTP_ACCEPT' => 'text/html,application/xhtml+xml,application/xml;q=0.9,image/avif,image/webp,image/apng,*/*;q=0.8,application/signed-exchange;v=b3;q=0.7'
    'HTTP_SEC_FETCH_SITE' => 'same-origin'
    'HTTP_SEC_FETCH_MODE' => 'navigate'
    'HTTP_SEC_FETCH_USER' => '?1'
    'HTTP_SEC_FETCH_DEST' => 'document'
    'HTTP_REFERER' => 'http://localhost:8080/index.php?r=user%2Findex'
    'HTTP_ACCEPT_ENCODING' => 'gzip, deflate, br, zstd'
    'HTTP_ACCEPT_LANGUAGE' => 'en-US'
    'HTTP_COOKIE' => '_identity=315de64354e447141d4474079587fddbf24651f74f13e00a13a49b181dda432ba%3A2%3A%7Bi%3A0%3Bs%3A9%3A%22_identity%22%3Bi%3A1%3Bs%3A16%3A%22%5B1%2Cnull%2C2592000%5D%22%3B%7D; PHPSESSID=98344364a4bdc07f92b7ae8a34959e35; _csrf=c5b296cf2e5879c60c49ac92577642df790a53dc427c2b843abb9612071edb16a%3A2%3A%7Bi%3A0%3Bs%3A5%3A%22_csrf%22%3Bi%3A1%3Bs%3A32%3A%22Qs1bdKICtXFERLX_fTwjBcLWV5HrORTB%22%3B%7D'
    'REQUEST_TIME_FLOAT' => 1787030820.6834
    'REQUEST_TIME' => 1787030820
]
2026-08-18 12:37:14 [::1][1][98344364a4bdc07f92b7ae8a34959e35][error][yii\db\Exception] PDOException: SQLSTATE[42S22]: Column not found: 1054 Unknown column 'outlet_id' in 'where clause' in D:\laragon\www\EVERYDAYMART\vendor\yiisoft\yii2\db\Command.php:1320
Stack trace:
#0 D:\laragon\www\EVERYDAYMART\vendor\yiisoft\yii2\db\Command.php(1320): PDOStatement->execute()
#1 D:\laragon\www\EVERYDAYMART\vendor\yiisoft\yii2\db\Command.php(1186): yii\db\Command->internalExecute('SELECT COUNT(*)...')
#2 D:\laragon\www\EVERYDAYMART\vendor\yiisoft\yii2\db\Command.php(443): yii\db\Command->queryInternal('fetchColumn', 0)
#3 D:\laragon\www\EVERYDAYMART\vendor\yiisoft\yii2\db\Query.php(497): yii\db\Command->queryScalar()
#4 D:\laragon\www\EVERYDAYMART\vendor\yiisoft\yii2\db\ActiveQuery.php(361): yii\db\Query->queryScalar('COUNT(*)', Object(yii\db\Connection))
#5 D:\laragon\www\EVERYDAYMART\vendor\yiisoft\yii2\db\Query.php(368): yii\db\ActiveQuery->queryScalar('COUNT(*)', Object(yii\db\Connection))
#6 D:\laragon\www\EVERYDAYMART\views\outlet\index.php(111): yii\db\Query->count()
#7 [internal function]: yii\base\View->{closure:D:\laragon\www\EVERYDAYMART\views\outlet\index.php:105}(Object(app\models\Outlet), 1, 0, Object(yii\grid\DataColumn))
#8 D:\laragon\www\EVERYDAYMART\vendor\yiisoft\yii2\grid\DataColumn.php(252): call_user_func(Object(Closure), Object(app\models\Outlet), 1, 0, Object(yii\grid\DataColumn))
#9 D:\laragon\www\EVERYDAYMART\vendor\yiisoft\yii2\grid\DataColumn.php(266): yii\grid\DataColumn->getDataCellValue(Object(app\models\Outlet), 1, 0)
#10 D:\laragon\www\EVERYDAYMART\vendor\yiisoft\yii2\grid\Column.php(111): yii\grid\DataColumn->renderDataCellContent(Object(app\models\Outlet), 1, 0)
#11 D:\laragon\www\EVERYDAYMART\vendor\yiisoft\yii2\grid\GridView.php(540): yii\grid\Column->renderDataCell(Object(app\models\Outlet), 1, 0)
#12 D:\laragon\www\EVERYDAYMART\vendor\yiisoft\yii2\grid\GridView.php(509): yii\grid\GridView->renderTableRow(Object(app\models\Outlet), 1, 0)
#13 D:\laragon\www\EVERYDAYMART\vendor\yiisoft\yii2\grid\GridView.php(373): yii\grid\GridView->renderTableBody()
#14 D:\laragon\www\EVERYDAYMART\vendor\yiisoft\yii2\widgets\BaseListView.php(160): yii\grid\GridView->renderItems()
#15 D:\laragon\www\EVERYDAYMART\vendor\yiisoft\yii2\grid\GridView.php(333): yii\widgets\BaseListView->renderSection('{items}')
#16 D:\laragon\www\EVERYDAYMART\vendor\yiisoft\yii2\widgets\BaseListView.php(135): yii\grid\GridView->renderSection('{items}')
#17 [internal function]: yii\widgets\BaseListView->{closure:yii\widgets\BaseListView::run():134}(Array)
#18 D:\laragon\www\EVERYDAYMART\vendor\yiisoft\yii2\widgets\BaseListView.php(134): preg_replace_callback('/{\\w+}/', Object(Closure), '{summary}\n{item...')
#19 D:\laragon\www\EVERYDAYMART\vendor\yiisoft\yii2\grid\GridView.php(308): yii\widgets\BaseListView->run()
#20 D:\laragon\www\EVERYDAYMART\vendor\yiisoft\yii2\base\Widget.php(148): yii\grid\GridView->run()
#21 D:\laragon\www\EVERYDAYMART\views\outlet\index.php(91): yii\base\Widget::widget(Array)
#22 D:\laragon\www\EVERYDAYMART\vendor\yiisoft\yii2\base\View.php(345): require('D:\\laragon\\www\\...')
#23 [internal function]: yii\base\View->{closure:yii\base\View::renderPhpFile():343}('D:\\laragon\\www\\...', Array)
#24 D:\laragon\www\EVERYDAYMART\vendor\yiisoft\yii2\base\View.php(350): call_user_func_array(Object(Closure), Array)
#25 D:\laragon\www\EVERYDAYMART\vendor\yiisoft\yii2\base\View.php(257): yii\base\View->renderPhpFile('D:\\laragon\\www\\...', Array)
#26 D:\laragon\www\EVERYDAYMART\vendor\yiisoft\yii2\base\View.php(156): yii\base\View->renderFile('D:\\laragon\\www\\...', Array, Object(app\controllers\OutletController))
#27 D:\laragon\www\EVERYDAYMART\vendor\yiisoft\yii2\base\Controller.php(423): yii\base\View->render('index', Array, Object(app\controllers\OutletController))
#28 D:\laragon\www\EVERYDAYMART\controllers\OutletController.php(44): yii\base\Controller->render('index', Array)
#29 [internal function]: app\controllers\OutletController->actionIndex()
#30 D:\laragon\www\EVERYDAYMART\vendor\yiisoft\yii2\base\InlineAction.php(60): call_user_func_array(Array, Array)
#31 D:\laragon\www\EVERYDAYMART\vendor\yiisoft\yii2\base\Controller.php(182): yii\base\InlineAction->runWithParams(Array)
#32 D:\laragon\www\EVERYDAYMART\vendor\yiisoft\yii2\base\Module.php(547): yii\base\Controller->runAction('index', Array)
#33 D:\laragon\www\EVERYDAYMART\vendor\yiisoft\yii2\web\Application.php(105): yii\base\Module->runAction('outlet/index', Array)
#34 D:\laragon\www\EVERYDAYMART\vendor\yiisoft\yii2\base\Application.php(382): yii\web\Application->handleRequest(Object(yii\web\Request))
#35 D:\laragon\www\EVERYDAYMART\web\index.php(14): yii\base\Application->run()
#36 {main}

Next yii\db\Exception: SQLSTATE[42S22]: Column not found: 1054 Unknown column 'outlet_id' in 'where clause'
The SQL being executed was: SELECT COUNT(*) FROM `user` WHERE (`outlet_id`=1) OR (`id_outlet`=1) in D:\laragon\www\EVERYDAYMART\vendor\yiisoft\yii2\db\Schema.php:677
Stack trace:
#0 D:\laragon\www\EVERYDAYMART\vendor\yiisoft\yii2\db\Command.php(1325): yii\db\Schema->convertException(Object(PDOException), 'SELECT COUNT(*)...')
#1 D:\laragon\www\EVERYDAYMART\vendor\yiisoft\yii2\db\Command.php(1186): yii\db\Command->internalExecute('SELECT COUNT(*)...')
#2 D:\laragon\www\EVERYDAYMART\vendor\yiisoft\yii2\db\Command.php(443): yii\db\Command->queryInternal('fetchColumn', 0)
#3 D:\laragon\www\EVERYDAYMART\vendor\yiisoft\yii2\db\Query.php(497): yii\db\Command->queryScalar()
#4 D:\laragon\www\EVERYDAYMART\vendor\yiisoft\yii2\db\ActiveQuery.php(361): yii\db\Query->queryScalar('COUNT(*)', Object(yii\db\Connection))
#5 D:\laragon\www\EVERYDAYMART\vendor\yiisoft\yii2\db\Query.php(368): yii\db\ActiveQuery->queryScalar('COUNT(*)', Object(yii\db\Connection))
#6 D:\laragon\www\EVERYDAYMART\views\outlet\index.php(111): yii\db\Query->count()
#7 [internal function]: yii\base\View->{closure:D:\laragon\www\EVERYDAYMART\views\outlet\index.php:105}(Object(app\models\Outlet), 1, 0, Object(yii\grid\DataColumn))
#8 D:\laragon\www\EVERYDAYMART\vendor\yiisoft\yii2\grid\DataColumn.php(252): call_user_func(Object(Closure), Object(app\models\Outlet), 1, 0, Object(yii\grid\DataColumn))
#9 D:\laragon\www\EVERYDAYMART\vendor\yiisoft\yii2\grid\DataColumn.php(266): yii\grid\DataColumn->getDataCellValue(Object(app\models\Outlet), 1, 0)
#10 D:\laragon\www\EVERYDAYMART\vendor\yiisoft\yii2\grid\Column.php(111): yii\grid\DataColumn->renderDataCellContent(Object(app\models\Outlet), 1, 0)
#11 D:\laragon\www\EVERYDAYMART\vendor\yiisoft\yii2\grid\GridView.php(540): yii\grid\Column->renderDataCell(Object(app\models\Outlet), 1, 0)
#12 D:\laragon\www\EVERYDAYMART\vendor\yiisoft\yii2\grid\GridView.php(509): yii\grid\GridView->renderTableRow(Object(app\models\Outlet), 1, 0)
#13 D:\laragon\www\EVERYDAYMART\vendor\yiisoft\yii2\grid\GridView.php(373): yii\grid\GridView->renderTableBody()
#14 D:\laragon\www\EVERYDAYMART\vendor\yiisoft\yii2\widgets\BaseListView.php(160): yii\grid\GridView->renderItems()
#15 D:\laragon\www\EVERYDAYMART\vendor\yiisoft\yii2\grid\GridView.php(333): yii\widgets\BaseListView->renderSection('{items}')
#16 D:\laragon\www\EVERYDAYMART\vendor\yiisoft\yii2\widgets\BaseListView.php(135): yii\grid\GridView->renderSection('{items}')
#17 [internal function]: yii\widgets\BaseListView->{closure:yii\widgets\BaseListView::run():134}(Array)
#18 D:\laragon\www\EVERYDAYMART\vendor\yiisoft\yii2\widgets\BaseListView.php(134): preg_replace_callback('/{\\w+}/', Object(Closure), '{summary}\n{item...')
#19 D:\laragon\www\EVERYDAYMART\vendor\yiisoft\yii2\grid\GridView.php(308): yii\widgets\BaseListView->run()
#20 D:\laragon\www\EVERYDAYMART\vendor\yiisoft\yii2\base\Widget.php(148): yii\grid\GridView->run()
#21 D:\laragon\www\EVERYDAYMART\views\outlet\index.php(91): yii\base\Widget::widget(Array)
#22 D:\laragon\www\EVERYDAYMART\vendor\yiisoft\yii2\base\View.php(345): require('D:\\laragon\\www\\...')
#23 [internal function]: yii\base\View->{closure:yii\base\View::renderPhpFile():343}('D:\\laragon\\www\\...', Array)
#24 D:\laragon\www\EVERYDAYMART\vendor\yiisoft\yii2\base\View.php(350): call_user_func_array(Object(Closure), Array)
#25 D:\laragon\www\EVERYDAYMART\vendor\yiisoft\yii2\base\View.php(257): yii\base\View->renderPhpFile('D:\\laragon\\www\\...', Array)
#26 D:\laragon\www\EVERYDAYMART\vendor\yiisoft\yii2\base\View.php(156): yii\base\View->renderFile('D:\\laragon\\www\\...', Array, Object(app\controllers\OutletController))
#27 D:\laragon\www\EVERYDAYMART\vendor\yiisoft\yii2\base\Controller.php(423): yii\base\View->render('index', Array, Object(app\controllers\OutletController))
#28 D:\laragon\www\EVERYDAYMART\controllers\OutletController.php(44): yii\base\Controller->render('index', Array)
#29 [internal function]: app\controllers\OutletController->actionIndex()
#30 D:\laragon\www\EVERYDAYMART\vendor\yiisoft\yii2\base\InlineAction.php(60): call_user_func_array(Array, Array)
#31 D:\laragon\www\EVERYDAYMART\vendor\yiisoft\yii2\base\Controller.php(182): yii\base\InlineAction->runWithParams(Array)
#32 D:\laragon\www\EVERYDAYMART\vendor\yiisoft\yii2\base\Module.php(547): yii\base\Controller->runAction('index', Array)
#33 D:\laragon\www\EVERYDAYMART\vendor\yiisoft\yii2\web\Application.php(105): yii\base\Module->runAction('outlet/index', Array)
#34 D:\laragon\www\EVERYDAYMART\vendor\yiisoft\yii2\base\Application.php(382): yii\web\Application->handleRequest(Object(yii\web\Request))
#35 D:\laragon\www\EVERYDAYMART\web\index.php(14): yii\base\Application->run()
#36 {main}
Additional Information:
Array
(
    [0] => 42S22
    [1] => 1054
    [2] => Unknown column 'outlet_id' in 'where clause'
)

2026-08-18 12:37:13 [::1][1][98344364a4bdc07f92b7ae8a34959e35][info][application] $_GET = [
    'r' => 'outlet/index'
]

$_POST = []

$_FILES = []

$_COOKIE = [
    '_identity' => '315de64354e447141d4474079587fddbf24651f74f13e00a13a49b181dda432ba:2:{i:0;s:9:\"_identity\";i:1;s:16:\"[1,null,2592000]\";}'
    'PHPSESSID' => '98344364a4bdc07f92b7ae8a34959e35'
    '_csrf' => 'c5b296cf2e5879c60c49ac92577642df790a53dc427c2b843abb9612071edb16a:2:{i:0;s:5:\"_csrf\";i:1;s:32:\"Qs1bdKICtXFERLX_fTwjBcLWV5HrORTB\";}'
]

$_SESSION = [
    '__flash' => []
    '__id' => 1
    '__authKey' => null
]

$_SERVER = [
    'DOCUMENT_ROOT' => 'D:\\laragon\\www\\EVERYDAYMART\\web'
    'REMOTE_ADDR' => '::1'
    'REMOTE_PORT' => '50316'
    'SERVER_SOFTWARE' => 'PHP/8.4.13 (Development Server)'
    'SERVER_PROTOCOL' => 'HTTP/1.1'
    'SERVER_NAME' => 'localhost'
    'SERVER_PORT' => '8080'
    'REQUEST_URI' => '/index.php?r=outlet%2Findex'
    'REQUEST_METHOD' => 'GET'
    'SCRIPT_NAME' => '/index.php'
    'SCRIPT_FILENAME' => 'D:\\laragon\\www\\EVERYDAYMART\\web\\index.php'
    'PHP_SELF' => '/index.php'
    'QUERY_STRING' => 'r=outlet%2Findex'
    'HTTP_HOST' => 'localhost:8080'
    'HTTP_CONNECTION' => 'keep-alive'
    'HTTP_CACHE_CONTROL' => 'max-age=0'
    'HTTP_UPGRADE_INSECURE_REQUESTS' => '1'
    'HTTP_USER_AGENT' => 'Mozilla/5.0 (Windows NT 10.0; Win64; x64) AppleWebKit/537.36 (KHTML, like Gecko) Code/1.133.0 Chrome/148.0.7778.280 Electron/42.8.0 Safari/537.36'
    'HTTP_ACCEPT' => 'text/html,application/xhtml+xml,application/xml;q=0.9,image/avif,image/webp,image/apng,*/*;q=0.8,application/signed-exchange;v=b3;q=0.7'
    'HTTP_SEC_FETCH_SITE' => 'same-origin'
    'HTTP_SEC_FETCH_MODE' => 'navigate'
    'HTTP_SEC_FETCH_USER' => '?1'
    'HTTP_SEC_FETCH_DEST' => 'document'
    'HTTP_REFERER' => 'http://localhost:8080/index.php?r=outlet%2Fview&id=1'
    'HTTP_ACCEPT_ENCODING' => 'gzip, deflate, br, zstd'
    'HTTP_ACCEPT_LANGUAGE' => 'en-US'
    'HTTP_COOKIE' => '_identity=315de64354e447141d4474079587fddbf24651f74f13e00a13a49b181dda432ba%3A2%3A%7Bi%3A0%3Bs%3A9%3A%22_identity%22%3Bi%3A1%3Bs%3A16%3A%22%5B1%2Cnull%2C2592000%5D%22%3B%7D; PHPSESSID=98344364a4bdc07f92b7ae8a34959e35; _csrf=c5b296cf2e5879c60c49ac92577642df790a53dc427c2b843abb9612071edb16a%3A2%3A%7Bi%3A0%3Bs%3A5%3A%22_csrf%22%3Bi%3A1%3Bs%3A32%3A%22Qs1bdKICtXFERLX_fTwjBcLWV5HrORTB%22%3B%7D'
    'REQUEST_TIME_FLOAT' => 1787031433.4121
    'REQUEST_TIME' => 1787031433
]
2026-08-18 20:40:20 [::1][1][4ab690e7aa322226682c0a5132355bec][error][yii\web\HttpException:400] yii\web\BadRequestHttpException: Unable to verify your data submission. in D:\laragon\www\EVERYDAYMART\vendor\yiisoft\yii2\web\Controller.php:336
Stack trace:
#0 D:\laragon\www\EVERYDAYMART\vendor\yiisoft\yii2\base\Controller.php(180): yii\web\Controller->beforeAction(Object(yii\base\InlineAction))
#1 D:\laragon\www\EVERYDAYMART\vendor\yiisoft\yii2\base\Module.php(547): yii\base\Controller->runAction('create', Array)
#2 D:\laragon\www\EVERYDAYMART\vendor\yiisoft\yii2\web\Application.php(105): yii\base\Module->runAction('transaksi/creat...', Array)
#3 D:\laragon\www\EVERYDAYMART\vendor\yiisoft\yii2\base\Application.php(382): yii\web\Application->handleRequest(Object(yii\web\Request))
#4 D:\laragon\www\EVERYDAYMART\web\index.php(14): yii\base\Application->run()
#5 {main}
2026-08-18 20:40:19 [::1][1][4ab690e7aa322226682c0a5132355bec][info][application] $_GET = [
    'r' => 'transaksi/create'
]

$_POST = [
    '_csrf' => 'mEW1NIIqCXo6tMFnfhXzq8J95e3lzVGRd_lpQ1YNlkXCMsFxzmF5JWvWmSsHXKfmpUuWhtD8PvQhkV0gM13gKA=='
    'Transaksi' => [
        'customer' => ''
        'waiter' => 'kasir1'
        'id_outlet' => '1'
        'total_harga' => '5325000'
    ]
    'DetailTransaksi' => [
        0 => [
            'id_barang' => '1'
            'jumlah' => '71'
            'total_harga_item' => '5325000'
        ]
    ]
]

$_FILES = []

$_COOKIE = [
    'PHPSESSID' => '4ab690e7aa322226682c0a5132355bec'
    '_identity' => '315de64354e447141d4474079587fddbf24651f74f13e00a13a49b181dda432ba:2:{i:0;s:9:\"_identity\";i:1;s:16:\"[1,null,2592000]\";}'
    '_csrf' => 'b1fcb1fa48818ff32cc19682b59105091257db5f4b43da39fb9c01572ae0f0f1a:2:{i:0;s:5:\"_csrf\";i:1;s:32:\"ENM2wMm4HhLTxU6Ut343JiQKEfJ2CI3n\";}'
]

$_SESSION = [
    '__flash' => []
    '__id' => 1
    '__authKey' => null
]

$_SERVER = [
    'DOCUMENT_ROOT' => 'D:\\laragon\\www\\EVERYDAYMART\\web'
    'REMOTE_ADDR' => '::1'
    'REMOTE_PORT' => '54276'
    'SERVER_SOFTWARE' => 'PHP/8.4.13 (Development Server)'
    'SERVER_PROTOCOL' => 'HTTP/1.1'
    'SERVER_NAME' => 'localhost'
    'SERVER_PORT' => '8080'
    'REQUEST_URI' => '/index.php?r=transaksi%2Fcreate'
    'REQUEST_METHOD' => 'POST'
    'SCRIPT_NAME' => '/index.php'
    'SCRIPT_FILENAME' => 'D:\\laragon\\www\\EVERYDAYMART\\web\\index.php'
    'PHP_SELF' => '/index.php'
    'QUERY_STRING' => 'r=transaksi%2Fcreate'
    'HTTP_HOST' => 'localhost:8080'
    'HTTP_CONNECTION' => 'keep-alive'
    'CONTENT_LENGTH' => '345'
    'HTTP_CONTENT_LENGTH' => '345'
    'HTTP_CACHE_CONTROL' => 'max-age=0'
    'HTTP_UPGRADE_INSECURE_REQUESTS' => '1'
    'CONTENT_TYPE' => 'application/x-www-form-urlencoded'
    'HTTP_CONTENT_TYPE' => 'application/x-www-form-urlencoded'
    'HTTP_USER_AGENT' => 'Mozilla/5.0 (Windows NT 10.0; Win64; x64) AppleWebKit/537.36 (KHTML, like Gecko) Code/1.133.0 Chrome/148.0.7778.280 Electron/42.8.0 Safari/537.36'
    'HTTP_ORIGIN' => 'http://localhost:8080'
    'HTTP_ACCEPT' => 'text/html,application/xhtml+xml,application/xml;q=0.9,image/avif,image/webp,image/apng,*/*;q=0.8,application/signed-exchange;v=b3;q=0.7'
    'HTTP_SEC_FETCH_SITE' => 'same-origin'
    'HTTP_SEC_FETCH_MODE' => 'navigate'
    'HTTP_SEC_FETCH_USER' => '?1'
    'HTTP_SEC_FETCH_DEST' => 'document'
    'HTTP_REFERER' => 'http://localhost:8080/index.php?r=transaksi%2Fcreate'
    'HTTP_ACCEPT_ENCODING' => 'gzip, deflate, br, zstd'
    'HTTP_ACCEPT_LANGUAGE' => 'en-US'
    'HTTP_COOKIE' => 'PHPSESSID=4ab690e7aa322226682c0a5132355bec; _identity=315de64354e447141d4474079587fddbf24651f74f13e00a13a49b181dda432ba%3A2%3A%7Bi%3A0%3Bs%3A9%3A%22_identity%22%3Bi%3A1%3Bs%3A16%3A%22%5B1%2Cnull%2C2592000%5D%22%3B%7D; _csrf=b1fcb1fa48818ff32cc19682b59105091257db5f4b43da39fb9c01572ae0f0f1a%3A2%3A%7Bi%3A0%3Bs%3A5%3A%22_csrf%22%3Bi%3A1%3Bs%3A32%3A%22ENM2wMm4HhLTxU6Ut343JiQKEfJ2CI3n%22%3B%7D'
    'REQUEST_TIME_FLOAT' => 1787060419.6012
    'REQUEST_TIME' => 1787060419
]
2026-08-18 20:41:15 [::1][3][682bcc5c6933d1ab3302aa925be65c87][error][yii\base\UnknownPropertyException] yii\base\UnknownPropertyException: Getting unknown property: app\models\Transaksi::cuPmer in D:\laragon\www\EVERYDAYMART\vendor\yiisoft\yii2\base\Component.php:157
Stack trace:
#0 D:\laragon\www\EVERYDAYMART\vendor\yiisoft\yii2\db\BaseActiveRecord.php(295): yii\base\Component->__get('cuPmer')
#1 D:\laragon\www\EVERYDAYMART\vendor\yiisoft\yii2\helpers\BaseHtml.php(2296): yii\db\BaseActiveRecord->__get('cuPmer')
#2 D:\laragon\www\EVERYDAYMART\vendor\yiisoft\yii2\helpers\BaseHtml.php(1388): yii\helpers\BaseHtml::getAttributeValue(Object(app\models\Transaksi), 'cuPmer')
#3 D:\laragon\www\EVERYDAYMART\vendor\yiisoft\yii2\helpers\BaseHtml.php(1444): yii\helpers\BaseHtml::activeInput('text', Object(app\models\Transaksi), 'cuPmer', Array)
#4 D:\laragon\www\EVERYDAYMART\vendor\yiisoft\yii2\widgets\ActiveField.php(409): yii\helpers\BaseHtml::activeTextInput(Object(app\models\Transaksi), 'cuPmer', Array)
#5 D:\laragon\www\EVERYDAYMART\views\transaksi\_form.php(30): yii\widgets\ActiveField->textInput(Array)
#6 D:\laragon\www\EVERYDAYMART\vendor\yiisoft\yii2\base\View.php(345): require('D:\\laragon\\www\\...')
#7 [internal function]: yii\base\View->{closure:yii\base\View::renderPhpFile():343}('D:\\laragon\\www\\...', Array)
#8 D:\laragon\www\EVERYDAYMART\vendor\yiisoft\yii2\base\View.php(350): call_user_func_array(Object(Closure), Array)
#9 D:\laragon\www\EVERYDAYMART\vendor\yiisoft\yii2\base\View.php(257): yii\base\View->renderPhpFile('D:\\laragon\\www\\...', Array)
#10 D:\laragon\www\EVERYDAYMART\vendor\yiisoft\yii2\base\View.php(156): yii\base\View->renderFile('D:\\laragon\\www\\...', Array, NULL)
#11 D:\laragon\www\EVERYDAYMART\views\transaksi\create.php(16): yii\base\View->render('_form', Array)
#12 D:\laragon\www\EVERYDAYMART\vendor\yiisoft\yii2\base\View.php(345): require('D:\\laragon\\www\\...')
#13 [internal function]: yii\base\View->{closure:yii\base\View::renderPhpFile():343}('D:\\laragon\\www\\...', Array)
#14 D:\laragon\www\EVERYDAYMART\vendor\yiisoft\yii2\base\View.php(350): call_user_func_array(Object(Closure), Array)
#15 D:\laragon\www\EVERYDAYMART\vendor\yiisoft\yii2\base\View.php(257): yii\base\View->renderPhpFile('D:\\laragon\\www\\...', Array)
#16 D:\laragon\www\EVERYDAYMART\vendor\yiisoft\yii2\base\View.php(156): yii\base\View->renderFile('D:\\laragon\\www\\...', Array, Object(app\controllers\TransaksiController))
#17 D:\laragon\www\EVERYDAYMART\vendor\yiisoft\yii2\base\Controller.php(423): yii\base\View->render('create', Array, Object(app\controllers\TransaksiController))
#18 D:\laragon\www\EVERYDAYMART\controllers\TransaksiController.php(194): yii\base\Controller->render('create', Array)
#19 [internal function]: app\controllers\TransaksiController->actionCreate()
#20 D:\laragon\www\EVERYDAYMART\vendor\yiisoft\yii2\base\InlineAction.php(60): call_user_func_array(Array, Array)
#21 D:\laragon\www\EVERYDAYMART\vendor\yiisoft\yii2\base\Controller.php(182): yii\base\InlineAction->runWithParams(Array)
#22 D:\laragon\www\EVERYDAYMART\vendor\yiisoft\yii2\base\Module.php(547): yii\base\Controller->runAction('create', Array)
#23 D:\laragon\www\EVERYDAYMART\vendor\yiisoft\yii2\web\Application.php(105): yii\base\Module->runAction('transaksi/creat...', Array)
#24 D:\laragon\www\EVERYDAYMART\vendor\yiisoft\yii2\base\Application.php(382): yii\web\Application->handleRequest(Object(yii\web\Request))
#25 D:\laragon\www\EVERYDAYMART\web\index.php(14): yii\base\Application->run()
#26 {main}
2026-08-18 20:41:15 [::1][3][682bcc5c6933d1ab3302aa925be65c87][info][application] $_GET = [
    'r' => 'transaksi/create'
]

$_POST = []

$_FILES = []

$_COOKIE = [
    'PHPSESSID' => '682bcc5c6933d1ab3302aa925be65c87'
    '_identity' => 'ef7d999dd16846b4ca752da9ffc96ccc3926929c8867673a4a424da8437c5ffba:2:{i:0;s:9:\"_identity\";i:1;s:16:\"[3,null,2592000]\";}'
    '_csrf' => 'cea5ec09d30c60337e5d8da00899b1792c7fb319d2c88408139bd43e734d16fba:2:{i:0;s:5:\"_csrf\";i:1;s:32:\"bV4ZMP3V3BWkWXzET0IMzfGHvvRxJuCc\";}'
]

$_SESSION = [
    '__flash' => []
    '__id' => 3
    '__authKey' => null
]

$_SERVER = [
    'DOCUMENT_ROOT' => 'D:\\laragon\\www\\EVERYDAYMART\\web'
    'REMOTE_ADDR' => '::1'
    'REMOTE_PORT' => '64254'
    'SERVER_SOFTWARE' => 'PHP/8.4.13 (Development Server)'
    'SERVER_PROTOCOL' => 'HTTP/1.1'
    'SERVER_NAME' => 'localhost'
    'SERVER_PORT' => '8080'
    'REQUEST_URI' => '/index.php?r=transaksi%2Fcreate'
    'REQUEST_METHOD' => 'GET'
    'SCRIPT_NAME' => '/index.php'
    'SCRIPT_FILENAME' => 'D:\\laragon\\www\\EVERYDAYMART\\web\\index.php'
    'PHP_SELF' => '/index.php'
    'QUERY_STRING' => 'r=transaksi%2Fcreate'
    'HTTP_HOST' => 'localhost:8080'
    'HTTP_CONNECTION' => 'keep-alive'
    'HTTP_UPGRADE_INSECURE_REQUESTS' => '1'
    'HTTP_USER_AGENT' => 'Mozilla/5.0 (Windows NT 10.0; Win64; x64) AppleWebKit/537.36 (KHTML, like Gecko) Code/1.133.0 Chrome/148.0.7778.280 Electron/42.8.0 Safari/537.36'
    'HTTP_ACCEPT' => 'text/html,application/xhtml+xml,application/xml;q=0.9,image/avif,image/webp,image/apng,*/*;q=0.8,application/signed-exchange;v=b3;q=0.7'
    'HTTP_SEC_FETCH_SITE' => 'same-origin'
    'HTTP_SEC_FETCH_MODE' => 'navigate'
    'HTTP_SEC_FETCH_USER' => '?1'
    'HTTP_SEC_FETCH_DEST' => 'document'
    'HTTP_REFERER' => 'http://localhost:8080/index.php'
    'HTTP_ACCEPT_ENCODING' => 'gzip, deflate, br, zstd'
    'HTTP_ACCEPT_LANGUAGE' => 'en-US'
    'HTTP_COOKIE' => 'PHPSESSID=682bcc5c6933d1ab3302aa925be65c87; _identity=ef7d999dd16846b4ca752da9ffc96ccc3926929c8867673a4a424da8437c5ffba%3A2%3A%7Bi%3A0%3Bs%3A9%3A%22_identity%22%3Bi%3A1%3Bs%3A16%3A%22%5B3%2Cnull%2C2592000%5D%22%3B%7D; _csrf=cea5ec09d30c60337e5d8da00899b1792c7fb319d2c88408139bd43e734d16fba%3A2%3A%7Bi%3A0%3Bs%3A5%3A%22_csrf%22%3Bi%3A1%3Bs%3A32%3A%22bV4ZMP3V3BWkWXzET0IMzfGHvvRxJuCc%22%3B%7D'
    'REQUEST_TIME_FLOAT' => 1787060475.4344
    'REQUEST_TIME' => 1787060475
]
2026-08-19 03:56:11 [::1][1][9d3b617871b0e807ab09d4f5f4262683][error][ParseError] ParseError: syntax error, unexpected single-quoted string "visible", expecting "]" in D:\laragon\www\EVERYDAYMART\views\layouts\_header.php:76
Stack trace:
#0 [internal function]: yii\base\View->{closure:yii\base\View::renderPhpFile():343}('D:\\laragon\\www\\...', Array)
#1 D:\laragon\www\EVERYDAYMART\vendor\yiisoft\yii2\base\View.php(350): call_user_func_array(Object(Closure), Array)
#2 D:\laragon\www\EVERYDAYMART\vendor\yiisoft\yii2\base\View.php(257): yii\base\View->renderPhpFile('D:\\laragon\\www\\...', Array)
#3 D:\laragon\www\EVERYDAYMART\vendor\yiisoft\yii2\base\View.php(156): yii\base\View->renderFile('D:\\laragon\\www\\...', Array, NULL)
#4 D:\laragon\www\EVERYDAYMART\views\layouts\main.php(24): yii\base\View->render('_header')
#5 D:\laragon\www\EVERYDAYMART\vendor\yiisoft\yii2\base\View.php(345): require('D:\\laragon\\www\\...')
#6 [internal function]: yii\base\View->{closure:yii\base\View::renderPhpFile():343}('D:\\laragon\\www\\...', Array)
#7 D:\laragon\www\EVERYDAYMART\vendor\yiisoft\yii2\base\View.php(350): call_user_func_array(Object(Closure), Array)
#8 D:\laragon\www\EVERYDAYMART\vendor\yiisoft\yii2\base\View.php(257): yii\base\View->renderPhpFile('D:\\laragon\\www\\...', Array)
#9 D:\laragon\www\EVERYDAYMART\vendor\yiisoft\yii2\base\Controller.php(438): yii\base\View->renderFile('D:\\laragon\\www\\...', Array, Object(app\controllers\GroupController))
#10 D:\laragon\www\EVERYDAYMART\vendor\yiisoft\yii2\base\Controller.php(424): yii\base\Controller->renderContent('<div class="gro...')
#11 D:\laragon\www\EVERYDAYMART\controllers\GroupController.php(44): yii\base\Controller->render('index', Array)
#12 [internal function]: app\controllers\GroupController->actionIndex()
#13 D:\laragon\www\EVERYDAYMART\vendor\yiisoft\yii2\base\InlineAction.php(60): call_user_func_array(Array, Array)
#14 D:\laragon\www\EVERYDAYMART\vendor\yiisoft\yii2\base\Controller.php(182): yii\base\InlineAction->runWithParams(Array)
#15 D:\laragon\www\EVERYDAYMART\vendor\yiisoft\yii2\base\Module.php(547): yii\base\Controller->runAction('index', Array)
#16 D:\laragon\www\EVERYDAYMART\vendor\yiisoft\yii2\web\Application.php(105): yii\base\Module->runAction('group/index', Array)
#17 D:\laragon\www\EVERYDAYMART\vendor\yiisoft\yii2\base\Application.php(382): yii\web\Application->handleRequest(Object(yii\web\Request))
#18 D:\laragon\www\EVERYDAYMART\web\index.php(14): yii\base\Application->run()
#19 {main}
2026-08-19 03:56:10 [::1][1][9d3b617871b0e807ab09d4f5f4262683][info][application] $_GET = [
    'r' => 'group/index'
]

$_POST = []

$_FILES = []

$_COOKIE = [
    'PHPSESSID' => '9d3b617871b0e807ab09d4f5f4262683'
    '_identity' => '315de64354e447141d4474079587fddbf24651f74f13e00a13a49b181dda432ba:2:{i:0;s:9:\"_identity\";i:1;s:16:\"[1,null,2592000]\";}'
    '_csrf' => '1adaf367a9ec7a93677eebdbeb6a73dd9b267b7a7abc7f4b22924db38dce97d5a:2:{i:0;s:5:\"_csrf\";i:1;s:32:\"6BhXErzJjBCcCIMhTmWAswzv1fjio50G\";}'
]

$_SESSION = [
    '__flash' => []
    '__id' => 1
    '__authKey' => null
]

$_SERVER = [
    'DOCUMENT_ROOT' => 'D:\\laragon\\www\\EVERYDAYMART\\web'
    'REMOTE_ADDR' => '::1'
    'REMOTE_PORT' => '55937'
    'SERVER_SOFTWARE' => 'PHP/8.4.13 (Development Server)'
    'SERVER_PROTOCOL' => 'HTTP/1.1'
    'SERVER_NAME' => 'localhost'
    'SERVER_PORT' => '8080'
    'REQUEST_URI' => '/index.php?r=group%2Findex'
    'REQUEST_METHOD' => 'GET'
    'SCRIPT_NAME' => '/index.php'
    'SCRIPT_FILENAME' => 'D:\\laragon\\www\\EVERYDAYMART\\web\\index.php'
    'PHP_SELF' => '/index.php'
    'QUERY_STRING' => 'r=group%2Findex'
    'HTTP_HOST' => 'localhost:8080'
    'HTTP_CONNECTION' => 'keep-alive'
    'HTTP_CACHE_CONTROL' => 'max-age=0'
    'HTTP_UPGRADE_INSECURE_REQUESTS' => '1'
    'HTTP_USER_AGENT' => 'Mozilla/5.0 (Windows NT 10.0; Win64; x64) AppleWebKit/537.36 (KHTML, like Gecko) Code/1.133.0 Chrome/148.0.7778.280 Electron/42.8.0 Safari/537.36'
    'HTTP_ACCEPT' => 'text/html,application/xhtml+xml,application/xml;q=0.9,image/avif,image/webp,image/apng,*/*;q=0.8,application/signed-exchange;v=b3;q=0.7'
    'HTTP_SEC_FETCH_SITE' => 'same-origin'
    'HTTP_SEC_FETCH_MODE' => 'navigate'
    'HTTP_SEC_FETCH_USER' => '?1'
    'HTTP_SEC_FETCH_DEST' => 'document'
    'HTTP_REFERER' => 'http://localhost:8080/index.php?r=barang%2Findex'
    'HTTP_ACCEPT_ENCODING' => 'gzip, deflate, br, zstd'
    'HTTP_ACCEPT_LANGUAGE' => 'en-US'
    'HTTP_COOKIE' => 'PHPSESSID=9d3b617871b0e807ab09d4f5f4262683; _identity=315de64354e447141d4474079587fddbf24651f74f13e00a13a49b181dda432ba%3A2%3A%7Bi%3A0%3Bs%3A9%3A%22_identity%22%3Bi%3A1%3Bs%3A16%3A%22%5B1%2Cnull%2C2592000%5D%22%3B%7D; _csrf=1adaf367a9ec7a93677eebdbeb6a73dd9b267b7a7abc7f4b22924db38dce97d5a%3A2%3A%7Bi%3A0%3Bs%3A5%3A%22_csrf%22%3Bi%3A1%3Bs%3A32%3A%226BhXErzJjBCcCIMhTmWAswzv1fjio50G%22%3B%7D'
    'REQUEST_TIME_FLOAT' => 1787086570.8276
    'REQUEST_TIME' => 1787086570
]
2026-08-19 03:56:29 [::1][1][9d3b617871b0e807ab09d4f5f4262683][error][ParseError] ParseError: syntax error, unexpected single-quoted string "visible", expecting "]" in D:\laragon\www\EVERYDAYMART\views\layouts\_header.php:76
Stack trace:
#0 [internal function]: yii\base\View->{closure:yii\base\View::renderPhpFile():343}('D:\\laragon\\www\\...', Array)
#1 D:\laragon\www\EVERYDAYMART\vendor\yiisoft\yii2\base\View.php(350): call_user_func_array(Object(Closure), Array)
#2 D:\laragon\www\EVERYDAYMART\vendor\yiisoft\yii2\base\View.php(257): yii\base\View->renderPhpFile('D:\\laragon\\www\\...', Array)
#3 D:\laragon\www\EVERYDAYMART\vendor\yiisoft\yii2\base\View.php(156): yii\base\View->renderFile('D:\\laragon\\www\\...', Array, NULL)
#4 D:\laragon\www\EVERYDAYMART\views\layouts\main.php(24): yii\base\View->render('_header')
#5 D:\laragon\www\EVERYDAYMART\vendor\yiisoft\yii2\base\View.php(345): require('D:\\laragon\\www\\...')
#6 [internal function]: yii\base\View->{closure:yii\base\View::renderPhpFile():343}('D:\\laragon\\www\\...', Array)
#7 D:\laragon\www\EVERYDAYMART\vendor\yiisoft\yii2\base\View.php(350): call_user_func_array(Object(Closure), Array)
#8 D:\laragon\www\EVERYDAYMART\vendor\yiisoft\yii2\base\View.php(257): yii\base\View->renderPhpFile('D:\\laragon\\www\\...', Array)
#9 D:\laragon\www\EVERYDAYMART\vendor\yiisoft\yii2\base\Controller.php(438): yii\base\View->renderFile('D:\\laragon\\www\\...', Array, Object(app\controllers\GroupController))
#10 D:\laragon\www\EVERYDAYMART\vendor\yiisoft\yii2\base\Controller.php(424): yii\base\Controller->renderContent('<div class="gro...')
#11 D:\laragon\www\EVERYDAYMART\controllers\GroupController.php(44): yii\base\Controller->render('index', Array)
#12 [internal function]: app\controllers\GroupController->actionIndex()
#13 D:\laragon\www\EVERYDAYMART\vendor\yiisoft\yii2\base\InlineAction.php(60): call_user_func_array(Array, Array)
#14 D:\laragon\www\EVERYDAYMART\vendor\yiisoft\yii2\base\Controller.php(182): yii\base\InlineAction->runWithParams(Array)
#15 D:\laragon\www\EVERYDAYMART\vendor\yiisoft\yii2\base\Module.php(547): yii\base\Controller->runAction('index', Array)
#16 D:\laragon\www\EVERYDAYMART\vendor\yiisoft\yii2\web\Application.php(105): yii\base\Module->runAction('group/index', Array)
#17 D:\laragon\www\EVERYDAYMART\vendor\yiisoft\yii2\base\Application.php(382): yii\web\Application->handleRequest(Object(yii\web\Request))
#18 D:\laragon\www\EVERYDAYMART\web\index.php(14): yii\base\Application->run()
#19 {main}
2026-08-19 03:56:28 [::1][1][9d3b617871b0e807ab09d4f5f4262683][info][application] $_GET = [
    'r' => 'group/index'
]

$_POST = []

$_FILES = []

$_COOKIE = [
    'PHPSESSID' => '9d3b617871b0e807ab09d4f5f4262683'
    '_identity' => '315de64354e447141d4474079587fddbf24651f74f13e00a13a49b181dda432ba:2:{i:0;s:9:\"_identity\";i:1;s:16:\"[1,null,2592000]\";}'
    '_csrf' => '1adaf367a9ec7a93677eebdbeb6a73dd9b267b7a7abc7f4b22924db38dce97d5a:2:{i:0;s:5:\"_csrf\";i:1;s:32:\"6BhXErzJjBCcCIMhTmWAswzv1fjio50G\";}'
]

$_SESSION = [
    '__flash' => []
    '__id' => 1
    '__authKey' => null
]

$_SERVER = [
    'DOCUMENT_ROOT' => 'D:\\laragon\\www\\EVERYDAYMART\\web'
    'REMOTE_ADDR' => '::1'
    'REMOTE_PORT' => '64848'
    'SERVER_SOFTWARE' => 'PHP/8.4.13 (Development Server)'
    'SERVER_PROTOCOL' => 'HTTP/1.1'
    'SERVER_NAME' => 'localhost'
    'SERVER_PORT' => '8080'
    'REQUEST_URI' => '/index.php?r=group%2Findex'
    'REQUEST_METHOD' => 'GET'
    'SCRIPT_NAME' => '/index.php'
    'SCRIPT_FILENAME' => 'D:\\laragon\\www\\EVERYDAYMART\\web\\index.php'
    'PHP_SELF' => '/index.php'
    'QUERY_STRING' => 'r=group%2Findex'
    'HTTP_HOST' => 'localhost:8080'
    'HTTP_CONNECTION' => 'keep-alive'
    'HTTP_CACHE_CONTROL' => 'max-age=0'
    'HTTP_UPGRADE_INSECURE_REQUESTS' => '1'
    'HTTP_USER_AGENT' => 'Mozilla/5.0 (Windows NT 10.0; Win64; x64) AppleWebKit/537.36 (KHTML, like Gecko) Code/1.133.0 Chrome/148.0.7778.280 Electron/42.8.0 Safari/537.36'
    'HTTP_ACCEPT' => 'text/html,application/xhtml+xml,application/xml;q=0.9,image/avif,image/webp,image/apng,*/*;q=0.8,application/signed-exchange;v=b3;q=0.7'
    'HTTP_SEC_FETCH_SITE' => 'same-origin'
    'HTTP_SEC_FETCH_MODE' => 'navigate'
    'HTTP_SEC_FETCH_USER' => '?1'
    'HTTP_SEC_FETCH_DEST' => 'document'
    'HTTP_REFERER' => 'http://localhost:8080/index.php?r=barang%2Findex'
    'HTTP_ACCEPT_ENCODING' => 'gzip, deflate, br, zstd'
    'HTTP_ACCEPT_LANGUAGE' => 'en-US'
    'HTTP_COOKIE' => 'PHPSESSID=9d3b617871b0e807ab09d4f5f4262683; _identity=315de64354e447141d4474079587fddbf24651f74f13e00a13a49b181dda432ba%3A2%3A%7Bi%3A0%3Bs%3A9%3A%22_identity%22%3Bi%3A1%3Bs%3A16%3A%22%5B1%2Cnull%2C2592000%5D%22%3B%7D; _csrf=1adaf367a9ec7a93677eebdbeb6a73dd9b267b7a7abc7f4b22924db38dce97d5a%3A2%3A%7Bi%3A0%3Bs%3A5%3A%22_csrf%22%3Bi%3A1%3Bs%3A32%3A%226BhXErzJjBCcCIMhTmWAswzv1fjio50G%22%3B%7D'
    'REQUEST_TIME_FLOAT' => 1787086588.841
    'REQUEST_TIME' => 1787086588
]
2026-08-19 03:56:51 [::1][1][9d3b617871b0e807ab09d4f5f4262683][error][yii\base\UnknownClassException] yii\base\UnknownClassException: Unable to find 'app\controllers\PembelianController' in file: D:\laragon\www\EVERYDAYMART/controllers/PembelianController.php. Namespace missing? in D:\laragon\www\EVERYDAYMART\vendor\yiisoft\yii2\BaseYii.php:299
Stack trace:
#0 [internal function]: yii\BaseYii::autoload('app\\controllers...')
#1 D:\laragon\www\EVERYDAYMART\vendor\yiisoft\yii2\base\Module.php(662): class_exists('app\\controllers...')
#2 D:\laragon\www\EVERYDAYMART\vendor\yiisoft\yii2\base\Module.php(618): yii\base\Module->createControllerByID('pembelian')
#3 D:\laragon\www\EVERYDAYMART\vendor\yiisoft\yii2\base\Module.php(542): yii\base\Module->createController('create')
#4 D:\laragon\www\EVERYDAYMART\vendor\yiisoft\yii2\web\Application.php(105): yii\base\Module->runAction('pembelian/creat...', Array)
#5 D:\laragon\www\EVERYDAYMART\vendor\yiisoft\yii2\base\Application.php(382): yii\web\Application->handleRequest(Object(yii\web\Request))
#6 D:\laragon\www\EVERYDAYMART\web\index.php(14): yii\base\Application->run()
#7 {main}
2026-08-19 03:56:51 [::1][1][9d3b617871b0e807ab09d4f5f4262683][info][application] $_GET = [
    'r' => 'pembelian/create'
]

$_POST = []

$_FILES = []

$_COOKIE = [
    'PHPSESSID' => '9d3b617871b0e807ab09d4f5f4262683'
    '_identity' => '315de64354e447141d4474079587fddbf24651f74f13e00a13a49b181dda432ba:2:{i:0;s:9:\"_identity\";i:1;s:16:\"[1,null,2592000]\";}'
    '_csrf' => '1adaf367a9ec7a93677eebdbeb6a73dd9b267b7a7abc7f4b22924db38dce97d5a:2:{i:0;s:5:\"_csrf\";i:1;s:32:\"6BhXErzJjBCcCIMhTmWAswzv1fjio50G\";}'
]

$_SESSION = [
    '__flash' => []
    '__id' => 1
    '__authKey' => null
]

$_SERVER = [
    'DOCUMENT_ROOT' => 'D:\\laragon\\www\\EVERYDAYMART\\web'
    'REMOTE_ADDR' => '::1'
    'REMOTE_PORT' => '62202'
    'SERVER_SOFTWARE' => 'PHP/8.4.13 (Development Server)'
    'SERVER_PROTOCOL' => 'HTTP/1.1'
    'SERVER_NAME' => 'localhost'
    'SERVER_PORT' => '8080'
    'REQUEST_URI' => '/index.php?r=pembelian%2Fcreate'
    'REQUEST_METHOD' => 'GET'
    'SCRIPT_NAME' => '/index.php'
    'SCRIPT_FILENAME' => 'D:\\laragon\\www\\EVERYDAYMART\\web\\index.php'
    'PHP_SELF' => '/index.php'
    'QUERY_STRING' => 'r=pembelian%2Fcreate'
    'HTTP_HOST' => 'localhost:8080'
    'HTTP_CONNECTION' => 'keep-alive'
    'HTTP_UPGRADE_INSECURE_REQUESTS' => '1'
    'HTTP_USER_AGENT' => 'Mozilla/5.0 (Windows NT 10.0; Win64; x64) AppleWebKit/537.36 (KHTML, like Gecko) Code/1.133.0 Chrome/148.0.7778.280 Electron/42.8.0 Safari/537.36'
    'HTTP_ACCEPT' => 'text/html,application/xhtml+xml,application/xml;q=0.9,image/avif,image/webp,image/apng,*/*;q=0.8,application/signed-exchange;v=b3;q=0.7'
    'HTTP_SEC_FETCH_SITE' => 'same-origin'
    'HTTP_SEC_FETCH_MODE' => 'navigate'
    'HTTP_SEC_FETCH_USER' => '?1'
    'HTTP_SEC_FETCH_DEST' => 'document'
    'HTTP_REFERER' => 'http://localhost:8080/index.php?r=group%2Findex'
    'HTTP_ACCEPT_ENCODING' => 'gzip, deflate, br, zstd'
    'HTTP_ACCEPT_LANGUAGE' => 'en-US'
    'HTTP_COOKIE' => 'PHPSESSID=9d3b617871b0e807ab09d4f5f4262683; _identity=315de64354e447141d4474079587fddbf24651f74f13e00a13a49b181dda432ba%3A2%3A%7Bi%3A0%3Bs%3A9%3A%22_identity%22%3Bi%3A1%3Bs%3A16%3A%22%5B1%2Cnull%2C2592000%5D%22%3B%7D; _csrf=1adaf367a9ec7a93677eebdbeb6a73dd9b267b7a7abc7f4b22924db38dce97d5a%3A2%3A%7Bi%3A0%3Bs%3A5%3A%22_csrf%22%3Bi%3A1%3Bs%3A32%3A%226BhXErzJjBCcCIMhTmWAswzv1fjio50G%22%3B%7D'
    'REQUEST_TIME_FLOAT' => 1787086611.479
    'REQUEST_TIME' => 1787086611
]
2026-08-19 03:59:13 [::1][1][9d3b617871b0e807ab09d4f5f4262683][error][yii\base\ViewNotFoundException] yii\base\ViewNotFoundException: The view file does not exist: D:\laragon\www\EVERYDAYMART\views\pembelian\create.php in D:\laragon\www\EVERYDAYMART\vendor\yiisoft\yii2\base\View.php:233
Stack trace:
#0 D:\laragon\www\EVERYDAYMART\vendor\yiisoft\yii2\base\View.php(156): yii\base\View->renderFile('D:\\laragon\\www\\...', Array, Object(app\controllers\PembelianController))
#1 D:\laragon\www\EVERYDAYMART\vendor\yiisoft\yii2\base\Controller.php(423): yii\base\View->render('create', Array, Object(app\controllers\PembelianController))
#2 D:\laragon\www\EVERYDAYMART\controllers\PembelianController.php(91): yii\base\Controller->render('create')
#3 [internal function]: app\controllers\PembelianController->actionCreate()
#4 D:\laragon\www\EVERYDAYMART\vendor\yiisoft\yii2\base\InlineAction.php(60): call_user_func_array(Array, Array)
#5 D:\laragon\www\EVERYDAYMART\vendor\yiisoft\yii2\base\Controller.php(182): yii\base\InlineAction->runWithParams(Array)
#6 D:\laragon\www\EVERYDAYMART\vendor\yiisoft\yii2\base\Module.php(547): yii\base\Controller->runAction('create', Array)
#7 D:\laragon\www\EVERYDAYMART\vendor\yiisoft\yii2\web\Application.php(105): yii\base\Module->runAction('pembelian/creat...', Array)
#8 D:\laragon\www\EVERYDAYMART\vendor\yiisoft\yii2\base\Application.php(382): yii\web\Application->handleRequest(Object(yii\web\Request))
#9 D:\laragon\www\EVERYDAYMART\web\index.php(14): yii\base\Application->run()
#10 {main}
2026-08-19 03:59:12 [::1][1][9d3b617871b0e807ab09d4f5f4262683][info][application] $_GET = [
    'r' => 'pembelian/create'
]

$_POST = []

$_FILES = []

$_COOKIE = [
    'PHPSESSID' => '9d3b617871b0e807ab09d4f5f4262683'
    '_identity' => '315de64354e447141d4474079587fddbf24651f74f13e00a13a49b181dda432ba:2:{i:0;s:9:\"_identity\";i:1;s:16:\"[1,null,2592000]\";}'
    '_csrf' => '1adaf367a9ec7a93677eebdbeb6a73dd9b267b7a7abc7f4b22924db38dce97d5a:2:{i:0;s:5:\"_csrf\";i:1;s:32:\"6BhXErzJjBCcCIMhTmWAswzv1fjio50G\";}'
]

$_SESSION = [
    '__flash' => []
    '__id' => 1
    '__authKey' => null
]

$_SERVER = [
    'DOCUMENT_ROOT' => 'D:\\laragon\\www\\EVERYDAYMART\\web'
    'REMOTE_ADDR' => '::1'
    'REMOTE_PORT' => '56619'
    'SERVER_SOFTWARE' => 'PHP/8.4.13 (Development Server)'
    'SERVER_PROTOCOL' => 'HTTP/1.1'
    'SERVER_NAME' => 'localhost'
    'SERVER_PORT' => '8080'
    'REQUEST_URI' => '/index.php?r=pembelian%2Fcreate'
    'REQUEST_METHOD' => 'GET'
    'SCRIPT_NAME' => '/index.php'
    'SCRIPT_FILENAME' => 'D:\\laragon\\www\\EVERYDAYMART\\web\\index.php'
    'PHP_SELF' => '/index.php'
    'QUERY_STRING' => 'r=pembelian%2Fcreate'
    'HTTP_HOST' => 'localhost:8080'
    'HTTP_CONNECTION' => 'keep-alive'
    'HTTP_CACHE_CONTROL' => 'max-age=0'
    'HTTP_UPGRADE_INSECURE_REQUESTS' => '1'
    'HTTP_USER_AGENT' => 'Mozilla/5.0 (Windows NT 10.0; Win64; x64) AppleWebKit/537.36 (KHTML, like Gecko) Code/1.133.0 Chrome/148.0.7778.280 Electron/42.8.0 Safari/537.36'
    'HTTP_ACCEPT' => 'text/html,application/xhtml+xml,application/xml;q=0.9,image/avif,image/webp,image/apng,*/*;q=0.8,application/signed-exchange;v=b3;q=0.7'
    'HTTP_SEC_FETCH_SITE' => 'same-origin'
    'HTTP_SEC_FETCH_MODE' => 'navigate'
    'HTTP_SEC_FETCH_USER' => '?1'
    'HTTP_SEC_FETCH_DEST' => 'document'
    'HTTP_REFERER' => 'http://localhost:8080/index.php?r=group%2Findex'
    'HTTP_ACCEPT_ENCODING' => 'gzip, deflate, br, zstd'
    'HTTP_ACCEPT_LANGUAGE' => 'en-US'
    'HTTP_COOKIE' => 'PHPSESSID=9d3b617871b0e807ab09d4f5f4262683; _identity=315de64354e447141d4474079587fddbf24651f74f13e00a13a49b181dda432ba%3A2%3A%7Bi%3A0%3Bs%3A9%3A%22_identity%22%3Bi%3A1%3Bs%3A16%3A%22%5B1%2Cnull%2C2592000%5D%22%3B%7D; _csrf=1adaf367a9ec7a93677eebdbeb6a73dd9b267b7a7abc7f4b22924db38dce97d5a%3A2%3A%7Bi%3A0%3Bs%3A5%3A%22_csrf%22%3Bi%3A1%3Bs%3A32%3A%226BhXErzJjBCcCIMhTmWAswzv1fjio50G%22%3B%7D'
    'REQUEST_TIME_FLOAT' => 1787086752.3845
    'REQUEST_TIME' => 1787086752
]
2026-08-19 04:03:47 [::1][1][9d3b617871b0e807ab09d4f5f4262683][error][yii\base\ViewNotFoundException] yii\base\ViewNotFoundException: The view file does not exist: D:\laragon\www\EVERYDAYMART\views\pembelian\create.php in D:\laragon\www\EVERYDAYMART\vendor\yiisoft\yii2\base\View.php:233
Stack trace:
#0 D:\laragon\www\EVERYDAYMART\vendor\yiisoft\yii2\base\View.php(156): yii\base\View->renderFile('D:\\laragon\\www\\...', Array, Object(app\controllers\PembelianController))
#1 D:\laragon\www\EVERYDAYMART\vendor\yiisoft\yii2\base\Controller.php(423): yii\base\View->render('create', Array, Object(app\controllers\PembelianController))
#2 D:\laragon\www\EVERYDAYMART\controllers\PembelianController.php(147): yii\base\Controller->render('create', Array)
#3 [internal function]: app\controllers\PembelianController->actionCreate()
#4 D:\laragon\www\EVERYDAYMART\vendor\yiisoft\yii2\base\InlineAction.php(60): call_user_func_array(Array, Array)
#5 D:\laragon\www\EVERYDAYMART\vendor\yiisoft\yii2\base\Controller.php(182): yii\base\InlineAction->runWithParams(Array)
#6 D:\laragon\www\EVERYDAYMART\vendor\yiisoft\yii2\base\Module.php(547): yii\base\Controller->runAction('create', Array)
#7 D:\laragon\www\EVERYDAYMART\vendor\yiisoft\yii2\web\Application.php(105): yii\base\Module->runAction('pembelian/creat...', Array)
#8 D:\laragon\www\EVERYDAYMART\vendor\yiisoft\yii2\base\Application.php(382): yii\web\Application->handleRequest(Object(yii\web\Request))
#9 D:\laragon\www\EVERYDAYMART\web\index.php(14): yii\base\Application->run()
#10 {main}
2026-08-19 04:03:47 [::1][1][9d3b617871b0e807ab09d4f5f4262683][info][application] $_GET = [
    'r' => 'pembelian/create'
]

$_POST = []

$_FILES = []

$_COOKIE = [
    'PHPSESSID' => '9d3b617871b0e807ab09d4f5f4262683'
    '_identity' => '315de64354e447141d4474079587fddbf24651f74f13e00a13a49b181dda432ba:2:{i:0;s:9:\"_identity\";i:1;s:16:\"[1,null,2592000]\";}'
    '_csrf' => '1adaf367a9ec7a93677eebdbeb6a73dd9b267b7a7abc7f4b22924db38dce97d5a:2:{i:0;s:5:\"_csrf\";i:1;s:32:\"6BhXErzJjBCcCIMhTmWAswzv1fjio50G\";}'
]

$_SESSION = [
    '__flash' => []
    '__id' => 1
    '__authKey' => null
]

$_SERVER = [
    'DOCUMENT_ROOT' => 'D:\\laragon\\www\\EVERYDAYMART\\web'
    'REMOTE_ADDR' => '::1'
    'REMOTE_PORT' => '50469'
    'SERVER_SOFTWARE' => 'PHP/8.4.13 (Development Server)'
    'SERVER_PROTOCOL' => 'HTTP/1.1'
    'SERVER_NAME' => 'localhost'
    'SERVER_PORT' => '8080'
    'REQUEST_URI' => '/index.php?r=pembelian%2Fcreate'
    'REQUEST_METHOD' => 'GET'
    'SCRIPT_NAME' => '/index.php'
    'SCRIPT_FILENAME' => 'D:\\laragon\\www\\EVERYDAYMART\\web\\index.php'
    'PHP_SELF' => '/index.php'
    'QUERY_STRING' => 'r=pembelian%2Fcreate'
    'HTTP_HOST' => 'localhost:8080'
    'HTTP_CONNECTION' => 'keep-alive'
    'HTTP_CACHE_CONTROL' => 'max-age=0'
    'HTTP_UPGRADE_INSECURE_REQUESTS' => '1'
    'HTTP_USER_AGENT' => 'Mozilla/5.0 (Windows NT 10.0; Win64; x64) AppleWebKit/537.36 (KHTML, like Gecko) Code/1.133.0 Chrome/148.0.7778.280 Electron/42.8.0 Safari/537.36'
    'HTTP_ACCEPT' => 'text/html,application/xhtml+xml,application/xml;q=0.9,image/avif,image/webp,image/apng,*/*;q=0.8,application/signed-exchange;v=b3;q=0.7'
    'HTTP_SEC_FETCH_SITE' => 'same-origin'
    'HTTP_SEC_FETCH_MODE' => 'navigate'
    'HTTP_SEC_FETCH_USER' => '?1'
    'HTTP_SEC_FETCH_DEST' => 'document'
    'HTTP_REFERER' => 'http://localhost:8080/index.php?r=group%2Findex'
    'HTTP_ACCEPT_ENCODING' => 'gzip, deflate, br, zstd'
    'HTTP_ACCEPT_LANGUAGE' => 'en-US'
    'HTTP_COOKIE' => 'PHPSESSID=9d3b617871b0e807ab09d4f5f4262683; _identity=315de64354e447141d4474079587fddbf24651f74f13e00a13a49b181dda432ba%3A2%3A%7Bi%3A0%3Bs%3A9%3A%22_identity%22%3Bi%3A1%3Bs%3A16%3A%22%5B1%2Cnull%2C2592000%5D%22%3B%7D; _csrf=1adaf367a9ec7a93677eebdbeb6a73dd9b267b7a7abc7f4b22924db38dce97d5a%3A2%3A%7Bi%3A0%3Bs%3A5%3A%22_csrf%22%3Bi%3A1%3Bs%3A32%3A%226BhXErzJjBCcCIMhTmWAswzv1fjio50G%22%3B%7D'
    'REQUEST_TIME_FLOAT' => 1787087027.4919
    'REQUEST_TIME' => 1787087027
]
2026-08-19 04:05:54 [::1][1][9d3b617871b0e807ab09d4f5f4262683][error][yii\base\UnknownPropertyException] yii\base\UnknownPropertyException: Getting unknown property: app\models\Barang::stok in D:\laragon\www\EVERYDAYMART\vendor\yiisoft\yii2\base\Component.php:157
Stack trace:
#0 D:\laragon\www\EVERYDAYMART\vendor\yiisoft\yii2\db\BaseActiveRecord.php(295): yii\base\Component->__get('stok')
#1 D:\laragon\www\EVERYDAYMART\views\pembelian\create.php(123): yii\db\BaseActiveRecord->__get('stok')
#2 D:\laragon\www\EVERYDAYMART\vendor\yiisoft\yii2\base\View.php(345): require('D:\\laragon\\www\\...')
#3 [internal function]: yii\base\View->{closure:yii\base\View::renderPhpFile():343}('D:\\laragon\\www\\...', Array)
#4 D:\laragon\www\EVERYDAYMART\vendor\yiisoft\yii2\base\View.php(350): call_user_func_array(Object(Closure), Array)
#5 D:\laragon\www\EVERYDAYMART\vendor\yiisoft\yii2\base\View.php(257): yii\base\View->renderPhpFile('D:\\laragon\\www\\...', Array)
#6 D:\laragon\www\EVERYDAYMART\vendor\yiisoft\yii2\base\View.php(156): yii\base\View->renderFile('D:\\laragon\\www\\...', Array, Object(app\controllers\PembelianController))
#7 D:\laragon\www\EVERYDAYMART\vendor\yiisoft\yii2\base\Controller.php(423): yii\base\View->render('create', Array, Object(app\controllers\PembelianController))
#8 D:\laragon\www\EVERYDAYMART\controllers\PembelianController.php(147): yii\base\Controller->render('create', Array)
#9 [internal function]: app\controllers\PembelianController->actionCreate()
#10 D:\laragon\www\EVERYDAYMART\vendor\yiisoft\yii2\base\InlineAction.php(60): call_user_func_array(Array, Array)
#11 D:\laragon\www\EVERYDAYMART\vendor\yiisoft\yii2\base\Controller.php(182): yii\base\InlineAction->runWithParams(Array)
#12 D:\laragon\www\EVERYDAYMART\vendor\yiisoft\yii2\base\Module.php(547): yii\base\Controller->runAction('create', Array)
#13 D:\laragon\www\EVERYDAYMART\vendor\yiisoft\yii2\web\Application.php(105): yii\base\Module->runAction('pembelian/creat...', Array)
#14 D:\laragon\www\EVERYDAYMART\vendor\yiisoft\yii2\base\Application.php(382): yii\web\Application->handleRequest(Object(yii\web\Request))
#15 D:\laragon\www\EVERYDAYMART\web\index.php(14): yii\base\Application->run()
#16 {main}
2026-08-19 04:05:53 [::1][1][9d3b617871b0e807ab09d4f5f4262683][info][application] $_GET = [
    'r' => 'pembelian/create'
]

$_POST = []

$_FILES = []

$_COOKIE = [
    'PHPSESSID' => '9d3b617871b0e807ab09d4f5f4262683'
    '_identity' => '315de64354e447141d4474079587fddbf24651f74f13e00a13a49b181dda432ba:2:{i:0;s:9:\"_identity\";i:1;s:16:\"[1,null,2592000]\";}'
    '_csrf' => '1adaf367a9ec7a93677eebdbeb6a73dd9b267b7a7abc7f4b22924db38dce97d5a:2:{i:0;s:5:\"_csrf\";i:1;s:32:\"6BhXErzJjBCcCIMhTmWAswzv1fjio50G\";}'
]

$_SESSION = [
    '__flash' => []
    '__id' => 1
    '__authKey' => null
]

$_SERVER = [
    'DOCUMENT_ROOT' => 'D:\\laragon\\www\\EVERYDAYMART\\web'
    'REMOTE_ADDR' => '::1'
    'REMOTE_PORT' => '61044'
    'SERVER_SOFTWARE' => 'PHP/8.4.13 (Development Server)'
    'SERVER_PROTOCOL' => 'HTTP/1.1'
    'SERVER_NAME' => 'localhost'
    'SERVER_PORT' => '8080'
    'REQUEST_URI' => '/index.php?r=pembelian%2Fcreate'
    'REQUEST_METHOD' => 'GET'
    'SCRIPT_NAME' => '/index.php'
    'SCRIPT_FILENAME' => 'D:\\laragon\\www\\EVERYDAYMART\\web\\index.php'
    'PHP_SELF' => '/index.php'
    'QUERY_STRING' => 'r=pembelian%2Fcreate'
    'HTTP_HOST' => 'localhost:8080'
    'HTTP_CONNECTION' => 'keep-alive'
    'HTTP_CACHE_CONTROL' => 'max-age=0'
    'HTTP_UPGRADE_INSECURE_REQUESTS' => '1'
    'HTTP_USER_AGENT' => 'Mozilla/5.0 (Windows NT 10.0; Win64; x64) AppleWebKit/537.36 (KHTML, like Gecko) Code/1.133.0 Chrome/148.0.7778.280 Electron/42.8.0 Safari/537.36'
    'HTTP_ACCEPT' => 'text/html,application/xhtml+xml,application/xml;q=0.9,image/avif,image/webp,image/apng,*/*;q=0.8,application/signed-exchange;v=b3;q=0.7'
    'HTTP_SEC_FETCH_SITE' => 'same-origin'
    'HTTP_SEC_FETCH_MODE' => 'navigate'
    'HTTP_SEC_FETCH_USER' => '?1'
    'HTTP_SEC_FETCH_DEST' => 'document'
    'HTTP_REFERER' => 'http://localhost:8080/index.php?r=group%2Findex'
    'HTTP_ACCEPT_ENCODING' => 'gzip, deflate, br, zstd'
    'HTTP_ACCEPT_LANGUAGE' => 'en-US'
    'HTTP_COOKIE' => 'PHPSESSID=9d3b617871b0e807ab09d4f5f4262683; _identity=315de64354e447141d4474079587fddbf24651f74f13e00a13a49b181dda432ba%3A2%3A%7Bi%3A0%3Bs%3A9%3A%22_identity%22%3Bi%3A1%3Bs%3A16%3A%22%5B1%2Cnull%2C2592000%5D%22%3B%7D; _csrf=1adaf367a9ec7a93677eebdbeb6a73dd9b267b7a7abc7f4b22924db38dce97d5a%3A2%3A%7Bi%3A0%3Bs%3A5%3A%22_csrf%22%3Bi%3A1%3Bs%3A32%3A%226BhXErzJjBCcCIMhTmWAswzv1fjio50G%22%3B%7D'
    'REQUEST_TIME_FLOAT' => 1787087153.4082
    'REQUEST_TIME' => 1787087153
]
2026-08-19 04:15:18 [::1][1][9d3b617871b0e807ab09d4f5f4262683][error][yii\base\UnknownPropertyException] yii\base\UnknownPropertyException: Setting unknown property: app\models\Barang::stok in D:\laragon\www\EVERYDAYMART\vendor\yiisoft\yii2\base\Component.php:224
Stack trace:
#0 D:\laragon\www\EVERYDAYMART\vendor\yiisoft\yii2\db\BaseActiveRecord.php(321): yii\base\Component->__set('stok', 0)
#1 D:\laragon\www\EVERYDAYMART\controllers\BarangController.php(73): yii\db\BaseActiveRecord->__set('stok', 0)
#2 [internal function]: app\controllers\BarangController->actionCreate()
#3 D:\laragon\www\EVERYDAYMART\vendor\yiisoft\yii2\base\InlineAction.php(60): call_user_func_array(Array, Array)
#4 D:\laragon\www\EVERYDAYMART\vendor\yiisoft\yii2\base\Controller.php(182): yii\base\InlineAction->runWithParams(Array)
#5 D:\laragon\www\EVERYDAYMART\vendor\yiisoft\yii2\base\Module.php(547): yii\base\Controller->runAction('create', Array)
#6 D:\laragon\www\EVERYDAYMART\vendor\yiisoft\yii2\web\Application.php(105): yii\base\Module->runAction('barang/create', Array)
#7 D:\laragon\www\EVERYDAYMART\vendor\yiisoft\yii2\base\Application.php(382): yii\web\Application->handleRequest(Object(yii\web\Request))
#8 D:\laragon\www\EVERYDAYMART\web\index.php(14): yii\base\Application->run()
#9 {main}
2026-08-19 04:15:17 [::1][1][9d3b617871b0e807ab09d4f5f4262683][info][application] $_GET = [
    'r' => 'barang/create'
]

$_POST = []

$_FILES = []

$_COOKIE = [
    'PHPSESSID' => '9d3b617871b0e807ab09d4f5f4262683'
    '_identity' => '315de64354e447141d4474079587fddbf24651f74f13e00a13a49b181dda432ba:2:{i:0;s:9:\"_identity\";i:1;s:16:\"[1,null,2592000]\";}'
    '_csrf' => '1adaf367a9ec7a93677eebdbeb6a73dd9b267b7a7abc7f4b22924db38dce97d5a:2:{i:0;s:5:\"_csrf\";i:1;s:32:\"6BhXErzJjBCcCIMhTmWAswzv1fjio50G\";}'
]

$_SESSION = [
    '__flash' => []
    '__id' => 1
    '__authKey' => null
]

$_SERVER = [
    'DOCUMENT_ROOT' => 'D:\\laragon\\www\\EVERYDAYMART\\web'
    'REMOTE_ADDR' => '::1'
    'REMOTE_PORT' => '50006'
    'SERVER_SOFTWARE' => 'PHP/8.4.13 (Development Server)'
    'SERVER_PROTOCOL' => 'HTTP/1.1'
    'SERVER_NAME' => 'localhost'
    'SERVER_PORT' => '8080'
    'REQUEST_URI' => '/index.php?r=barang%2Fcreate'
    'REQUEST_METHOD' => 'GET'
    'SCRIPT_NAME' => '/index.php'
    'SCRIPT_FILENAME' => 'D:\\laragon\\www\\EVERYDAYMART\\web\\index.php'
    'PHP_SELF' => '/index.php'
    'QUERY_STRING' => 'r=barang%2Fcreate'
    'HTTP_HOST' => 'localhost:8080'
    'HTTP_CONNECTION' => 'keep-alive'
    'HTTP_CACHE_CONTROL' => 'max-age=0'
    'HTTP_UPGRADE_INSECURE_REQUESTS' => '1'
    'HTTP_USER_AGENT' => 'Mozilla/5.0 (Windows NT 10.0; Win64; x64) AppleWebKit/537.36 (KHTML, like Gecko) Code/1.133.0 Chrome/148.0.7778.280 Electron/42.8.0 Safari/537.36'
    'HTTP_ACCEPT' => 'text/html,application/xhtml+xml,application/xml;q=0.9,image/avif,image/webp,image/apng,*/*;q=0.8,application/signed-exchange;v=b3;q=0.7'
    'HTTP_SEC_FETCH_SITE' => 'same-origin'
    'HTTP_SEC_FETCH_MODE' => 'navigate'
    'HTTP_SEC_FETCH_USER' => '?1'
    'HTTP_SEC_FETCH_DEST' => 'document'
    'HTTP_REFERER' => 'http://localhost:8080/index.php?r=barang%2Findex'
    'HTTP_ACCEPT_ENCODING' => 'gzip, deflate, br, zstd'
    'HTTP_ACCEPT_LANGUAGE' => 'en-US'
    'HTTP_COOKIE' => 'PHPSESSID=9d3b617871b0e807ab09d4f5f4262683; _identity=315de64354e447141d4474079587fddbf24651f74f13e00a13a49b181dda432ba%3A2%3A%7Bi%3A0%3Bs%3A9%3A%22_identity%22%3Bi%3A1%3Bs%3A16%3A%22%5B1%2Cnull%2C2592000%5D%22%3B%7D; _csrf=1adaf367a9ec7a93677eebdbeb6a73dd9b267b7a7abc7f4b22924db38dce97d5a%3A2%3A%7Bi%3A0%3Bs%3A5%3A%22_csrf%22%3Bi%3A1%3Bs%3A32%3A%226BhXErzJjBCcCIMhTmWAswzv1fjio50G%22%3B%7D'
    'REQUEST_TIME_FLOAT' => 1787087717.8023
    'REQUEST_TIME' => 1787087717
]
2026-08-19 04:35:54 [::1][4][ab0abd8e6fa2b73bb2c0bb5e2ace9048][error][Error] Error: Class "app\models\Pembelian" not found in D:\laragon\www\EVERYDAYMART\controllers\PembelianController.php:72
Stack trace:
#0 [internal function]: app\controllers\PembelianController->actionCreate()
#1 D:\laragon\www\EVERYDAYMART\vendor\yiisoft\yii2\base\InlineAction.php(60): call_user_func_array(Array, Array)
#2 D:\laragon\www\EVERYDAYMART\vendor\yiisoft\yii2\base\Controller.php(182): yii\base\InlineAction->runWithParams(Array)
#3 D:\laragon\www\EVERYDAYMART\vendor\yiisoft\yii2\base\Module.php(547): yii\base\Controller->runAction('create', Array)
#4 D:\laragon\www\EVERYDAYMART\vendor\yiisoft\yii2\web\Application.php(105): yii\base\Module->runAction('pembelian/creat...', Array)
#5 D:\laragon\www\EVERYDAYMART\vendor\yiisoft\yii2\base\Application.php(382): yii\web\Application->handleRequest(Object(yii\web\Request))
#6 D:\laragon\www\EVERYDAYMART\web\index.php(14): yii\base\Application->run()
#7 {main}
2026-08-19 04:35:54 [::1][4][ab0abd8e6fa2b73bb2c0bb5e2ace9048][info][application] $_GET = [
    'r' => 'pembelian/create'
]

$_POST = [
    '_csrf' => 'YP2-XP_NvzuQG0_X0N9jluW1LFv7gwfHLKz0DmjUXaQav_Ypt73TDL0tHr-S6BnfpupWYqLUU6pqm4JrN-cllw=='
    'supplier' => 'gudang1'
    'tanggal' => '2026-08-19'
    'items' => [
        0 => [
            'barang_id' => '13'
            'jumlah' => '200'
            'harga_beli' => '300000'
            'expired_date' => ''
        ]
    ]
]

$_FILES = []

$_COOKIE = [
    'PHPSESSID' => 'ab0abd8e6fa2b73bb2c0bb5e2ace9048'
    '_identity' => 'ac2c463fcf96c34dec487364b83ebcc70e8c43ec24234321a22daa27b4cd3322a:2:{i:0;s:9:\"_identity\";i:1;s:16:\"[4,null,2592000]\";}'
    '_csrf' => '9f240a8aaf4e8784bd061e623e60f5816dfa48a1cda8abb9814145456680a89ba:2:{i:0;s:5:\"_csrf\";i:1;s:32:\"zBHuHpl7-6QhB7zIC_z9YWTmF7ve_3x3\";}'
]

$_SESSION = [
    '__flash' => []
    '__id' => 4
    '__authKey' => null
]

$_SERVER = [
    'DOCUMENT_ROOT' => 'D:\\laragon\\www\\EVERYDAYMART\\web'
    'REMOTE_ADDR' => '::1'
    'REMOTE_PORT' => '61094'
    'SERVER_SOFTWARE' => 'PHP/8.4.13 (Development Server)'
    'SERVER_PROTOCOL' => 'HTTP/1.1'
    'SERVER_NAME' => 'localhost'
    'SERVER_PORT' => '8080'
    'REQUEST_URI' => '/index.php?r=pembelian%2Fcreate'
    'REQUEST_METHOD' => 'POST'
    'SCRIPT_NAME' => '/index.php'
    'SCRIPT_FILENAME' => 'D:\\laragon\\www\\EVERYDAYMART\\web\\index.php'
    'PHP_SELF' => '/index.php'
    'QUERY_STRING' => 'r=pembelian%2Fcreate'
    'HTTP_HOST' => 'localhost:8080'
    'HTTP_CONNECTION' => 'keep-alive'
    'CONTENT_LENGTH' => '262'
    'HTTP_CONTENT_LENGTH' => '262'
    'HTTP_CACHE_CONTROL' => 'max-age=0'
    'HTTP_UPGRADE_INSECURE_REQUESTS' => '1'
    'CONTENT_TYPE' => 'application/x-www-form-urlencoded'
    'HTTP_CONTENT_TYPE' => 'application/x-www-form-urlencoded'
    'HTTP_USER_AGENT' => 'Mozilla/5.0 (Windows NT 10.0; Win64; x64) AppleWebKit/537.36 (KHTML, like Gecko) Code/1.133.0 Chrome/148.0.7778.280 Electron/42.8.0 Safari/537.36'
    'HTTP_ORIGIN' => 'http://localhost:8080'
    'HTTP_ACCEPT' => 'text/html,application/xhtml+xml,application/xml;q=0.9,image/avif,image/webp,image/apng,*/*;q=0.8,application/signed-exchange;v=b3;q=0.7'
    'HTTP_SEC_FETCH_SITE' => 'same-origin'
    'HTTP_SEC_FETCH_MODE' => 'navigate'
    'HTTP_SEC_FETCH_USER' => '?1'
    'HTTP_SEC_FETCH_DEST' => 'document'
    'HTTP_REFERER' => 'http://localhost:8080/index.php?r=pembelian%2Fcreate'
    'HTTP_ACCEPT_ENCODING' => 'gzip, deflate, br, zstd'
    'HTTP_ACCEPT_LANGUAGE' => 'en-US'
    'HTTP_COOKIE' => 'PHPSESSID=ab0abd8e6fa2b73bb2c0bb5e2ace9048; _identity=ac2c463fcf96c34dec487364b83ebcc70e8c43ec24234321a22daa27b4cd3322a%3A2%3A%7Bi%3A0%3Bs%3A9%3A%22_identity%22%3Bi%3A1%3Bs%3A16%3A%22%5B4%2Cnull%2C2592000%5D%22%3B%7D; _csrf=9f240a8aaf4e8784bd061e623e60f5816dfa48a1cda8abb9814145456680a89ba%3A2%3A%7Bi%3A0%3Bs%3A5%3A%22_csrf%22%3Bi%3A1%3Bs%3A32%3A%22zBHuHpl7-6QhB7zIC_z9YWTmF7ve_3x3%22%3B%7D'
    'REQUEST_TIME_FLOAT' => 1787088954.1989
    'REQUEST_TIME' => 1787088954
]
2026-08-19 04:38:05 [::1][4][ab0abd8e6fa2b73bb2c0bb5e2ace9048][error][Error] Error: Class "app\models\PembelianDetail" not found in D:\laragon\www\EVERYDAYMART\controllers\PembelianController.php:99
Stack trace:
#0 [internal function]: app\controllers\PembelianController->actionCreate()
#1 D:\laragon\www\EVERYDAYMART\vendor\yiisoft\yii2\base\InlineAction.php(60): call_user_func_array(Array, Array)
#2 D:\laragon\www\EVERYDAYMART\vendor\yiisoft\yii2\base\Controller.php(182): yii\base\InlineAction->runWithParams(Array)
#3 D:\laragon\www\EVERYDAYMART\vendor\yiisoft\yii2\base\Module.php(547): yii\base\Controller->runAction('create', Array)
#4 D:\laragon\www\EVERYDAYMART\vendor\yiisoft\yii2\web\Application.php(105): yii\base\Module->runAction('pembelian/creat...', Array)
#5 D:\laragon\www\EVERYDAYMART\vendor\yiisoft\yii2\base\Application.php(382): yii\web\Application->handleRequest(Object(yii\web\Request))
#6 D:\laragon\www\EVERYDAYMART\web\index.php(14): yii\base\Application->run()
#7 {main}
2026-08-19 04:38:05 [::1][4][ab0abd8e6fa2b73bb2c0bb5e2ace9048][info][application] $_GET = [
    'r' => 'pembelian/create'
]

$_POST = [
    '_csrf' => 'H84PBj203HsHAPV2umiHr9cfsP1gJKVncLaoTJlN4MhljEdzdcSwTCo2pB74X_3mlEDKxDlz8Qo2gd4pxn6Y-w=='
    'supplier' => 'gudang1'
    'tanggal' => '2026-08-19'
    'items' => [
        0 => [
            'barang_id' => '13'
            'jumlah' => '200'
            'harga_beli' => '300000'
            'expired_date' => ''
        ]
    ]
]

$_FILES = []

$_COOKIE = [
    'PHPSESSID' => 'ab0abd8e6fa2b73bb2c0bb5e2ace9048'
    '_identity' => 'ac2c463fcf96c34dec487364b83ebcc70e8c43ec24234321a22daa27b4cd3322a:2:{i:0;s:9:\"_identity\";i:1;s:16:\"[4,null,2592000]\";}'
    '_csrf' => '9f240a8aaf4e8784bd061e623e60f5816dfa48a1cda8abb9814145456680a89ba:2:{i:0;s:5:\"_csrf\";i:1;s:32:\"zBHuHpl7-6QhB7zIC_z9YWTmF7ve_3x3\";}'
]

$_SESSION = [
    '__flash' => []
    '__id' => 4
    '__authKey' => null
]

$_SERVER = [
    'DOCUMENT_ROOT' => 'D:\\laragon\\www\\EVERYDAYMART\\web'
    'REMOTE_ADDR' => '::1'
    'REMOTE_PORT' => '51703'
    'SERVER_SOFTWARE' => 'PHP/8.4.13 (Development Server)'
    'SERVER_PROTOCOL' => 'HTTP/1.1'
    'SERVER_NAME' => 'localhost'
    'SERVER_PORT' => '8080'
    'REQUEST_URI' => '/index.php?r=pembelian%2Fcreate'
    'REQUEST_METHOD' => 'POST'
    'SCRIPT_NAME' => '/index.php'
    'SCRIPT_FILENAME' => 'D:\\laragon\\www\\EVERYDAYMART\\web\\index.php'
    'PHP_SELF' => '/index.php'
    'QUERY_STRING' => 'r=pembelian%2Fcreate'
    'HTTP_HOST' => 'localhost:8080'
    'HTTP_CONNECTION' => 'keep-alive'
    'CONTENT_LENGTH' => '262'
    'HTTP_CONTENT_LENGTH' => '262'
    'HTTP_CACHE_CONTROL' => 'max-age=0'
    'HTTP_UPGRADE_INSECURE_REQUESTS' => '1'
    'CONTENT_TYPE' => 'application/x-www-form-urlencoded'
    'HTTP_CONTENT_TYPE' => 'application/x-www-form-urlencoded'
    'HTTP_USER_AGENT' => 'Mozilla/5.0 (Windows NT 10.0; Win64; x64) AppleWebKit/537.36 (KHTML, like Gecko) Code/1.133.0 Chrome/148.0.7778.280 Electron/42.8.0 Safari/537.36'
    'HTTP_ORIGIN' => 'http://localhost:8080'
    'HTTP_ACCEPT' => 'text/html,application/xhtml+xml,application/xml;q=0.9,image/avif,image/webp,image/apng,*/*;q=0.8,application/signed-exchange;v=b3;q=0.7'
    'HTTP_SEC_FETCH_SITE' => 'same-origin'
    'HTTP_SEC_FETCH_MODE' => 'navigate'
    'HTTP_SEC_FETCH_USER' => '?1'
    'HTTP_SEC_FETCH_DEST' => 'document'
    'HTTP_REFERER' => 'http://localhost:8080/index.php?r=pembelian%2Fcreate'
    'HTTP_ACCEPT_ENCODING' => 'gzip, deflate, br, zstd'
    'HTTP_ACCEPT_LANGUAGE' => 'en-US'
    'HTTP_COOKIE' => 'PHPSESSID=ab0abd8e6fa2b73bb2c0bb5e2ace9048; _identity=ac2c463fcf96c34dec487364b83ebcc70e8c43ec24234321a22daa27b4cd3322a%3A2%3A%7Bi%3A0%3Bs%3A9%3A%22_identity%22%3Bi%3A1%3Bs%3A16%3A%22%5B4%2Cnull%2C2592000%5D%22%3B%7D; _csrf=9f240a8aaf4e8784bd061e623e60f5816dfa48a1cda8abb9814145456680a89ba%3A2%3A%7Bi%3A0%3Bs%3A5%3A%22_csrf%22%3Bi%3A1%3Bs%3A32%3A%22zBHuHpl7-6QhB7zIC_z9YWTmF7ve_3x3%22%3B%7D'
    'REQUEST_TIME_FLOAT' => 1787089085.184
    'REQUEST_TIME' => 1787089085
]
2026-08-19 04:40:31 [::1][4][ab0abd8e6fa2b73bb2c0bb5e2ace9048][error][yii\base\ViewNotFoundException] yii\base\ViewNotFoundException: The view file does not exist: D:\laragon\www\EVERYDAYMART\views\pembelian\view.php in D:\laragon\www\EVERYDAYMART\vendor\yiisoft\yii2\base\View.php:233
Stack trace:
#0 D:\laragon\www\EVERYDAYMART\vendor\yiisoft\yii2\base\View.php(156): yii\base\View->renderFile('D:\\laragon\\www\\...', Array, Object(app\controllers\PembelianController))
#1 D:\laragon\www\EVERYDAYMART\vendor\yiisoft\yii2\base\Controller.php(423): yii\base\View->render('view', Array, Object(app\controllers\PembelianController))
#2 D:\laragon\www\EVERYDAYMART\controllers\PembelianController.php(43): yii\base\Controller->render('view', Array)
#3 [internal function]: app\controllers\PembelianController->actionView('3')
#4 D:\laragon\www\EVERYDAYMART\vendor\yiisoft\yii2\base\InlineAction.php(60): call_user_func_array(Array, Array)
#5 D:\laragon\www\EVERYDAYMART\vendor\yiisoft\yii2\base\Controller.php(182): yii\base\InlineAction->runWithParams(Array)
#6 D:\laragon\www\EVERYDAYMART\vendor\yiisoft\yii2\base\Module.php(547): yii\base\Controller->runAction('view', Array)
#7 D:\laragon\www\EVERYDAYMART\vendor\yiisoft\yii2\web\Application.php(105): yii\base\Module->runAction('pembelian/view', Array)
#8 D:\laragon\www\EVERYDAYMART\vendor\yiisoft\yii2\base\Application.php(382): yii\web\Application->handleRequest(Object(yii\web\Request))
#9 D:\laragon\www\EVERYDAYMART\web\index.php(14): yii\base\Application->run()
#10 {main}
2026-08-19 04:40:30 [::1][4][ab0abd8e6fa2b73bb2c0bb5e2ace9048][info][application] $_GET = [
    'r' => 'pembelian/view'
    'id' => '3'
]

$_POST = []

$_FILES = []

$_COOKIE = [
    'PHPSESSID' => 'ab0abd8e6fa2b73bb2c0bb5e2ace9048'
    '_identity' => 'ac2c463fcf96c34dec487364b83ebcc70e8c43ec24234321a22daa27b4cd3322a:2:{i:0;s:9:\"_identity\";i:1;s:16:\"[4,null,2592000]\";}'
    '_csrf' => '9f240a8aaf4e8784bd061e623e60f5816dfa48a1cda8abb9814145456680a89ba:2:{i:0;s:5:\"_csrf\";i:1;s:32:\"zBHuHpl7-6QhB7zIC_z9YWTmF7ve_3x3\";}'
]

$_SESSION = [
    '__flash' => [
        'success' => -1
    ]
    '__id' => 4
    '__authKey' => null
    'success' => 'Penerimaan berhasil disimpan dengan No. Nota: EDM-SBY-00020'
]

$_SERVER = [
    'DOCUMENT_ROOT' => 'D:\\laragon\\www\\EVERYDAYMART\\web'
    'REMOTE_ADDR' => '::1'
    'REMOTE_PORT' => '63958'
    'SERVER_SOFTWARE' => 'PHP/8.4.13 (Development Server)'
    'SERVER_PROTOCOL' => 'HTTP/1.1'
    'SERVER_NAME' => 'localhost'
    'SERVER_PORT' => '8080'
    'REQUEST_URI' => '/index.php?r=pembelian%2Fview&id=3'
    'REQUEST_METHOD' => 'GET'
    'SCRIPT_NAME' => '/index.php'
    'SCRIPT_FILENAME' => 'D:\\laragon\\www\\EVERYDAYMART\\web\\index.php'
    'PHP_SELF' => '/index.php'
    'QUERY_STRING' => 'r=pembelian%2Fview&id=3'
    'HTTP_HOST' => 'localhost:8080'
    'HTTP_CONNECTION' => 'keep-alive'
    'HTTP_CACHE_CONTROL' => 'max-age=0'
    'HTTP_UPGRADE_INSECURE_REQUESTS' => '1'
    'HTTP_USER_AGENT' => 'Mozilla/5.0 (Windows NT 10.0; Win64; x64) AppleWebKit/537.36 (KHTML, like Gecko) Code/1.133.0 Chrome/148.0.7778.280 Electron/42.8.0 Safari/537.36'
    'HTTP_ACCEPT' => 'text/html,application/xhtml+xml,application/xml;q=0.9,image/avif,image/webp,image/apng,*/*;q=0.8,application/signed-exchange;v=b3;q=0.7'
    'HTTP_SEC_FETCH_SITE' => 'same-origin'
    'HTTP_SEC_FETCH_MODE' => 'navigate'
    'HTTP_SEC_FETCH_USER' => '?1'
    'HTTP_SEC_FETCH_DEST' => 'document'
    'HTTP_REFERER' => 'http://localhost:8080/index.php?r=pembelian%2Fcreate'
    'HTTP_ACCEPT_ENCODING' => 'gzip, deflate, br, zstd'
    'HTTP_ACCEPT_LANGUAGE' => 'en-US'
    'HTTP_COOKIE' => 'PHPSESSID=ab0abd8e6fa2b73bb2c0bb5e2ace9048; _identity=ac2c463fcf96c34dec487364b83ebcc70e8c43ec24234321a22daa27b4cd3322a%3A2%3A%7Bi%3A0%3Bs%3A9%3A%22_identity%22%3Bi%3A1%3Bs%3A16%3A%22%5B4%2Cnull%2C2592000%5D%22%3B%7D; _csrf=9f240a8aaf4e8784bd061e623e60f5816dfa48a1cda8abb9814145456680a89ba%3A2%3A%7Bi%3A0%3Bs%3A5%3A%22_csrf%22%3Bi%3A1%3Bs%3A32%3A%22zBHuHpl7-6QhB7zIC_z9YWTmF7ve_3x3%22%3B%7D'
    'REQUEST_TIME_FLOAT' => 1787089230.9727
    'REQUEST_TIME' => 1787089230
]
2026-08-19 04:42:50 [::1][4][ab0abd8e6fa2b73bb2c0bb5e2ace9048][error][yii\base\ViewNotFoundException] yii\base\ViewNotFoundException: The view file does not exist: D:\laragon\www\EVERYDAYMART\views\pembelian\view.php in D:\laragon\www\EVERYDAYMART\vendor\yiisoft\yii2\base\View.php:233
Stack trace:
#0 D:\laragon\www\EVERYDAYMART\vendor\yiisoft\yii2\base\View.php(156): yii\base\View->renderFile('D:\\laragon\\www\\...', Array, Object(app\controllers\PembelianController))
#1 D:\laragon\www\EVERYDAYMART\vendor\yiisoft\yii2\base\Controller.php(423): yii\base\View->render('view', Array, Object(app\controllers\PembelianController))
#2 D:\laragon\www\EVERYDAYMART\controllers\PembelianController.php(43): yii\base\Controller->render('view', Array)
#3 [internal function]: app\controllers\PembelianController->actionView('3')
#4 D:\laragon\www\EVERYDAYMART\vendor\yiisoft\yii2\base\InlineAction.php(60): call_user_func_array(Array, Array)
#5 D:\laragon\www\EVERYDAYMART\vendor\yiisoft\yii2\base\Controller.php(182): yii\base\InlineAction->runWithParams(Array)
#6 D:\laragon\www\EVERYDAYMART\vendor\yiisoft\yii2\base\Module.php(547): yii\base\Controller->runAction('view', Array)
#7 D:\laragon\www\EVERYDAYMART\vendor\yiisoft\yii2\web\Application.php(105): yii\base\Module->runAction('pembelian/view', Array)
#8 D:\laragon\www\EVERYDAYMART\vendor\yiisoft\yii2\base\Application.php(382): yii\web\Application->handleRequest(Object(yii\web\Request))
#9 D:\laragon\www\EVERYDAYMART\web\index.php(14): yii\base\Application->run()
#10 {main}
2026-08-19 04:42:50 [::1][4][ab0abd8e6fa2b73bb2c0bb5e2ace9048][info][application] $_GET = [
    'r' => 'pembelian/view'
    'id' => '3'
]

$_POST = []

$_FILES = []

$_COOKIE = [
    'PHPSESSID' => 'ab0abd8e6fa2b73bb2c0bb5e2ace9048'
    '_identity' => 'ac2c463fcf96c34dec487364b83ebcc70e8c43ec24234321a22daa27b4cd3322a:2:{i:0;s:9:\"_identity\";i:1;s:16:\"[4,null,2592000]\";}'
    '_csrf' => '9f240a8aaf4e8784bd061e623e60f5816dfa48a1cda8abb9814145456680a89ba:2:{i:0;s:5:\"_csrf\";i:1;s:32:\"zBHuHpl7-6QhB7zIC_z9YWTmF7ve_3x3\";}'
]

$_SESSION = [
    '__flash' => [
        'success' => -1
    ]
    '__id' => 4
    '__authKey' => null
    'success' => 'Penerimaan berhasil disimpan dengan No. Nota: EDM-SBY-00020'
]

$_SERVER = [
    'DOCUMENT_ROOT' => 'D:\\laragon\\www\\EVERYDAYMART\\web'
    'REMOTE_ADDR' => '::1'
    'REMOTE_PORT' => '64912'
    'SERVER_SOFTWARE' => 'PHP/8.4.13 (Development Server)'
    'SERVER_PROTOCOL' => 'HTTP/1.1'
    'SERVER_NAME' => 'localhost'
    'SERVER_PORT' => '8080'
    'REQUEST_URI' => '/index.php?r=pembelian%2Fview&id=3'
    'REQUEST_METHOD' => 'GET'
    'SCRIPT_NAME' => '/index.php'
    'SCRIPT_FILENAME' => 'D:\\laragon\\www\\EVERYDAYMART\\web\\index.php'
    'PHP_SELF' => '/index.php'
    'QUERY_STRING' => 'r=pembelian%2Fview&id=3'
    'HTTP_HOST' => 'localhost:8080'
    'HTTP_CONNECTION' => 'keep-alive'
    'HTTP_UPGRADE_INSECURE_REQUESTS' => '1'
    'HTTP_USER_AGENT' => 'Mozilla/5.0 (Windows NT 10.0; Win64; x64) AppleWebKit/537.36 (KHTML, like Gecko) Code/1.133.0 Chrome/148.0.7778.280 Electron/42.8.0 Safari/537.36'
    'HTTP_ACCEPT' => 'text/html,application/xhtml+xml,application/xml;q=0.9,image/avif,image/webp,image/apng,*/*;q=0.8,application/signed-exchange;v=b3;q=0.7'
    'HTTP_SEC_FETCH_SITE' => 'same-origin'
    'HTTP_SEC_FETCH_MODE' => 'navigate'
    'HTTP_SEC_FETCH_DEST' => 'document'
    'HTTP_REFERER' => 'http://localhost:8080/index.php?r=pembelian%2Fcreate'
    'HTTP_ACCEPT_ENCODING' => 'gzip, deflate, br, zstd'
    'HTTP_ACCEPT_LANGUAGE' => 'en-US'
    'HTTP_COOKIE' => 'PHPSESSID=ab0abd8e6fa2b73bb2c0bb5e2ace9048; _identity=ac2c463fcf96c34dec487364b83ebcc70e8c43ec24234321a22daa27b4cd3322a%3A2%3A%7Bi%3A0%3Bs%3A9%3A%22_identity%22%3Bi%3A1%3Bs%3A16%3A%22%5B4%2Cnull%2C2592000%5D%22%3B%7D; _csrf=9f240a8aaf4e8784bd061e623e60f5816dfa48a1cda8abb9814145456680a89ba%3A2%3A%7Bi%3A0%3Bs%3A5%3A%22_csrf%22%3Bi%3A1%3Bs%3A32%3A%22zBHuHpl7-6QhB7zIC_z9YWTmF7ve_3x3%22%3B%7D'
    'REQUEST_TIME_FLOAT' => 1787089370.4036
    'REQUEST_TIME' => 1787089370
]
2026-08-19 04:48:29 [::1][4][ab0abd8e6fa2b73bb2c0bb5e2ace9048][error][ParseError] ParseError: syntax error, unexpected token "=" in D:\laragon\www\EVERYDAYMART\controllers\PembelianController.php:52
Stack trace:
#0 [internal function]: yii\BaseYii::autoload('app\\controllers...')
#1 D:\laragon\www\EVERYDAYMART\vendor\yiisoft\yii2\base\Module.php(662): class_exists('app\\controllers...')
#2 D:\laragon\www\EVERYDAYMART\vendor\yiisoft\yii2\base\Module.php(618): yii\base\Module->createControllerByID('pembelian')
#3 D:\laragon\www\EVERYDAYMART\vendor\yiisoft\yii2\base\Module.php(542): yii\base\Module->createController('index')
#4 D:\laragon\www\EVERYDAYMART\vendor\yiisoft\yii2\web\Application.php(105): yii\base\Module->runAction('pembelian/index', Array)
#5 D:\laragon\www\EVERYDAYMART\vendor\yiisoft\yii2\base\Application.php(382): yii\web\Application->handleRequest(Object(yii\web\Request))
#6 D:\laragon\www\EVERYDAYMART\web\index.php(14): yii\base\Application->run()
#7 {main}
2026-08-19 04:48:29 [::1][4][ab0abd8e6fa2b73bb2c0bb5e2ace9048][info][application] $_GET = [
    'r' => 'pembelian/index'
]

$_POST = []

$_FILES = []

$_COOKIE = [
    'PHPSESSID' => 'ab0abd8e6fa2b73bb2c0bb5e2ace9048'
    '_identity' => 'ac2c463fcf96c34dec487364b83ebcc70e8c43ec24234321a22daa27b4cd3322a:2:{i:0;s:9:\"_identity\";i:1;s:16:\"[4,null,2592000]\";}'
    '_csrf' => '9f240a8aaf4e8784bd061e623e60f5816dfa48a1cda8abb9814145456680a89ba:2:{i:0;s:5:\"_csrf\";i:1;s:32:\"zBHuHpl7-6QhB7zIC_z9YWTmF7ve_3x3\";}'
]

$_SESSION = [
    '__flash' => []
    '__id' => 4
    '__authKey' => null
]

$_SERVER = [
    'DOCUMENT_ROOT' => 'D:\\laragon\\www\\EVERYDAYMART\\web'
    'REMOTE_ADDR' => '::1'
    'REMOTE_PORT' => '63926'
    'SERVER_SOFTWARE' => 'PHP/8.4.13 (Development Server)'
    'SERVER_PROTOCOL' => 'HTTP/1.1'
    'SERVER_NAME' => 'localhost'
    'SERVER_PORT' => '8080'
    'REQUEST_URI' => '/index.php?r=pembelian/index'
    'REQUEST_METHOD' => 'GET'
    'SCRIPT_NAME' => '/index.php'
    'SCRIPT_FILENAME' => 'D:\\laragon\\www\\EVERYDAYMART\\web\\index.php'
    'PHP_SELF' => '/index.php'
    'QUERY_STRING' => 'r=pembelian/index'
    'HTTP_HOST' => 'localhost:8080'
    'HTTP_CONNECTION' => 'keep-alive'
    'HTTP_CACHE_CONTROL' => 'max-age=0'
    'HTTP_UPGRADE_INSECURE_REQUESTS' => '1'
    'HTTP_USER_AGENT' => 'Mozilla/5.0 (Windows NT 10.0; Win64; x64) AppleWebKit/537.36 (KHTML, like Gecko) Code/1.133.0 Chrome/148.0.7778.280 Electron/42.8.0 Safari/537.36'
    'HTTP_ACCEPT' => 'text/html,application/xhtml+xml,application/xml;q=0.9,image/avif,image/webp,image/apng,*/*;q=0.8,application/signed-exchange;v=b3;q=0.7'
    'HTTP_SEC_FETCH_SITE' => 'none'
    'HTTP_SEC_FETCH_MODE' => 'navigate'
    'HTTP_SEC_FETCH_USER' => '?1'
    'HTTP_SEC_FETCH_DEST' => 'document'
    'HTTP_ACCEPT_ENCODING' => 'gzip, deflate, br, zstd'
    'HTTP_ACCEPT_LANGUAGE' => 'en-US'
    'HTTP_COOKIE' => 'PHPSESSID=ab0abd8e6fa2b73bb2c0bb5e2ace9048; _identity=ac2c463fcf96c34dec487364b83ebcc70e8c43ec24234321a22daa27b4cd3322a%3A2%3A%7Bi%3A0%3Bs%3A9%3A%22_identity%22%3Bi%3A1%3Bs%3A16%3A%22%5B4%2Cnull%2C2592000%5D%22%3B%7D; _csrf=9f240a8aaf4e8784bd061e623e60f5816dfa48a1cda8abb9814145456680a89ba%3A2%3A%7Bi%3A0%3Bs%3A5%3A%22_csrf%22%3Bi%3A1%3Bs%3A32%3A%22zBHuHpl7-6QhB7zIC_z9YWTmF7ve_3x3%22%3B%7D'
    'REQUEST_TIME_FLOAT' => 1787089709.3568
    'REQUEST_TIME' => 1787089709
]
2026-08-19 01:36:47 [-][-][-][error][yii\console\UnknownCommandException] yii\base\InvalidRouteException: Unable to resolve the request "SERVE". in D:\laragon\www\EVERYDAYMART\vendor\yiisoft\yii2\base\Module.php:556
Stack trace:
#0 D:\laragon\www\EVERYDAYMART\vendor\yiisoft\yii2\console\Application.php(180): yii\base\Module->runAction('SERVE', Array)
#1 D:\laragon\www\EVERYDAYMART\vendor\yiisoft\yii2\console\Application.php(147): yii\console\Application->runAction('SERVE', Array)
#2 D:\laragon\www\EVERYDAYMART\vendor\yiisoft\yii2\base\Application.php(382): yii\console\Application->handleRequest(Object(yii\console\Request))
#3 D:\laragon\www\EVERYDAYMART\yii(20): yii\base\Application->run()
#4 {main}

Next yii\console\UnknownCommandException: Unknown command "SERVE". in D:\laragon\www\EVERYDAYMART\vendor\yiisoft\yii2\console\Application.php:183
Stack trace:
#0 D:\laragon\www\EVERYDAYMART\vendor\yiisoft\yii2\console\Application.php(147): yii\console\Application->runAction('SERVE', Array)
#1 D:\laragon\www\EVERYDAYMART\vendor\yiisoft\yii2\base\Application.php(382): yii\console\Application->handleRequest(Object(yii\console\Request))
#2 D:\laragon\www\EVERYDAYMART\yii(20): yii\base\Application->run()
#3 {main}
2026-08-19 01:36:46 [-][-][-][info][application] $_GET = []

$_POST = []

$_FILES = []

$_COOKIE = []

$_SERVER = [
    'ALLUSERSPROFILE' => 'C:\\ProgramData'
    'APPDATA' => 'C:\\Users\\USER\\AppData\\Roaming'
    'CHROME_CRASHPAD_PIPE_NAME' => '\\\\.\\pipe\\crashpad_17544_VTMSQIILRSJPAWIN'
    'COMPUTERNAME' => 'LAPTOP-N8DBASUB'
    'ComSpec' => 'C:\\WINDOWS\\system32\\cmd.exe'
    'CommonProgramFiles' => 'C:\\Program Files\\Common Files'
    'CommonProgramFiles(x86)' => 'C:\\Program Files (x86)\\Common Files'
    'CommonProgramW6432' => 'C:\\Program Files\\Common Files'
    'DriverData' => 'C:\\Windows\\System32\\Drivers\\DriverData'
    'EFC_10876_1262719628' => '1'
    'EFC_10876_1592913036' => '1'
    'EFC_10876_2283032206' => '1'
    'EFC_10876_2775293581' => '1'
    'EFC_10876_2946480783' => '1'
    'EFC_10876_3789132940' => '1'
    'EFC_10876_4126798990' => '1'
    'FPS_BROWSER_APP_PROFILE_STRING' => 'Internet Explorer'
    'FPS_BROWSER_USER_PROFILE_STRING' => 'Default'
    'HOMEDRIVE' => 'C:'
    'HOMEPATH' => '\\Users\\USER'
    'LOCALAPPDATA' => 'C:\\Users\\USER\\AppData\\Local'
    'LOGONSERVER' => '\\\\LAPTOP-N8DBASUB'
    'MEmu_Path' => 'C:\\Program Files (x86)'
    'NUMBER_OF_PROCESSORS' => '4'
    'OS' => 'Windows_NT'
    'OneDrive' => 'C:\\Users\\USER\\OneDrive'
    'OnlineServices' => 'Online Services'
    'PATHEXT' => '.COM;.EXE;.BAT;.CMD;.VBS;.VBE;.JS;.JSE;.WSF;.WSH;.MSC'
    'PROCESSOR_ARCHITECTURE' => 'AMD64'
    'PROCESSOR_IDENTIFIER' => 'AMD64 Family 23 Model 24 Stepping 1, AuthenticAMD'
    'PROCESSOR_LEVEL' => '23'
    'PROCESSOR_REVISION' => '1801'
    'PROMPT' => '$P$G'
    'PSModulePath' => 'C:\\Program Files\\WindowsPowerShell\\Modules;C:\\WINDOWS\\system32\\WindowsPowerShell\\v1.0\\Modules'
    'PUBLIC' => 'C:\\Users\\Public'
    'Path' => 'c:\\Users\\USER\\AppData\\Roaming\\Code\\User\\globalStorage\\github.copilot-chat\\debugCommand;c:\\Users\\USER\\AppData\\Roaming\\Code\\User\\globalStorage\\github.copilot-chat\\copilotCli;C:\\WINDOWS\\system32;C:\\WINDOWS;C:\\WINDOWS\\System32\\Wbem;C:\\WINDOWS\\System32\\WindowsPowerShell\\v1.0\\;C:\\WINDOWS\\System32\\OpenSSH\\;C:\\Program Files\\PostgreSQL\\17\\bin;C:\\Program Files\\nodejs\\;C:\\Users\\USER\\AppData\\Local\\Yarn\\config\\global\\node_modules\\.bin;C:\\Users\\USER\\AppData\\Roaming\\Composer\\vendor\\bin;C:\\Users\\USER\\AppData\\Roaming\\npm;D:\\laragon\\bin;D:\\laragon\\bin\\apache\\httpd-2.4.54-win64-VS16\\bin;D:\\laragon\\bin\\composer;D:\\laragon\\bin\\git\\bin;D:\\laragon\\bin\\git\\cmd;D:\\laragon\\bin\\git\\mingw64\\bin;D:\\laragon\\bin\\git\\usr\\bin;D:\\laragon\\bin\\laragon\\utils;D:\\laragon\\bin\\mysql\\mysql-8.0.30-winx64\\bin;D:\\laragon\\bin\\nginx\\nginx-1.22.0;D:\\laragon\\bin\\ngrok;D:\\laragon\\bin\\nodejs\\node-v18;D:\\laragon\\bin\\notepad++;D:\\laragon\\bin\\php\\php-8.4.13-nts-Win32-vs17-x64;D:\\laragon\\bin\\python\\python-3.10;D:\\laragon\\bin\\python\\python-3.10\\Scripts;D:\\laragon\\bin\\redis\\redis-x64-5.0.14.1;D:\\laragon\\bin\\telnet;D:\\laragon\\usr\\bin;C:\\Users\\USER\\AppData\\Local\\Programs\\Python\\Launcher\\;C:\\Users\\USER\\AppData\\Local\\Microsoft\\WindowsApps;C:\\Users\\USER\\AppData\\Local\\Programs\\Microsoft VS Code\\bin;C:\\Users\\USER\\AppData\\Local\\Programs\\Python\\Python312\\;C:\\Users\\USER\\AppData\\Local\\Programs\\Python\\Python312\\Scripts\\;'
    'ProgramData' => 'C:\\ProgramData'
    'ProgramFiles' => 'C:\\Program Files'
    'ProgramFiles(x86)' => 'C:\\Program Files (x86)'
    'ProgramW6432' => 'C:\\Program Files'
    'RegionCode' => 'APJ'
    'SESSIONNAME' => 'Console'
    'SystemDrive' => 'C:'
    'SystemRoot' => 'C:\\WINDOWS'
    'TEMP' => 'C:\\Users\\USER\\AppData\\Local\\Temp'
    'TMP' => 'C:\\Users\\USER\\AppData\\Local\\Temp'
    'USERDOMAIN' => 'LAPTOP-N8DBASUB'
    'USERDOMAIN_ROAMINGPROFILE' => 'LAPTOP-N8DBASUB'
    'USERNAME' => 'Iqbass'
    'USERPROFILE' => 'C:\\Users\\USER'
    'VBOX_HWVIRTEX_IGNORE_SVM_IN_USE' => '1'
    'platformcode' => 'KV'
    'windir' => 'C:\\WINDOWS'
    'TERM_PROGRAM' => 'vscode'
    'TERM_PROGRAM_VERSION' => '1.133.0'
    'LANG' => 'en_US.UTF-8'
    'COLORTERM' => 'truecolor'
    'COPILOT_DEBUG_NONCE' => 'e65deb70f9741a7892e75f8dc2b5587e'
    'GIT_ASKPASS' => 'c:\\Users\\USER\\AppData\\Roaming\\Code\\User\\globalStorage\\vscode.git\\askpass\\70789581cae28aa7\\askpass.sh'
    'VSCODE_GIT_ASKPASS_NODE' => 'C:\\Users\\USER\\AppData\\Local\\Programs\\Microsoft VS Code\\Code.exe'
    'VSCODE_GIT_ASKPASS_EXTRA_ARGS' => ''
    'VSCODE_GIT_ASKPASS_MAIN' => 'c:\\Users\\USER\\AppData\\Roaming\\Code\\User\\globalStorage\\vscode.git\\askpass\\70789581cae28aa7\\askpass-main.js'
    'VSCODE_GIT_IPC_HANDLE' => '\\\\.\\pipe\\vscode-git-083d32aa39-sock'
    'VSCODE_NONCE' => '6ffdd0d8-ff68-4b09-887d-f5e664073e9d'
    'PHP_SELF' => 'YII'
    'SCRIPT_NAME' => 'YII'
    'SCRIPT_FILENAME' => 'YII'
    'PATH_TRANSLATED' => 'YII'
    'DOCUMENT_ROOT' => ''
    'REQUEST_TIME_FLOAT' => 1787103406.1874
    'REQUEST_TIME' => 1787103406
    'argv' => [
        0 => 'YII'
        1 => 'SERVE'
    ]
    'argc' => 2
]
2026-08-19 08:53:59 [::1][81][fee4587fb09093b701e2b4cd32b66a8e][error][ParseError] ParseError: syntax error, unexpected token "\" in D:\laragon\www\EVERYDAYMART\controllers\PembelianController.php:76
Stack trace:
#0 [internal function]: yii\BaseYii::autoload('app\\controllers...')
#1 D:\laragon\www\EVERYDAYMART\vendor\yiisoft\yii2\base\Module.php(662): class_exists('app\\controllers...')
#2 D:\laragon\www\EVERYDAYMART\vendor\yiisoft\yii2\base\Module.php(618): yii\base\Module->createControllerByID('pembelian')
#3 D:\laragon\www\EVERYDAYMART\vendor\yiisoft\yii2\base\Module.php(542): yii\base\Module->createController('create')
#4 D:\laragon\www\EVERYDAYMART\vendor\yiisoft\yii2\web\Application.php(105): yii\base\Module->runAction('pembelian/creat...', Array)
#5 D:\laragon\www\EVERYDAYMART\vendor\yiisoft\yii2\base\Application.php(382): yii\web\Application->handleRequest(Object(yii\web\Request))
#6 D:\laragon\www\EVERYDAYMART\web\index.php(14): yii\base\Application->run()
#7 {main}
2026-08-19 08:53:58 [::1][81][fee4587fb09093b701e2b4cd32b66a8e][info][application] $_GET = [
    'r' => 'pembelian/create'
]

$_POST = []

$_FILES = []

$_COOKIE = [
    'PHPSESSID' => 'fee4587fb09093b701e2b4cd32b66a8e'
    '_identity' => 'a453c476c14da6249c7420b719601b278707bf5fdb1c69604a51f773e7ea3808a:2:{i:0;s:9:\"_identity\";i:1;s:17:\"[81,null,2592000]\";}'
    '_csrf' => 'f99bd43aaa43e7261832a14281319baccd38bfe8b65cedf504ed40f870eb7e4da:2:{i:0;s:5:\"_csrf\";i:1;s:32:\"Hjsx4q-erv4nsJwtgNX9pxFJwZJIdI3x\";}'
]

$_SESSION = [
    '__flash' => []
    '__id' => 81
    '__authKey' => null
]

$_SERVER = [
    'DOCUMENT_ROOT' => 'D:\\laragon\\www\\EVERYDAYMART\\web'
    'REMOTE_ADDR' => '::1'
    'REMOTE_PORT' => '51363'
    'SERVER_SOFTWARE' => 'PHP/8.4.13 (Development Server)'
    'SERVER_PROTOCOL' => 'HTTP/1.1'
    'SERVER_NAME' => 'localhost'
    'SERVER_PORT' => '8080'
    'REQUEST_URI' => '/index.php?r=pembelian%2Fcreate'
    'REQUEST_METHOD' => 'GET'
    'SCRIPT_NAME' => '/index.php'
    'SCRIPT_FILENAME' => 'D:\\laragon\\www\\EVERYDAYMART\\web\\index.php'
    'PHP_SELF' => '/index.php'
    'QUERY_STRING' => 'r=pembelian%2Fcreate'
    'HTTP_HOST' => 'localhost:8080'
    'HTTP_CONNECTION' => 'keep-alive'
    'HTTP_CACHE_CONTROL' => 'max-age=0'
    'HTTP_SEC_CH_UA' => '\"Not=A?Brand\";v=\"99\", \"Microsoft Edge\";v=\"151\", \"Chromium\";v=\"151\"'
    'HTTP_SEC_CH_UA_MOBILE' => '?0'
    'HTTP_SEC_CH_UA_PLATFORM' => '\"Windows\"'
    'HTTP_UPGRADE_INSECURE_REQUESTS' => '1'
    'HTTP_USER_AGENT' => 'Mozilla/5.0 (Windows NT 10.0; Win64; x64) AppleWebKit/537.36 (KHTML, like Gecko) Chrome/151.0.0.0 Safari/537.36 Edg/151.0.0.0'
    'HTTP_ACCEPT' => 'text/html,application/xhtml+xml,application/xml;q=0.9,image/avif,image/webp,image/apng,*/*;q=0.8,application/signed-exchange;v=b3;q=0.7'
    'HTTP_SEC_FETCH_SITE' => 'same-origin'
    'HTTP_SEC_FETCH_MODE' => 'navigate'
    'HTTP_SEC_FETCH_USER' => '?1'
    'HTTP_SEC_FETCH_DEST' => 'document'
    'HTTP_REFERER' => 'http://localhost:8080/index.php?r=pembelian%2Findex'
    'HTTP_ACCEPT_ENCODING' => 'gzip, deflate, br, zstd'
    'HTTP_ACCEPT_LANGUAGE' => 'en-US,en;q=0.9,id;q=0.8'
    'HTTP_COOKIE' => 'PHPSESSID=fee4587fb09093b701e2b4cd32b66a8e; _identity=a453c476c14da6249c7420b719601b278707bf5fdb1c69604a51f773e7ea3808a%3A2%3A%7Bi%3A0%3Bs%3A9%3A%22_identity%22%3Bi%3A1%3Bs%3A17%3A%22%5B81%2Cnull%2C2592000%5D%22%3B%7D; _csrf=f99bd43aaa43e7261832a14281319baccd38bfe8b65cedf504ed40f870eb7e4da%3A2%3A%7Bi%3A0%3Bs%3A5%3A%22_csrf%22%3Bi%3A1%3Bs%3A32%3A%22Hjsx4q-erv4nsJwtgNX9pxFJwZJIdI3x%22%3B%7D'
    'REQUEST_TIME_FLOAT' => 1787104438.707
    'REQUEST_TIME' => 1787104438
]
2026-08-19 10:05:37 [::1][3][9422714f512684de26b4589b116c3348][error][yii\base\UnknownPropertyException] yii\base\UnknownPropertyException: Getting unknown property: app\models\Barang::ppn_id in D:\laragon\www\EVERYDAYMART\vendor\yiisoft\yii2\base\Component.php:157
Stack trace:
#0 D:\laragon\www\EVERYDAYMART\vendor\yiisoft\yii2\db\BaseActiveRecord.php(295): yii\base\Component->__get('ppn_id')
#1 D:\laragon\www\EVERYDAYMART\views\transaksi\_form.php(81): yii\db\BaseActiveRecord->__get('ppn_id')
#2 D:\laragon\www\EVERYDAYMART\vendor\yiisoft\yii2\base\View.php(345): require('D:\\laragon\\www\\...')
#3 [internal function]: yii\base\View->{closure:yii\base\View::renderPhpFile():343}('D:\\laragon\\www\\...', Array)
#4 D:\laragon\www\EVERYDAYMART\vendor\yiisoft\yii2\base\View.php(350): call_user_func_array(Object(Closure), Array)
#5 D:\laragon\www\EVERYDAYMART\vendor\yiisoft\yii2\base\View.php(257): yii\base\View->renderPhpFile('D:\\laragon\\www\\...', Array)
#6 D:\laragon\www\EVERYDAYMART\vendor\yiisoft\yii2\base\View.php(156): yii\base\View->renderFile('D:\\laragon\\www\\...', Array, NULL)
#7 D:\laragon\www\EVERYDAYMART\views\transaksi\create.php(16): yii\base\View->render('_form', Array)
#8 D:\laragon\www\EVERYDAYMART\vendor\yiisoft\yii2\base\View.php(345): require('D:\\laragon\\www\\...')
#9 [internal function]: yii\base\View->{closure:yii\base\View::renderPhpFile():343}('D:\\laragon\\www\\...', Array)
#10 D:\laragon\www\EVERYDAYMART\vendor\yiisoft\yii2\base\View.php(350): call_user_func_array(Object(Closure), Array)
#11 D:\laragon\www\EVERYDAYMART\vendor\yiisoft\yii2\base\View.php(257): yii\base\View->renderPhpFile('D:\\laragon\\www\\...', Array)
#12 D:\laragon\www\EVERYDAYMART\vendor\yiisoft\yii2\base\View.php(156): yii\base\View->renderFile('D:\\laragon\\www\\...', Array, Object(app\controllers\TransaksiController))
#13 D:\laragon\www\EVERYDAYMART\vendor\yiisoft\yii2\base\Controller.php(423): yii\base\View->render('create', Array, Object(app\controllers\TransaksiController))
#14 D:\laragon\www\EVERYDAYMART\controllers\TransaksiController.php(227): yii\base\Controller->render('create', Array)
#15 [internal function]: app\controllers\TransaksiController->actionCreate()
#16 D:\laragon\www\EVERYDAYMART\vendor\yiisoft\yii2\base\InlineAction.php(60): call_user_func_array(Array, Array)
#17 D:\laragon\www\EVERYDAYMART\vendor\yiisoft\yii2\base\Controller.php(182): yii\base\InlineAction->runWithParams(Array)
#18 D:\laragon\www\EVERYDAYMART\vendor\yiisoft\yii2\base\Module.php(547): yii\base\Controller->runAction('create', Array)
#19 D:\laragon\www\EVERYDAYMART\vendor\yiisoft\yii2\web\Application.php(105): yii\base\Module->runAction('transaksi/creat...', Array)
#20 D:\laragon\www\EVERYDAYMART\vendor\yiisoft\yii2\base\Application.php(382): yii\web\Application->handleRequest(Object(yii\web\Request))
#21 D:\laragon\www\EVERYDAYMART\web\index.php(14): yii\base\Application->run()
#22 {main}
2026-08-19 10:05:37 [::1][3][9422714f512684de26b4589b116c3348][info][application] $_GET = [
    'r' => 'transaksi/create'
]

$_POST = []

$_FILES = []

$_COOKIE = [
    'PHPSESSID' => '9422714f512684de26b4589b116c3348'
    '_identity' => 'ef7d999dd16846b4ca752da9ffc96ccc3926929c8867673a4a424da8437c5ffba:2:{i:0;s:9:\"_identity\";i:1;s:16:\"[3,null,2592000]\";}'
    '_csrf' => '9d62c7b573114a37fdf7d4e68f11dac2de5f6d772f57a450253b24e3dd42b94ca:2:{i:0;s:5:\"_csrf\";i:1;s:32:\"yb-ghl1lQDb2CSx7ouWAff2rCLdog_cg\";}'
]

$_SESSION = [
    '__flash' => []
    '__id' => 3
    '__authKey' => null
]

$_SERVER = [
    'DOCUMENT_ROOT' => 'D:\\laragon\\www\\EVERYDAYMART\\web'
    'REMOTE_ADDR' => '::1'
    'REMOTE_PORT' => '61432'
    'SERVER_SOFTWARE' => 'PHP/8.4.13 (Development Server)'
    'SERVER_PROTOCOL' => 'HTTP/1.1'
    'SERVER_NAME' => 'localhost'
    'SERVER_PORT' => '8080'
    'REQUEST_URI' => '/index.php?r=transaksi%2Fcreate'
    'REQUEST_METHOD' => 'GET'
    'SCRIPT_NAME' => '/index.php'
    'SCRIPT_FILENAME' => 'D:\\laragon\\www\\EVERYDAYMART\\web\\index.php'
    'PHP_SELF' => '/index.php'
    'QUERY_STRING' => 'r=transaksi%2Fcreate'
    'HTTP_HOST' => 'localhost:8080'
    'HTTP_CONNECTION' => 'keep-alive'
    'HTTP_CACHE_CONTROL' => 'max-age=0'
    'HTTP_SEC_CH_UA' => '\"Not=A?Brand\";v=\"99\", \"Microsoft Edge\";v=\"151\", \"Chromium\";v=\"151\"'
    'HTTP_SEC_CH_UA_MOBILE' => '?0'
    'HTTP_SEC_CH_UA_PLATFORM' => '\"Windows\"'
    'HTTP_UPGRADE_INSECURE_REQUESTS' => '1'
    'HTTP_USER_AGENT' => 'Mozilla/5.0 (Windows NT 10.0; Win64; x64) AppleWebKit/537.36 (KHTML, like Gecko) Chrome/151.0.0.0 Safari/537.36 Edg/151.0.0.0'
    'HTTP_ACCEPT' => 'text/html,application/xhtml+xml,application/xml;q=0.9,image/avif,image/webp,image/apng,*/*;q=0.8,application/signed-exchange;v=b3;q=0.7'
    'HTTP_SEC_FETCH_SITE' => 'same-origin'
    'HTTP_SEC_FETCH_MODE' => 'navigate'
    'HTTP_SEC_FETCH_USER' => '?1'
    'HTTP_SEC_FETCH_DEST' => 'document'
    'HTTP_REFERER' => 'http://localhost:8080/index.php'
    'HTTP_ACCEPT_ENCODING' => 'gzip, deflate, br, zstd'
    'HTTP_ACCEPT_LANGUAGE' => 'en-US,en;q=0.9,id;q=0.8'
    'HTTP_COOKIE' => 'PHPSESSID=9422714f512684de26b4589b116c3348; _identity=ef7d999dd16846b4ca752da9ffc96ccc3926929c8867673a4a424da8437c5ffba%3A2%3A%7Bi%3A0%3Bs%3A9%3A%22_identity%22%3Bi%3A1%3Bs%3A16%3A%22%5B3%2Cnull%2C2592000%5D%22%3B%7D; _csrf=9d62c7b573114a37fdf7d4e68f11dac2de5f6d772f57a450253b24e3dd42b94ca%3A2%3A%7Bi%3A0%3Bs%3A5%3A%22_csrf%22%3Bi%3A1%3Bs%3A32%3A%22yb-ghl1lQDb2CSx7ouWAff2rCLdog_cg%22%3B%7D'
    'REQUEST_TIME_FLOAT' => 1787108737.0228
    'REQUEST_TIME' => 1787108737
]
2026-09-15 19:10:24 [::1][3][a8326f869c31072093952ecd47fe513f][error][yii\base\ErrorException:64] yii\base\ErrorException: Cannot redeclare app\controllers\SiteController::actionIndex() in D:\laragon\www\EVERYDAYMART\controllers\SiteController.php:135
Stack trace:
#0 [internal function]: yii\base\ErrorHandler->handleFatalError()
#1 {main}
2026-09-15 19:10:22 [::1][3][a8326f869c31072093952ecd47fe513f][info][application] $_GET = []

$_POST = []

$_FILES = []

$_COOKIE = [
    '_identity' => 'ef7d999dd16846b4ca752da9ffc96ccc3926929c8867673a4a424da8437c5ffba:2:{i:0;s:9:\"_identity\";i:1;s:16:\"[3,null,2592000]\";}'
]

$_SESSION = [
    '__flash' => []
    '__id' => 3
    '__authKey' => null
]

$_SERVER = [
    'DOCUMENT_ROOT' => 'D:\\laragon\\www\\EVERYDAYMART\\web'
    'REMOTE_ADDR' => '::1'
    'REMOTE_PORT' => '56982'
    'SERVER_SOFTWARE' => 'PHP/8.4.13 (Development Server)'
    'SERVER_PROTOCOL' => 'HTTP/1.1'
    'SERVER_NAME' => 'localhost'
    'SERVER_PORT' => '8080'
    'REQUEST_URI' => '/'
    'REQUEST_METHOD' => 'GET'
    'SCRIPT_NAME' => '/index.php'
    'SCRIPT_FILENAME' => 'D:\\laragon\\www\\EVERYDAYMART\\web\\index.php'
    'PHP_SELF' => '/index.php'
    'HTTP_HOST' => 'localhost:8080'
    'HTTP_CONNECTION' => 'keep-alive'
    'HTTP_UPGRADE_INSECURE_REQUESTS' => '1'
    'HTTP_USER_AGENT' => 'Mozilla/5.0 (Windows NT 10.0; Win64; x64) AppleWebKit/537.36 (KHTML, like Gecko) Code/1.137.0 Chrome/148.0.7778.280 Electron/42.10.0 Safari/537.36'
    'HTTP_ACCEPT' => 'text/html,application/xhtml+xml,application/xml;q=0.9,image/avif,image/webp,image/apng,*/*;q=0.8,application/signed-exchange;v=b3;q=0.7'
    'HTTP_SEC_FETCH_SITE' => 'none'
    'HTTP_SEC_FETCH_MODE' => 'navigate'
    'HTTP_SEC_FETCH_USER' => '?1'
    'HTTP_SEC_FETCH_DEST' => 'document'
    'HTTP_ACCEPT_ENCODING' => 'gzip, deflate, br, zstd'
    'HTTP_ACCEPT_LANGUAGE' => 'en-US'
    'HTTP_COOKIE' => '_identity=ef7d999dd16846b4ca752da9ffc96ccc3926929c8867673a4a424da8437c5ffba%3A2%3A%7Bi%3A0%3Bs%3A9%3A%22_identity%22%3Bi%3A1%3Bs%3A16%3A%22%5B3%2Cnull%2C2592000%5D%22%3B%7D'
    'REQUEST_TIME_FLOAT' => 1789474222.8297
    'REQUEST_TIME' => 1789474222
]
2026-09-15 19:30:33 [::1][1][b4c7aeaf68ca4ecbf4e7b0f7a7ad2152][error][yii\base\ErrorException:2] yii\base\ErrorException: finfo_file(C:\Users\USER\AppData\Local\Temp\php1348.tmp): Failed to open stream: No such file or directory in D:\laragon\www\EVERYDAYMART\vendor\yiisoft\yii2\helpers\BaseFileHelper.php:172
Stack trace:
#0 [internal function]: yii\base\ErrorHandler->handleError(2, 'finfo_file(C:\\U...', 'D:\\laragon\\www\\...', 172)
#1 D:\laragon\www\EVERYDAYMART\vendor\yiisoft\yii2\helpers\BaseFileHelper.php(172): finfo_file(Object(finfo), 'C:\\Users\\USER\\A...')
#2 D:\laragon\www\EVERYDAYMART\vendor\yiisoft\yii2\validators\FileValidator.php(364): yii\helpers\BaseFileHelper::getMimeType('C:\\Users\\USER\\A...', NULL, false)
#3 D:\laragon\www\EVERYDAYMART\vendor\yiisoft\yii2\validators\FileValidator.php(280): yii\validators\FileValidator->validateExtension(Object(yii\web\UploadedFile))
#4 D:\laragon\www\EVERYDAYMART\vendor\yiisoft\yii2\validators\FileValidator.php(226): yii\validators\FileValidator->validateValue(Object(yii\web\UploadedFile))
#5 D:\laragon\www\EVERYDAYMART\vendor\yiisoft\yii2\validators\Validator.php(260): yii\validators\FileValidator->validateAttribute(Object(app\models\Barang), 'imageFile')
#6 D:\laragon\www\EVERYDAYMART\vendor\yiisoft\yii2\base\Model.php(384): yii\validators\Validator->validateAttributes(Object(app\models\Barang), Array)
#7 D:\laragon\www\EVERYDAYMART\vendor\yiisoft\yii2\db\ActiveRecord.php(697): yii\base\Model->validate(Array)
#8 D:\laragon\www\EVERYDAYMART\vendor\yiisoft\yii2\db\BaseActiveRecord.php(698): yii\db\ActiveRecord->update(true, NULL)
#9 D:\laragon\www\EVERYDAYMART\controllers\BarangController.php(152): yii\db\BaseActiveRecord->save()
#10 [internal function]: app\controllers\BarangController->actionUpdate('1')
#11 D:\laragon\www\EVERYDAYMART\vendor\yiisoft\yii2\base\InlineAction.php(60): call_user_func_array(Array, Array)
#12 D:\laragon\www\EVERYDAYMART\vendor\yiisoft\yii2\base\Controller.php(182): yii\base\InlineAction->runWithParams(Array)
#13 D:\laragon\www\EVERYDAYMART\vendor\yiisoft\yii2\base\Module.php(547): yii\base\Controller->runAction('update', Array)
#14 D:\laragon\www\EVERYDAYMART\vendor\yiisoft\yii2\web\Application.php(105): yii\base\Module->runAction('barang/update', Array)
#15 D:\laragon\www\EVERYDAYMART\vendor\yiisoft\yii2\base\Application.php(382): yii\web\Application->handleRequest(Object(yii\web\Request))
#16 D:\laragon\www\EVERYDAYMART\web\index.php(14): yii\base\Application->run()
#17 {main}
2026-09-15 19:30:32 [::1][1][b4c7aeaf68ca4ecbf4e7b0f7a7ad2152][info][application] $_GET = [
    'r' => 'barang/update'
    'id' => '1'
]

$_POST = [
    '_csrf' => 'GVGzSoccKecS18-SfvHuMoTsYi2WTsJRcEVx4aEn1pZYHdE7t3NYiWqUjNMKtYcA8rQhfKI7mxUAPRi38E6U-g=='
    'Barang' => [
        'nama' => 'Beras Ramos 5kg'
        'satuan' => 'Pcs'
        'harga' => '75000'
        'id_group' => '1'
        'id_stock_rak' => ''
        'id_ppn' => ''
        'imageFile' => ''
    ]
]

$_FILES = [
    'Barang' => [
        'name' => [
            'imageFile' => 'download.jpg'
        ]
        'full_path' => [
            'imageFile' => 'download.jpg'
        ]
        'type' => [
            'imageFile' => 'image/jpeg'
        ]
        'tmp_name' => [
            'imageFile' => 'C:\\Users\\USER\\AppData\\Local\\Temp\\php1348.tmp'
        ]
        'error' => [
            'imageFile' => 0
        ]
        'size' => [
            'imageFile' => 17689
        ]
    ]
]

$_COOKIE = [
    'PHPSESSID' => 'b4c7aeaf68ca4ecbf4e7b0f7a7ad2152'
    '_identity' => '315de64354e447141d4474079587fddbf24651f74f13e00a13a49b181dda432ba:2:{i:0;s:9:\"_identity\";i:1;s:16:\"[1,null,2592000]\";}'
    '_csrf' => '066892e139162ebf5184ff7b26bfb1174be01f6c6b6678e8a9b3870bb6dd151aa:2:{i:0;s:5:\"_csrf\";i:1;s:32:\"ALbq0oqnxCCAtDi2vXCQ4uYDpxiVQiBl\";}'
]

$_SESSION = [
    '__flash' => []
    '__id' => 1
    '__authKey' => null
]

$_SERVER = [
    'DOCUMENT_ROOT' => 'D:\\laragon\\www\\EVERYDAYMART\\web'
    'REMOTE_ADDR' => '::1'
    'REMOTE_PORT' => '54207'
    'SERVER_SOFTWARE' => 'PHP/8.4.13 (Development Server)'
    'SERVER_PROTOCOL' => 'HTTP/1.1'
    'SERVER_NAME' => 'localhost'
    'SERVER_PORT' => '8080'
    'REQUEST_URI' => '/index.php?r=barang%2Fupdate&id=1'
    'REQUEST_METHOD' => 'POST'
    'SCRIPT_NAME' => '/index.php'
    'SCRIPT_FILENAME' => 'D:\\laragon\\www\\EVERYDAYMART\\web\\index.php'
    'PHP_SELF' => '/index.php'
    'QUERY_STRING' => 'r=barang%2Fupdate&id=1'
    'HTTP_HOST' => 'localhost:8080'
    'HTTP_CONNECTION' => 'keep-alive'
    'CONTENT_LENGTH' => '18807'
    'HTTP_CONTENT_LENGTH' => '18807'
    'HTTP_CACHE_CONTROL' => 'max-age=0'
    'HTTP_UPGRADE_INSECURE_REQUESTS' => '1'
    'CONTENT_TYPE' => 'multipart/form-data; boundary=----WebKitFormBoundaryoRjvBqNyKRNvImmJ'
    'HTTP_CONTENT_TYPE' => 'multipart/form-data; boundary=----WebKitFormBoundaryoRjvBqNyKRNvImmJ'
    'HTTP_USER_AGENT' => 'Mozilla/5.0 (Windows NT 10.0; Win64; x64) AppleWebKit/537.36 (KHTML, like Gecko) Code/1.137.0 Chrome/148.0.7778.280 Electron/42.10.0 Safari/537.36'
    'HTTP_ORIGIN' => 'http://localhost:8080'
    'HTTP_ACCEPT' => 'text/html,application/xhtml+xml,application/xml;q=0.9,image/avif,image/webp,image/apng,*/*;q=0.8,application/signed-exchange;v=b3;q=0.7'
    'HTTP_SEC_FETCH_SITE' => 'same-origin'
    'HTTP_SEC_FETCH_MODE' => 'navigate'
    'HTTP_SEC_FETCH_USER' => '?1'
    'HTTP_SEC_FETCH_DEST' => 'document'
    'HTTP_REFERER' => 'http://localhost:8080/index.php?r=barang%2Fupdate&id=1'
    'HTTP_ACCEPT_ENCODING' => 'gzip, deflate, br, zstd'
    'HTTP_ACCEPT_LANGUAGE' => 'en-US'
    'HTTP_COOKIE' => 'PHPSESSID=b4c7aeaf68ca4ecbf4e7b0f7a7ad2152; _identity=315de64354e447141d4474079587fddbf24651f74f13e00a13a49b181dda432ba%3A2%3A%7Bi%3A0%3Bs%3A9%3A%22_identity%22%3Bi%3A1%3Bs%3A16%3A%22%5B1%2Cnull%2C2592000%5D%22%3B%7D; _csrf=066892e139162ebf5184ff7b26bfb1174be01f6c6b6678e8a9b3870bb6dd151aa%3A2%3A%7Bi%3A0%3Bs%3A5%3A%22_csrf%22%3Bi%3A1%3Bs%3A32%3A%22ALbq0oqnxCCAtDi2vXCQ4uYDpxiVQiBl%22%3B%7D'
    'REQUEST_TIME_FLOAT' => 1789475432.6696
    'REQUEST_TIME' => 1789475432
]
2026-09-17 07:55:25 [::1][-][-][error][yii\db\Exception] PDOException: SQLSTATE[HY000] [2002] No connection could be made because the target machine actively refused it in C:\Users\USER\Downloads\SERKOM\web-toko\EVERYDAYMART\vendor\yiisoft\yii2\db\Connection.php:721
Stack trace:
#0 C:\Users\USER\Downloads\SERKOM\web-toko\EVERYDAYMART\vendor\yiisoft\yii2\db\Connection.php(721): PDO->__construct('mysql:host=loca...', 'root', Object(SensitiveParameterValue), NULL)
#1 C:\Users\USER\Downloads\SERKOM\web-toko\EVERYDAYMART\vendor\yiisoft\yii2\db\Connection.php(636): yii\db\Connection->createPdoInstance()
#2 C:\Users\USER\Downloads\SERKOM\web-toko\EVERYDAYMART\vendor\yiisoft\yii2\db\Connection.php(1066): yii\db\Connection->open()
#3 C:\Users\USER\Downloads\SERKOM\web-toko\EVERYDAYMART\vendor\yiisoft\yii2\db\Connection.php(1053): yii\db\Connection->getMasterPdo()
#4 C:\Users\USER\Downloads\SERKOM\web-toko\EVERYDAYMART\vendor\yiisoft\yii2\db\mysql\QueryBuilder.php(401): yii\db\Connection->getSlavePdo(true)
#5 C:\Users\USER\Downloads\SERKOM\web-toko\EVERYDAYMART\vendor\yiisoft\yii2\db\mysql\QueryBuilder.php(425): yii\db\mysql\QueryBuilder->supportsFractionalSeconds()
#6 C:\Users\USER\Downloads\SERKOM\web-toko\EVERYDAYMART\vendor\yiisoft\yii2\db\mysql\QueryBuilder.php(58): yii\db\mysql\QueryBuilder->defaultTimeTypeMap()
#7 C:\Users\USER\Downloads\SERKOM\web-toko\EVERYDAYMART\vendor\yiisoft\yii2\base\BaseObject.php(109): yii\db\mysql\QueryBuilder->init()
#8 C:\Users\USER\Downloads\SERKOM\web-toko\EVERYDAYMART\vendor\yiisoft\yii2\db\QueryBuilder.php(118): yii\base\BaseObject->__construct(Array)
#9 [internal function]: yii\db\QueryBuilder->__construct(Object(yii\db\Connection), Array)
#10 C:\Users\USER\Downloads\SERKOM\web-toko\EVERYDAYMART\vendor\yiisoft\yii2\di\Container.php(418): ReflectionClass->newInstanceArgs(Array)
#11 C:\Users\USER\Downloads\SERKOM\web-toko\EVERYDAYMART\vendor\yiisoft\yii2\di\Container.php(174): yii\di\Container->build('yii\\db\\mysql\\Qu...', Array, Array)
#12 C:\Users\USER\Downloads\SERKOM\web-toko\EVERYDAYMART\vendor\yiisoft\yii2\BaseYii.php(350): yii\di\Container->get('yii\\db\\mysql\\Qu...', Array)
#13 C:\Users\USER\Downloads\SERKOM\web-toko\EVERYDAYMART\vendor\yiisoft\yii2\db\mysql\Schema.php(265): yii\BaseYii::createObject('yii\\db\\mysql\\Qu...', Array)
#14 C:\Users\USER\Downloads\SERKOM\web-toko\EVERYDAYMART\vendor\yiisoft\yii2\db\Schema.php(248): yii\db\mysql\Schema->createQueryBuilder()
#15 C:\Users\USER\Downloads\SERKOM\web-toko\EVERYDAYMART\vendor\yiisoft\yii2\db\Connection.php(883): yii\db\Schema->getQueryBuilder()
#16 C:\Users\USER\Downloads\SERKOM\web-toko\EVERYDAYMART\vendor\yiisoft\yii2\db\ActiveQuery.php(337): yii\db\Connection->getQueryBuilder()
#17 C:\Users\USER\Downloads\SERKOM\web-toko\EVERYDAYMART\vendor\yiisoft\yii2\db\Query.php(249): yii\db\ActiveQuery->createCommand(Object(yii\db\Connection))
#18 C:\Users\USER\Downloads\SERKOM\web-toko\EVERYDAYMART\vendor\yiisoft\yii2\db\ActiveQuery.php(142): yii\db\Query->all(NULL)
#19 C:\Users\USER\Downloads\SERKOM\web-toko\EVERYDAYMART\controllers\SiteController.php(29): yii\db\ActiveQuery->all()
#20 [internal function]: app\controllers\SiteController->actionIndex(NULL)
#21 C:\Users\USER\Downloads\SERKOM\web-toko\EVERYDAYMART\vendor\yiisoft\yii2\base\InlineAction.php(60): call_user_func_array(Array, Array)
#22 C:\Users\USER\Downloads\SERKOM\web-toko\EVERYDAYMART\vendor\yiisoft\yii2\base\Controller.php(182): yii\base\InlineAction->runWithParams(Array)
#23 C:\Users\USER\Downloads\SERKOM\web-toko\EVERYDAYMART\vendor\yiisoft\yii2\base\Module.php(547): yii\base\Controller->runAction('', Array)
#24 C:\Users\USER\Downloads\SERKOM\web-toko\EVERYDAYMART\vendor\yiisoft\yii2\web\Application.php(105): yii\base\Module->runAction('', Array)
#25 C:\Users\USER\Downloads\SERKOM\web-toko\EVERYDAYMART\vendor\yiisoft\yii2\base\Application.php(382): yii\web\Application->handleRequest(Object(yii\web\Request))
#26 C:\Users\USER\Downloads\SERKOM\web-toko\EVERYDAYMART\web\index.php(14): yii\base\Application->run()
#27 {main}

Next yii\db\Exception: SQLSTATE[HY000] [2002] No connection could be made because the target machine actively refused it in C:\Users\USER\Downloads\SERKOM\web-toko\EVERYDAYMART\vendor\yiisoft\yii2\db\Connection.php:647
Stack trace:
#0 C:\Users\USER\Downloads\SERKOM\web-toko\EVERYDAYMART\vendor\yiisoft\yii2\db\Connection.php(1066): yii\db\Connection->open()
#1 C:\Users\USER\Downloads\SERKOM\web-toko\EVERYDAYMART\vendor\yiisoft\yii2\db\Connection.php(1053): yii\db\Connection->getMasterPdo()
#2 C:\Users\USER\Downloads\SERKOM\web-toko\EVERYDAYMART\vendor\yiisoft\yii2\db\mysql\QueryBuilder.php(401): yii\db\Connection->getSlavePdo(true)
#3 C:\Users\USER\Downloads\SERKOM\web-toko\EVERYDAYMART\vendor\yiisoft\yii2\db\mysql\QueryBuilder.php(425): yii\db\mysql\QueryBuilder->supportsFractionalSeconds()
#4 C:\Users\USER\Downloads\SERKOM\web-toko\EVERYDAYMART\vendor\yiisoft\yii2\db\mysql\QueryBuilder.php(58): yii\db\mysql\QueryBuilder->defaultTimeTypeMap()
#5 C:\Users\USER\Downloads\SERKOM\web-toko\EVERYDAYMART\vendor\yiisoft\yii2\base\BaseObject.php(109): yii\db\mysql\QueryBuilder->init()
#6 C:\Users\USER\Downloads\SERKOM\web-toko\EVERYDAYMART\vendor\yiisoft\yii2\db\QueryBuilder.php(118): yii\base\BaseObject->__construct(Array)
#7 [internal function]: yii\db\QueryBuilder->__construct(Object(yii\db\Connection), Array)
#8 C:\Users\USER\Downloads\SERKOM\web-toko\EVERYDAYMART\vendor\yiisoft\yii2\di\Container.php(418): ReflectionClass->newInstanceArgs(Array)
#9 C:\Users\USER\Downloads\SERKOM\web-toko\EVERYDAYMART\vendor\yiisoft\yii2\di\Container.php(174): yii\di\Container->build('yii\\db\\mysql\\Qu...', Array, Array)
#10 C:\Users\USER\Downloads\SERKOM\web-toko\EVERYDAYMART\vendor\yiisoft\yii2\BaseYii.php(350): yii\di\Container->get('yii\\db\\mysql\\Qu...', Array)
#11 C:\Users\USER\Downloads\SERKOM\web-toko\EVERYDAYMART\vendor\yiisoft\yii2\db\mysql\Schema.php(265): yii\BaseYii::createObject('yii\\db\\mysql\\Qu...', Array)
#12 C:\Users\USER\Downloads\SERKOM\web-toko\EVERYDAYMART\vendor\yiisoft\yii2\db\Schema.php(248): yii\db\mysql\Schema->createQueryBuilder()
#13 C:\Users\USER\Downloads\SERKOM\web-toko\EVERYDAYMART\vendor\yiisoft\yii2\db\Connection.php(883): yii\db\Schema->getQueryBuilder()
#14 C:\Users\USER\Downloads\SERKOM\web-toko\EVERYDAYMART\vendor\yiisoft\yii2\db\ActiveQuery.php(337): yii\db\Connection->getQueryBuilder()
#15 C:\Users\USER\Downloads\SERKOM\web-toko\EVERYDAYMART\vendor\yiisoft\yii2\db\Query.php(249): yii\db\ActiveQuery->createCommand(Object(yii\db\Connection))
#16 C:\Users\USER\Downloads\SERKOM\web-toko\EVERYDAYMART\vendor\yiisoft\yii2\db\ActiveQuery.php(142): yii\db\Query->all(NULL)
#17 C:\Users\USER\Downloads\SERKOM\web-toko\EVERYDAYMART\controllers\SiteController.php(29): yii\db\ActiveQuery->all()
#18 [internal function]: app\controllers\SiteController->actionIndex(NULL)
#19 C:\Users\USER\Downloads\SERKOM\web-toko\EVERYDAYMART\vendor\yiisoft\yii2\base\InlineAction.php(60): call_user_func_array(Array, Array)
#20 C:\Users\USER\Downloads\SERKOM\web-toko\EVERYDAYMART\vendor\yiisoft\yii2\base\Controller.php(182): yii\base\InlineAction->runWithParams(Array)
#21 C:\Users\USER\Downloads\SERKOM\web-toko\EVERYDAYMART\vendor\yiisoft\yii2\base\Module.php(547): yii\base\Controller->runAction('', Array)
#22 C:\Users\USER\Downloads\SERKOM\web-toko\EVERYDAYMART\vendor\yiisoft\yii2\web\Application.php(105): yii\base\Module->runAction('', Array)
#23 C:\Users\USER\Downloads\SERKOM\web-toko\EVERYDAYMART\vendor\yiisoft\yii2\base\Application.php(382): yii\web\Application->handleRequest(Object(yii\web\Request))
#24 C:\Users\USER\Downloads\SERKOM\web-toko\EVERYDAYMART\web\index.php(14): yii\base\Application->run()
#25 {main}
Additional Information:
Array
(
    [0] => HY000
    [1] => 2002
    [2] => No connection could be made because the target machine actively refused it
)

2026-09-17 07:55:12 [::1][-][-][info][application] $_GET = []

$_POST = []

$_FILES = []

$_COOKIE = []

$_SERVER = [
    'DOCUMENT_ROOT' => 'C:\\Users\\USER\\Downloads\\SERKOM\\web-toko\\EVERYDAYMART\\web'
    'REMOTE_ADDR' => '::1'
    'REMOTE_PORT' => '60295'
    'SERVER_SOFTWARE' => 'PHP/8.4.13 (Development Server)'
    'SERVER_PROTOCOL' => 'HTTP/1.1'
    'SERVER_NAME' => 'localhost'
    'SERVER_PORT' => '8080'
    'REQUEST_URI' => '/'
    'REQUEST_METHOD' => 'GET'
    'SCRIPT_NAME' => '/index.php'
    'SCRIPT_FILENAME' => 'C:\\Users\\USER\\Downloads\\SERKOM\\web-toko\\EVERYDAYMART\\web\\index.php'
    'PHP_SELF' => '/index.php'
    'HTTP_HOST' => 'localhost:8080'
    'HTTP_CONNECTION' => 'keep-alive'
    'HTTP_CACHE_CONTROL' => 'max-age=0'
    'HTTP_SEC_CH_UA' => '\"Microsoft Edge\";v=\"153\", \"Not_A Brand\";v=\"8\", \"Chromium\";v=\"153\"'
    'HTTP_SEC_CH_UA_MOBILE' => '?0'
    'HTTP_SEC_CH_UA_PLATFORM' => '\"Windows\"'
    'HTTP_UPGRADE_INSECURE_REQUESTS' => '1'
    'HTTP_USER_AGENT' => 'Mozilla/5.0 (Windows NT 10.0; Win64; x64) AppleWebKit/537.36 (KHTML, like Gecko) Chrome/153.0.0.0 Safari/537.36 Edg/153.0.0.0'
    'HTTP_ACCEPT' => 'text/html,application/xhtml+xml,application/xml;q=0.9,image/avif,image/webp,image/apng,*/*;q=0.8,application/signed-exchange;v=b3;q=0.7'
    'HTTP_SEC_FETCH_SITE' => 'none'
    'HTTP_SEC_FETCH_MODE' => 'navigate'
    'HTTP_SEC_FETCH_USER' => '?1'
    'HTTP_SEC_FETCH_DEST' => 'document'
    'HTTP_ACCEPT_ENCODING' => 'gzip, deflate, br, zstd'
    'HTTP_ACCEPT_LANGUAGE' => 'en-US,en;q=0.9,id;q=0.8,en-ID;q=0.7,id-ID;q=0.6'
    'REQUEST_TIME_FLOAT' => 1789606512.2777
    'REQUEST_TIME' => 1789606512
]
2026-09-17 07:55:40 [::1][-][-][error][yii\db\Exception] PDOException: SQLSTATE[HY000] [2002] No connection could be made because the target machine actively refused it in C:\Users\USER\Downloads\SERKOM\web-toko\EVERYDAYMART\vendor\yiisoft\yii2\db\Connection.php:721
Stack trace:
#0 C:\Users\USER\Downloads\SERKOM\web-toko\EVERYDAYMART\vendor\yiisoft\yii2\db\Connection.php(721): PDO->__construct('mysql:host=loca...', 'root', Object(SensitiveParameterValue), NULL)
#1 C:\Users\USER\Downloads\SERKOM\web-toko\EVERYDAYMART\vendor\yiisoft\yii2\db\Connection.php(636): yii\db\Connection->createPdoInstance()
#2 C:\Users\USER\Downloads\SERKOM\web-toko\EVERYDAYMART\vendor\yiisoft\yii2\db\Connection.php(1066): yii\db\Connection->open()
#3 C:\Users\USER\Downloads\SERKOM\web-toko\EVERYDAYMART\vendor\yiisoft\yii2\db\Connection.php(1053): yii\db\Connection->getMasterPdo()
#4 C:\Users\USER\Downloads\SERKOM\web-toko\EVERYDAYMART\vendor\yiisoft\yii2\db\mysql\QueryBuilder.php(401): yii\db\Connection->getSlavePdo(true)
#5 C:\Users\USER\Downloads\SERKOM\web-toko\EVERYDAYMART\vendor\yiisoft\yii2\db\mysql\QueryBuilder.php(425): yii\db\mysql\QueryBuilder->supportsFractionalSeconds()
#6 C:\Users\USER\Downloads\SERKOM\web-toko\EVERYDAYMART\vendor\yiisoft\yii2\db\mysql\QueryBuilder.php(58): yii\db\mysql\QueryBuilder->defaultTimeTypeMap()
#7 C:\Users\USER\Downloads\SERKOM\web-toko\EVERYDAYMART\vendor\yiisoft\yii2\base\BaseObject.php(109): yii\db\mysql\QueryBuilder->init()
#8 C:\Users\USER\Downloads\SERKOM\web-toko\EVERYDAYMART\vendor\yiisoft\yii2\db\QueryBuilder.php(118): yii\base\BaseObject->__construct(Array)
#9 [internal function]: yii\db\QueryBuilder->__construct(Object(yii\db\Connection), Array)
#10 C:\Users\USER\Downloads\SERKOM\web-toko\EVERYDAYMART\vendor\yiisoft\yii2\di\Container.php(418): ReflectionClass->newInstanceArgs(Array)
#11 C:\Users\USER\Downloads\SERKOM\web-toko\EVERYDAYMART\vendor\yiisoft\yii2\di\Container.php(174): yii\di\Container->build('yii\\db\\mysql\\Qu...', Array, Array)
#12 C:\Users\USER\Downloads\SERKOM\web-toko\EVERYDAYMART\vendor\yiisoft\yii2\BaseYii.php(350): yii\di\Container->get('yii\\db\\mysql\\Qu...', Array)
#13 C:\Users\USER\Downloads\SERKOM\web-toko\EVERYDAYMART\vendor\yiisoft\yii2\db\mysql\Schema.php(265): yii\BaseYii::createObject('yii\\db\\mysql\\Qu...', Array)
#14 C:\Users\USER\Downloads\SERKOM\web-toko\EVERYDAYMART\vendor\yiisoft\yii2\db\Schema.php(248): yii\db\mysql\Schema->createQueryBuilder()
#15 C:\Users\USER\Downloads\SERKOM\web-toko\EVERYDAYMART\vendor\yiisoft\yii2\db\Connection.php(883): yii\db\Schema->getQueryBuilder()
#16 C:\Users\USER\Downloads\SERKOM\web-toko\EVERYDAYMART\vendor\yiisoft\yii2\db\ActiveQuery.php(337): yii\db\Connection->getQueryBuilder()
#17 C:\Users\USER\Downloads\SERKOM\web-toko\EVERYDAYMART\vendor\yiisoft\yii2\db\Query.php(249): yii\db\ActiveQuery->createCommand(Object(yii\db\Connection))
#18 C:\Users\USER\Downloads\SERKOM\web-toko\EVERYDAYMART\vendor\yiisoft\yii2\db\ActiveQuery.php(142): yii\db\Query->all(NULL)
#19 C:\Users\USER\Downloads\SERKOM\web-toko\EVERYDAYMART\controllers\SiteController.php(29): yii\db\ActiveQuery->all()
#20 [internal function]: app\controllers\SiteController->actionIndex(NULL)
#21 C:\Users\USER\Downloads\SERKOM\web-toko\EVERYDAYMART\vendor\yiisoft\yii2\base\InlineAction.php(60): call_user_func_array(Array, Array)
#22 C:\Users\USER\Downloads\SERKOM\web-toko\EVERYDAYMART\vendor\yiisoft\yii2\base\Controller.php(182): yii\base\InlineAction->runWithParams(Array)
#23 C:\Users\USER\Downloads\SERKOM\web-toko\EVERYDAYMART\vendor\yiisoft\yii2\base\Module.php(547): yii\base\Controller->runAction('', Array)
#24 C:\Users\USER\Downloads\SERKOM\web-toko\EVERYDAYMART\vendor\yiisoft\yii2\web\Application.php(105): yii\base\Module->runAction('', Array)
#25 C:\Users\USER\Downloads\SERKOM\web-toko\EVERYDAYMART\vendor\yiisoft\yii2\base\Application.php(382): yii\web\Application->handleRequest(Object(yii\web\Request))
#26 C:\Users\USER\Downloads\SERKOM\web-toko\EVERYDAYMART\web\index.php(14): yii\base\Application->run()
#27 {main}

Next yii\db\Exception: SQLSTATE[HY000] [2002] No connection could be made because the target machine actively refused it in C:\Users\USER\Downloads\SERKOM\web-toko\EVERYDAYMART\vendor\yiisoft\yii2\db\Connection.php:647
Stack trace:
#0 C:\Users\USER\Downloads\SERKOM\web-toko\EVERYDAYMART\vendor\yiisoft\yii2\db\Connection.php(1066): yii\db\Connection->open()
#1 C:\Users\USER\Downloads\SERKOM\web-toko\EVERYDAYMART\vendor\yiisoft\yii2\db\Connection.php(1053): yii\db\Connection->getMasterPdo()
#2 C:\Users\USER\Downloads\SERKOM\web-toko\EVERYDAYMART\vendor\yiisoft\yii2\db\mysql\QueryBuilder.php(401): yii\db\Connection->getSlavePdo(true)
#3 C:\Users\USER\Downloads\SERKOM\web-toko\EVERYDAYMART\vendor\yiisoft\yii2\db\mysql\QueryBuilder.php(425): yii\db\mysql\QueryBuilder->supportsFractionalSeconds()
#4 C:\Users\USER\Downloads\SERKOM\web-toko\EVERYDAYMART\vendor\yiisoft\yii2\db\mysql\QueryBuilder.php(58): yii\db\mysql\QueryBuilder->defaultTimeTypeMap()
#5 C:\Users\USER\Downloads\SERKOM\web-toko\EVERYDAYMART\vendor\yiisoft\yii2\base\BaseObject.php(109): yii\db\mysql\QueryBuilder->init()
#6 C:\Users\USER\Downloads\SERKOM\web-toko\EVERYDAYMART\vendor\yiisoft\yii2\db\QueryBuilder.php(118): yii\base\BaseObject->__construct(Array)
#7 [internal function]: yii\db\QueryBuilder->__construct(Object(yii\db\Connection), Array)
#8 C:\Users\USER\Downloads\SERKOM\web-toko\EVERYDAYMART\vendor\yiisoft\yii2\di\Container.php(418): ReflectionClass->newInstanceArgs(Array)
#9 C:\Users\USER\Downloads\SERKOM\web-toko\EVERYDAYMART\vendor\yiisoft\yii2\di\Container.php(174): yii\di\Container->build('yii\\db\\mysql\\Qu...', Array, Array)
#10 C:\Users\USER\Downloads\SERKOM\web-toko\EVERYDAYMART\vendor\yiisoft\yii2\BaseYii.php(350): yii\di\Container->get('yii\\db\\mysql\\Qu...', Array)
#11 C:\Users\USER\Downloads\SERKOM\web-toko\EVERYDAYMART\vendor\yiisoft\yii2\db\mysql\Schema.php(265): yii\BaseYii::createObject('yii\\db\\mysql\\Qu...', Array)
#12 C:\Users\USER\Downloads\SERKOM\web-toko\EVERYDAYMART\vendor\yiisoft\yii2\db\Schema.php(248): yii\db\mysql\Schema->createQueryBuilder()
#13 C:\Users\USER\Downloads\SERKOM\web-toko\EVERYDAYMART\vendor\yiisoft\yii2\db\Connection.php(883): yii\db\Schema->getQueryBuilder()
#14 C:\Users\USER\Downloads\SERKOM\web-toko\EVERYDAYMART\vendor\yiisoft\yii2\db\ActiveQuery.php(337): yii\db\Connection->getQueryBuilder()
#15 C:\Users\USER\Downloads\SERKOM\web-toko\EVERYDAYMART\vendor\yiisoft\yii2\db\Query.php(249): yii\db\ActiveQuery->createCommand(Object(yii\db\Connection))
#16 C:\Users\USER\Downloads\SERKOM\web-toko\EVERYDAYMART\vendor\yiisoft\yii2\db\ActiveQuery.php(142): yii\db\Query->all(NULL)
#17 C:\Users\USER\Downloads\SERKOM\web-toko\EVERYDAYMART\controllers\SiteController.php(29): yii\db\ActiveQuery->all()
#18 [internal function]: app\controllers\SiteController->actionIndex(NULL)
#19 C:\Users\USER\Downloads\SERKOM\web-toko\EVERYDAYMART\vendor\yiisoft\yii2\base\InlineAction.php(60): call_user_func_array(Array, Array)
#20 C:\Users\USER\Downloads\SERKOM\web-toko\EVERYDAYMART\vendor\yiisoft\yii2\base\Controller.php(182): yii\base\InlineAction->runWithParams(Array)
#21 C:\Users\USER\Downloads\SERKOM\web-toko\EVERYDAYMART\vendor\yiisoft\yii2\base\Module.php(547): yii\base\Controller->runAction('', Array)
#22 C:\Users\USER\Downloads\SERKOM\web-toko\EVERYDAYMART\vendor\yiisoft\yii2\web\Application.php(105): yii\base\Module->runAction('', Array)
#23 C:\Users\USER\Downloads\SERKOM\web-toko\EVERYDAYMART\vendor\yiisoft\yii2\base\Application.php(382): yii\web\Application->handleRequest(Object(yii\web\Request))
#24 C:\Users\USER\Downloads\SERKOM\web-toko\EVERYDAYMART\web\index.php(14): yii\base\Application->run()
#25 {main}
Additional Information:
Array
(
    [0] => HY000
    [1] => 2002
    [2] => No connection could be made because the target machine actively refused it
)

2026-09-17 07:55:33 [::1][-][-][info][application] $_GET = []

$_POST = []

$_FILES = []

$_COOKIE = []

$_SERVER = [
    'DOCUMENT_ROOT' => 'C:\\Users\\USER\\Downloads\\SERKOM\\web-toko\\EVERYDAYMART\\web'
    'REMOTE_ADDR' => '::1'
    'REMOTE_PORT' => '55570'
    'SERVER_SOFTWARE' => 'PHP/8.4.13 (Development Server)'
    'SERVER_PROTOCOL' => 'HTTP/1.1'
    'SERVER_NAME' => 'localhost'
    'SERVER_PORT' => '8080'
    'REQUEST_URI' => '/'
    'REQUEST_METHOD' => 'GET'
    'SCRIPT_NAME' => '/index.php'
    'SCRIPT_FILENAME' => 'C:\\Users\\USER\\Downloads\\SERKOM\\web-toko\\EVERYDAYMART\\web\\index.php'
    'PHP_SELF' => '/index.php'
    'HTTP_HOST' => 'localhost:8080'
    'HTTP_CONNECTION' => 'keep-alive'
    'HTTP_CACHE_CONTROL' => 'max-age=0'
    'HTTP_SEC_CH_UA' => '\"Microsoft Edge\";v=\"153\", \"Not_A Brand\";v=\"8\", \"Chromium\";v=\"153\"'
    'HTTP_SEC_CH_UA_MOBILE' => '?0'
    'HTTP_SEC_CH_UA_PLATFORM' => '\"Windows\"'
    'HTTP_UPGRADE_INSECURE_REQUESTS' => '1'
    'HTTP_USER_AGENT' => 'Mozilla/5.0 (Windows NT 10.0; Win64; x64) AppleWebKit/537.36 (KHTML, like Gecko) Chrome/153.0.0.0 Safari/537.36 Edg/153.0.0.0'
    'HTTP_ACCEPT' => 'text/html,application/xhtml+xml,application/xml;q=0.9,image/avif,image/webp,image/apng,*/*;q=0.8,application/signed-exchange;v=b3;q=0.7'
    'HTTP_SEC_FETCH_SITE' => 'none'
    'HTTP_SEC_FETCH_MODE' => 'navigate'
    'HTTP_SEC_FETCH_USER' => '?1'
    'HTTP_SEC_FETCH_DEST' => 'document'
    'HTTP_ACCEPT_ENCODING' => 'gzip, deflate, br, zstd'
    'HTTP_ACCEPT_LANGUAGE' => 'en-US,en;q=0.9,id;q=0.8,en-ID;q=0.7,id-ID;q=0.6'
    'REQUEST_TIME_FLOAT' => 1789606533.8876
    'REQUEST_TIME' => 1789606533
]
2026-09-17 07:55:46 [::1][-][-][error][yii\db\Exception] PDOException: SQLSTATE[HY000] [2002] No connection could be made because the target machine actively refused it in C:\Users\USER\Downloads\SERKOM\web-toko\EVERYDAYMART\vendor\yiisoft\yii2\db\Connection.php:721
Stack trace:
#0 C:\Users\USER\Downloads\SERKOM\web-toko\EVERYDAYMART\vendor\yiisoft\yii2\db\Connection.php(721): PDO->__construct('mysql:host=loca...', 'root', Object(SensitiveParameterValue), NULL)
#1 C:\Users\USER\Downloads\SERKOM\web-toko\EVERYDAYMART\vendor\yiisoft\yii2\db\Connection.php(636): yii\db\Connection->createPdoInstance()
#2 C:\Users\USER\Downloads\SERKOM\web-toko\EVERYDAYMART\vendor\yiisoft\yii2\db\Connection.php(1066): yii\db\Connection->open()
#3 C:\Users\USER\Downloads\SERKOM\web-toko\EVERYDAYMART\vendor\yiisoft\yii2\db\Connection.php(1053): yii\db\Connection->getMasterPdo()
#4 C:\Users\USER\Downloads\SERKOM\web-toko\EVERYDAYMART\vendor\yiisoft\yii2\db\mysql\QueryBuilder.php(401): yii\db\Connection->getSlavePdo(true)
#5 C:\Users\USER\Downloads\SERKOM\web-toko\EVERYDAYMART\vendor\yiisoft\yii2\db\mysql\QueryBuilder.php(425): yii\db\mysql\QueryBuilder->supportsFractionalSeconds()
#6 C:\Users\USER\Downloads\SERKOM\web-toko\EVERYDAYMART\vendor\yiisoft\yii2\db\mysql\QueryBuilder.php(58): yii\db\mysql\QueryBuilder->defaultTimeTypeMap()
#7 C:\Users\USER\Downloads\SERKOM\web-toko\EVERYDAYMART\vendor\yiisoft\yii2\base\BaseObject.php(109): yii\db\mysql\QueryBuilder->init()
#8 C:\Users\USER\Downloads\SERKOM\web-toko\EVERYDAYMART\vendor\yiisoft\yii2\db\QueryBuilder.php(118): yii\base\BaseObject->__construct(Array)
#9 [internal function]: yii\db\QueryBuilder->__construct(Object(yii\db\Connection), Array)
#10 C:\Users\USER\Downloads\SERKOM\web-toko\EVERYDAYMART\vendor\yiisoft\yii2\di\Container.php(418): ReflectionClass->newInstanceArgs(Array)
#11 C:\Users\USER\Downloads\SERKOM\web-toko\EVERYDAYMART\vendor\yiisoft\yii2\di\Container.php(174): yii\di\Container->build('yii\\db\\mysql\\Qu...', Array, Array)
#12 C:\Users\USER\Downloads\SERKOM\web-toko\EVERYDAYMART\vendor\yiisoft\yii2\BaseYii.php(350): yii\di\Container->get('yii\\db\\mysql\\Qu...', Array)
#13 C:\Users\USER\Downloads\SERKOM\web-toko\EVERYDAYMART\vendor\yiisoft\yii2\db\mysql\Schema.php(265): yii\BaseYii::createObject('yii\\db\\mysql\\Qu...', Array)
#14 C:\Users\USER\Downloads\SERKOM\web-toko\EVERYDAYMART\vendor\yiisoft\yii2\db\Schema.php(248): yii\db\mysql\Schema->createQueryBuilder()
#15 C:\Users\USER\Downloads\SERKOM\web-toko\EVERYDAYMART\vendor\yiisoft\yii2\db\Connection.php(883): yii\db\Schema->getQueryBuilder()
#16 C:\Users\USER\Downloads\SERKOM\web-toko\EVERYDAYMART\vendor\yiisoft\yii2\db\ActiveQuery.php(337): yii\db\Connection->getQueryBuilder()
#17 C:\Users\USER\Downloads\SERKOM\web-toko\EVERYDAYMART\vendor\yiisoft\yii2\db\Query.php(249): yii\db\ActiveQuery->createCommand(Object(yii\db\Connection))
#18 C:\Users\USER\Downloads\SERKOM\web-toko\EVERYDAYMART\vendor\yiisoft\yii2\db\ActiveQuery.php(142): yii\db\Query->all(NULL)
#19 C:\Users\USER\Downloads\SERKOM\web-toko\EVERYDAYMART\controllers\SiteController.php(29): yii\db\ActiveQuery->all()
#20 [internal function]: app\controllers\SiteController->actionIndex(NULL)
#21 C:\Users\USER\Downloads\SERKOM\web-toko\EVERYDAYMART\vendor\yiisoft\yii2\base\InlineAction.php(60): call_user_func_array(Array, Array)
#22 C:\Users\USER\Downloads\SERKOM\web-toko\EVERYDAYMART\vendor\yiisoft\yii2\base\Controller.php(182): yii\base\InlineAction->runWithParams(Array)
#23 C:\Users\USER\Downloads\SERKOM\web-toko\EVERYDAYMART\vendor\yiisoft\yii2\base\Module.php(547): yii\base\Controller->runAction('', Array)
#24 C:\Users\USER\Downloads\SERKOM\web-toko\EVERYDAYMART\vendor\yiisoft\yii2\web\Application.php(105): yii\base\Module->runAction('', Array)
#25 C:\Users\USER\Downloads\SERKOM\web-toko\EVERYDAYMART\vendor\yiisoft\yii2\base\Application.php(382): yii\web\Application->handleRequest(Object(yii\web\Request))
#26 C:\Users\USER\Downloads\SERKOM\web-toko\EVERYDAYMART\web\index.php(14): yii\base\Application->run()
#27 {main}

Next yii\db\Exception: SQLSTATE[HY000] [2002] No connection could be made because the target machine actively refused it in C:\Users\USER\Downloads\SERKOM\web-toko\EVERYDAYMART\vendor\yiisoft\yii2\db\Connection.php:647
Stack trace:
#0 C:\Users\USER\Downloads\SERKOM\web-toko\EVERYDAYMART\vendor\yiisoft\yii2\db\Connection.php(1066): yii\db\Connection->open()
#1 C:\Users\USER\Downloads\SERKOM\web-toko\EVERYDAYMART\vendor\yiisoft\yii2\db\Connection.php(1053): yii\db\Connection->getMasterPdo()
#2 C:\Users\USER\Downloads\SERKOM\web-toko\EVERYDAYMART\vendor\yiisoft\yii2\db\mysql\QueryBuilder.php(401): yii\db\Connection->getSlavePdo(true)
#3 C:\Users\USER\Downloads\SERKOM\web-toko\EVERYDAYMART\vendor\yiisoft\yii2\db\mysql\QueryBuilder.php(425): yii\db\mysql\QueryBuilder->supportsFractionalSeconds()
#4 C:\Users\USER\Downloads\SERKOM\web-toko\EVERYDAYMART\vendor\yiisoft\yii2\db\mysql\QueryBuilder.php(58): yii\db\mysql\QueryBuilder->defaultTimeTypeMap()
#5 C:\Users\USER\Downloads\SERKOM\web-toko\EVERYDAYMART\vendor\yiisoft\yii2\base\BaseObject.php(109): yii\db\mysql\QueryBuilder->init()
#6 C:\Users\USER\Downloads\SERKOM\web-toko\EVERYDAYMART\vendor\yiisoft\yii2\db\QueryBuilder.php(118): yii\base\BaseObject->__construct(Array)
#7 [internal function]: yii\db\QueryBuilder->__construct(Object(yii\db\Connection), Array)
#8 C:\Users\USER\Downloads\SERKOM\web-toko\EVERYDAYMART\vendor\yiisoft\yii2\di\Container.php(418): ReflectionClass->newInstanceArgs(Array)
#9 C:\Users\USER\Downloads\SERKOM\web-toko\EVERYDAYMART\vendor\yiisoft\yii2\di\Container.php(174): yii\di\Container->build('yii\\db\\mysql\\Qu...', Array, Array)
#10 C:\Users\USER\Downloads\SERKOM\web-toko\EVERYDAYMART\vendor\yiisoft\yii2\BaseYii.php(350): yii\di\Container->get('yii\\db\\mysql\\Qu...', Array)
#11 C:\Users\USER\Downloads\SERKOM\web-toko\EVERYDAYMART\vendor\yiisoft\yii2\db\mysql\Schema.php(265): yii\BaseYii::createObject('yii\\db\\mysql\\Qu...', Array)
#12 C:\Users\USER\Downloads\SERKOM\web-toko\EVERYDAYMART\vendor\yiisoft\yii2\db\Schema.php(248): yii\db\mysql\Schema->createQueryBuilder()
#13 C:\Users\USER\Downloads\SERKOM\web-toko\EVERYDAYMART\vendor\yiisoft\yii2\db\Connection.php(883): yii\db\Schema->getQueryBuilder()
#14 C:\Users\USER\Downloads\SERKOM\web-toko\EVERYDAYMART\vendor\yiisoft\yii2\db\ActiveQuery.php(337): yii\db\Connection->getQueryBuilder()
#15 C:\Users\USER\Downloads\SERKOM\web-toko\EVERYDAYMART\vendor\yiisoft\yii2\db\Query.php(249): yii\db\ActiveQuery->createCommand(Object(yii\db\Connection))
#16 C:\Users\USER\Downloads\SERKOM\web-toko\EVERYDAYMART\vendor\yiisoft\yii2\db\ActiveQuery.php(142): yii\db\Query->all(NULL)
#17 C:\Users\USER\Downloads\SERKOM\web-toko\EVERYDAYMART\controllers\SiteController.php(29): yii\db\ActiveQuery->all()
#18 [internal function]: app\controllers\SiteController->actionIndex(NULL)
#19 C:\Users\USER\Downloads\SERKOM\web-toko\EVERYDAYMART\vendor\yiisoft\yii2\base\InlineAction.php(60): call_user_func_array(Array, Array)
#20 C:\Users\USER\Downloads\SERKOM\web-toko\EVERYDAYMART\vendor\yiisoft\yii2\base\Controller.php(182): yii\base\InlineAction->runWithParams(Array)
#21 C:\Users\USER\Downloads\SERKOM\web-toko\EVERYDAYMART\vendor\yiisoft\yii2\base\Module.php(547): yii\base\Controller->runAction('', Array)
#22 C:\Users\USER\Downloads\SERKOM\web-toko\EVERYDAYMART\vendor\yiisoft\yii2\web\Application.php(105): yii\base\Module->runAction('', Array)
#23 C:\Users\USER\Downloads\SERKOM\web-toko\EVERYDAYMART\vendor\yiisoft\yii2\base\Application.php(382): yii\web\Application->handleRequest(Object(yii\web\Request))
#24 C:\Users\USER\Downloads\SERKOM\web-toko\EVERYDAYMART\web\index.php(14): yii\base\Application->run()
#25 {main}
Additional Information:
Array
(
    [0] => HY000
    [1] => 2002
    [2] => No connection could be made because the target machine actively refused it
)

2026-09-17 07:55:41 [::1][-][-][info][application] $_GET = []

$_POST = []

$_FILES = []

$_COOKIE = []

$_SERVER = [
    'DOCUMENT_ROOT' => 'C:\\Users\\USER\\Downloads\\SERKOM\\web-toko\\EVERYDAYMART\\web'
    'REMOTE_ADDR' => '::1'
    'REMOTE_PORT' => '53866'
    'SERVER_SOFTWARE' => 'PHP/8.4.13 (Development Server)'
    'SERVER_PROTOCOL' => 'HTTP/1.1'
    'SERVER_NAME' => 'localhost'
    'SERVER_PORT' => '8080'
    'REQUEST_URI' => '/index.php'
    'REQUEST_METHOD' => 'GET'
    'SCRIPT_NAME' => '/index.php'
    'SCRIPT_FILENAME' => 'C:\\Users\\USER\\Downloads\\SERKOM\\web-toko\\EVERYDAYMART\\web\\index.php'
    'PHP_SELF' => '/index.php'
    'HTTP_HOST' => 'localhost:8080'
    'HTTP_CONNECTION' => 'keep-alive'
    'HTTP_SEC_CH_UA' => '\"Microsoft Edge\";v=\"153\", \"Not_A Brand\";v=\"8\", \"Chromium\";v=\"153\"'
    'HTTP_SEC_CH_UA_MOBILE' => '?0'
    'HTTP_SEC_CH_UA_PLATFORM' => '\"Windows\"'
    'HTTP_UPGRADE_INSECURE_REQUESTS' => '1'
    'HTTP_USER_AGENT' => 'Mozilla/5.0 (Windows NT 10.0; Win64; x64) AppleWebKit/537.36 (KHTML, like Gecko) Chrome/153.0.0.0 Safari/537.36 Edg/153.0.0.0'
    'HTTP_ACCEPT' => 'text/html,application/xhtml+xml,application/xml;q=0.9,image/avif,image/webp,image/apng,*/*;q=0.8,application/signed-exchange;v=b3;q=0.7'
    'HTTP_SEC_FETCH_SITE' => 'none'
    'HTTP_SEC_FETCH_MODE' => 'navigate'
    'HTTP_SEC_FETCH_USER' => '?1'
    'HTTP_SEC_FETCH_DEST' => 'document'
    'HTTP_ACCEPT_ENCODING' => 'gzip, deflate, br, zstd'
    'HTTP_ACCEPT_LANGUAGE' => 'en-US,en;q=0.9,id;q=0.8,en-ID;q=0.7,id-ID;q=0.6'
    'REQUEST_TIME_FLOAT' => 1789606541.1971
    'REQUEST_TIME' => 1789606541
]
2026-09-17 07:56:28 [::1][-][-][error][yii\db\Exception] PDOException: SQLSTATE[HY000] [2002] No connection could be made because the target machine actively refused it in C:\Users\USER\Downloads\SERKOM\web-toko\EVERYDAYMART\vendor\yiisoft\yii2\db\Connection.php:721
Stack trace:
#0 C:\Users\USER\Downloads\SERKOM\web-toko\EVERYDAYMART\vendor\yiisoft\yii2\db\Connection.php(721): PDO->__construct('mysql:host=loca...', 'root', Object(SensitiveParameterValue), NULL)
#1 C:\Users\USER\Downloads\SERKOM\web-toko\EVERYDAYMART\vendor\yiisoft\yii2\db\Connection.php(636): yii\db\Connection->createPdoInstance()
#2 C:\Users\USER\Downloads\SERKOM\web-toko\EVERYDAYMART\vendor\yiisoft\yii2\db\Connection.php(1066): yii\db\Connection->open()
#3 C:\Users\USER\Downloads\SERKOM\web-toko\EVERYDAYMART\vendor\yiisoft\yii2\db\Connection.php(1053): yii\db\Connection->getMasterPdo()
#4 C:\Users\USER\Downloads\SERKOM\web-toko\EVERYDAYMART\vendor\yiisoft\yii2\db\mysql\QueryBuilder.php(401): yii\db\Connection->getSlavePdo(true)
#5 C:\Users\USER\Downloads\SERKOM\web-toko\EVERYDAYMART\vendor\yiisoft\yii2\db\mysql\QueryBuilder.php(425): yii\db\mysql\QueryBuilder->supportsFractionalSeconds()
#6 C:\Users\USER\Downloads\SERKOM\web-toko\EVERYDAYMART\vendor\yiisoft\yii2\db\mysql\QueryBuilder.php(58): yii\db\mysql\QueryBuilder->defaultTimeTypeMap()
#7 C:\Users\USER\Downloads\SERKOM\web-toko\EVERYDAYMART\vendor\yiisoft\yii2\base\BaseObject.php(109): yii\db\mysql\QueryBuilder->init()
#8 C:\Users\USER\Downloads\SERKOM\web-toko\EVERYDAYMART\vendor\yiisoft\yii2\db\QueryBuilder.php(118): yii\base\BaseObject->__construct(Array)
#9 [internal function]: yii\db\QueryBuilder->__construct(Object(yii\db\Connection), Array)
#10 C:\Users\USER\Downloads\SERKOM\web-toko\EVERYDAYMART\vendor\yiisoft\yii2\di\Container.php(418): ReflectionClass->newInstanceArgs(Array)
#11 C:\Users\USER\Downloads\SERKOM\web-toko\EVERYDAYMART\vendor\yiisoft\yii2\di\Container.php(174): yii\di\Container->build('yii\\db\\mysql\\Qu...', Array, Array)
#12 C:\Users\USER\Downloads\SERKOM\web-toko\EVERYDAYMART\vendor\yiisoft\yii2\BaseYii.php(350): yii\di\Container->get('yii\\db\\mysql\\Qu...', Array)
#13 C:\Users\USER\Downloads\SERKOM\web-toko\EVERYDAYMART\vendor\yiisoft\yii2\db\mysql\Schema.php(265): yii\BaseYii::createObject('yii\\db\\mysql\\Qu...', Array)
#14 C:\Users\USER\Downloads\SERKOM\web-toko\EVERYDAYMART\vendor\yiisoft\yii2\db\Schema.php(248): yii\db\mysql\Schema->createQueryBuilder()
#15 C:\Users\USER\Downloads\SERKOM\web-toko\EVERYDAYMART\vendor\yiisoft\yii2\db\Connection.php(883): yii\db\Schema->getQueryBuilder()
#16 C:\Users\USER\Downloads\SERKOM\web-toko\EVERYDAYMART\vendor\yiisoft\yii2\db\ActiveQuery.php(337): yii\db\Connection->getQueryBuilder()
#17 C:\Users\USER\Downloads\SERKOM\web-toko\EVERYDAYMART\vendor\yiisoft\yii2\db\Query.php(249): yii\db\ActiveQuery->createCommand(Object(yii\db\Connection))
#18 C:\Users\USER\Downloads\SERKOM\web-toko\EVERYDAYMART\vendor\yiisoft\yii2\db\ActiveQuery.php(142): yii\db\Query->all(NULL)
#19 C:\Users\USER\Downloads\SERKOM\web-toko\EVERYDAYMART\controllers\SiteController.php(29): yii\db\ActiveQuery->all()
#20 [internal function]: app\controllers\SiteController->actionIndex(NULL)
#21 C:\Users\USER\Downloads\SERKOM\web-toko\EVERYDAYMART\vendor\yiisoft\yii2\base\InlineAction.php(60): call_user_func_array(Array, Array)
#22 C:\Users\USER\Downloads\SERKOM\web-toko\EVERYDAYMART\vendor\yiisoft\yii2\base\Controller.php(182): yii\base\InlineAction->runWithParams(Array)
#23 C:\Users\USER\Downloads\SERKOM\web-toko\EVERYDAYMART\vendor\yiisoft\yii2\base\Module.php(547): yii\base\Controller->runAction('', Array)
#24 C:\Users\USER\Downloads\SERKOM\web-toko\EVERYDAYMART\vendor\yiisoft\yii2\web\Application.php(105): yii\base\Module->runAction('', Array)
#25 C:\Users\USER\Downloads\SERKOM\web-toko\EVERYDAYMART\vendor\yiisoft\yii2\base\Application.php(382): yii\web\Application->handleRequest(Object(yii\web\Request))
#26 C:\Users\USER\Downloads\SERKOM\web-toko\EVERYDAYMART\web\index.php(14): yii\base\Application->run()
#27 {main}

Next yii\db\Exception: SQLSTATE[HY000] [2002] No connection could be made because the target machine actively refused it in C:\Users\USER\Downloads\SERKOM\web-toko\EVERYDAYMART\vendor\yiisoft\yii2\db\Connection.php:647
Stack trace:
#0 C:\Users\USER\Downloads\SERKOM\web-toko\EVERYDAYMART\vendor\yiisoft\yii2\db\Connection.php(1066): yii\db\Connection->open()
#1 C:\Users\USER\Downloads\SERKOM\web-toko\EVERYDAYMART\vendor\yiisoft\yii2\db\Connection.php(1053): yii\db\Connection->getMasterPdo()
#2 C:\Users\USER\Downloads\SERKOM\web-toko\EVERYDAYMART\vendor\yiisoft\yii2\db\mysql\QueryBuilder.php(401): yii\db\Connection->getSlavePdo(true)
#3 C:\Users\USER\Downloads\SERKOM\web-toko\EVERYDAYMART\vendor\yiisoft\yii2\db\mysql\QueryBuilder.php(425): yii\db\mysql\QueryBuilder->supportsFractionalSeconds()
#4 C:\Users\USER\Downloads\SERKOM\web-toko\EVERYDAYMART\vendor\yiisoft\yii2\db\mysql\QueryBuilder.php(58): yii\db\mysql\QueryBuilder->defaultTimeTypeMap()
#5 C:\Users\USER\Downloads\SERKOM\web-toko\EVERYDAYMART\vendor\yiisoft\yii2\base\BaseObject.php(109): yii\db\mysql\QueryBuilder->init()
#6 C:\Users\USER\Downloads\SERKOM\web-toko\EVERYDAYMART\vendor\yiisoft\yii2\db\QueryBuilder.php(118): yii\base\BaseObject->__construct(Array)
#7 [internal function]: yii\db\QueryBuilder->__construct(Object(yii\db\Connection), Array)
#8 C:\Users\USER\Downloads\SERKOM\web-toko\EVERYDAYMART\vendor\yiisoft\yii2\di\Container.php(418): ReflectionClass->newInstanceArgs(Array)
#9 C:\Users\USER\Downloads\SERKOM\web-toko\EVERYDAYMART\vendor\yiisoft\yii2\di\Container.php(174): yii\di\Container->build('yii\\db\\mysql\\Qu...', Array, Array)
#10 C:\Users\USER\Downloads\SERKOM\web-toko\EVERYDAYMART\vendor\yiisoft\yii2\BaseYii.php(350): yii\di\Container->get('yii\\db\\mysql\\Qu...', Array)
#11 C:\Users\USER\Downloads\SERKOM\web-toko\EVERYDAYMART\vendor\yiisoft\yii2\db\mysql\Schema.php(265): yii\BaseYii::createObject('yii\\db\\mysql\\Qu...', Array)
#12 C:\Users\USER\Downloads\SERKOM\web-toko\EVERYDAYMART\vendor\yiisoft\yii2\db\Schema.php(248): yii\db\mysql\Schema->createQueryBuilder()
#13 C:\Users\USER\Downloads\SERKOM\web-toko\EVERYDAYMART\vendor\yiisoft\yii2\db\Connection.php(883): yii\db\Schema->getQueryBuilder()
#14 C:\Users\USER\Downloads\SERKOM\web-toko\EVERYDAYMART\vendor\yiisoft\yii2\db\ActiveQuery.php(337): yii\db\Connection->getQueryBuilder()
#15 C:\Users\USER\Downloads\SERKOM\web-toko\EVERYDAYMART\vendor\yiisoft\yii2\db\Query.php(249): yii\db\ActiveQuery->createCommand(Object(yii\db\Connection))
#16 C:\Users\USER\Downloads\SERKOM\web-toko\EVERYDAYMART\vendor\yiisoft\yii2\db\ActiveQuery.php(142): yii\db\Query->all(NULL)
#17 C:\Users\USER\Downloads\SERKOM\web-toko\EVERYDAYMART\controllers\SiteController.php(29): yii\db\ActiveQuery->all()
#18 [internal function]: app\controllers\SiteController->actionIndex(NULL)
#19 C:\Users\USER\Downloads\SERKOM\web-toko\EVERYDAYMART\vendor\yiisoft\yii2\base\InlineAction.php(60): call_user_func_array(Array, Array)
#20 C:\Users\USER\Downloads\SERKOM\web-toko\EVERYDAYMART\vendor\yiisoft\yii2\base\Controller.php(182): yii\base\InlineAction->runWithParams(Array)
#21 C:\Users\USER\Downloads\SERKOM\web-toko\EVERYDAYMART\vendor\yiisoft\yii2\base\Module.php(547): yii\base\Controller->runAction('', Array)
#22 C:\Users\USER\Downloads\SERKOM\web-toko\EVERYDAYMART\vendor\yiisoft\yii2\web\Application.php(105): yii\base\Module->runAction('', Array)
#23 C:\Users\USER\Downloads\SERKOM\web-toko\EVERYDAYMART\vendor\yiisoft\yii2\base\Application.php(382): yii\web\Application->handleRequest(Object(yii\web\Request))
#24 C:\Users\USER\Downloads\SERKOM\web-toko\EVERYDAYMART\web\index.php(14): yii\base\Application->run()
#25 {main}
Additional Information:
Array
(
    [0] => HY000
    [1] => 2002
    [2] => No connection could be made because the target machine actively refused it
)

2026-09-17 07:56:23 [::1][-][-][info][application] $_GET = []

$_POST = []

$_FILES = []

$_COOKIE = []

$_SERVER = [
    'DOCUMENT_ROOT' => 'C:\\Users\\USER\\Downloads\\SERKOM\\web-toko\\EVERYDAYMART\\web'
    'REMOTE_ADDR' => '::1'
    'REMOTE_PORT' => '54226'
    'SERVER_SOFTWARE' => 'PHP/8.4.13 (Development Server)'
    'SERVER_PROTOCOL' => 'HTTP/1.1'
    'SERVER_NAME' => 'localhost'
    'SERVER_PORT' => '8080'
    'REQUEST_URI' => '/index.php'
    'REQUEST_METHOD' => 'GET'
    'SCRIPT_NAME' => '/index.php'
    'SCRIPT_FILENAME' => 'C:\\Users\\USER\\Downloads\\SERKOM\\web-toko\\EVERYDAYMART\\web\\index.php'
    'PHP_SELF' => '/index.php'
    'HTTP_HOST' => 'localhost:8080'
    'HTTP_CONNECTION' => 'keep-alive'
    'HTTP_CACHE_CONTROL' => 'max-age=0'
    'HTTP_SEC_CH_UA' => '\"Microsoft Edge\";v=\"153\", \"Not_A Brand\";v=\"8\", \"Chromium\";v=\"153\"'
    'HTTP_SEC_CH_UA_MOBILE' => '?0'
    'HTTP_SEC_CH_UA_PLATFORM' => '\"Windows\"'
    'HTTP_UPGRADE_INSECURE_REQUESTS' => '1'
    'HTTP_USER_AGENT' => 'Mozilla/5.0 (Windows NT 10.0; Win64; x64) AppleWebKit/537.36 (KHTML, like Gecko) Chrome/153.0.0.0 Safari/537.36 Edg/153.0.0.0'
    'HTTP_ACCEPT' => 'text/html,application/xhtml+xml,application/xml;q=0.9,image/avif,image/webp,image/apng,*/*;q=0.8,application/signed-exchange;v=b3;q=0.7'
    'HTTP_SEC_FETCH_SITE' => 'none'
    'HTTP_SEC_FETCH_MODE' => 'navigate'
    'HTTP_SEC_FETCH_USER' => '?1'
    'HTTP_SEC_FETCH_DEST' => 'document'
    'HTTP_ACCEPT_ENCODING' => 'gzip, deflate, br, zstd'
    'HTTP_ACCEPT_LANGUAGE' => 'en-US,en;q=0.9,id;q=0.8,en-ID;q=0.7,id-ID;q=0.6'
    'REQUEST_TIME_FLOAT' => 1789606582.918
    'REQUEST_TIME' => 1789606582
]
2026-09-17 08:16:14 [::1][3][76df33fb244d2e8507cb7aebeb1830b2][error][yii\base\ErrorException:2] yii\base\ErrorException: Undefined variable $selectedOutletId in C:\Users\USER\Downloads\SERKOM\web-toko\EVERYDAYMART\views\site\index.php:48
Stack trace:
#0 C:\Users\USER\Downloads\SERKOM\web-toko\EVERYDAYMART\views\site\index.php(48): yii\base\ErrorHandler->handleError(2, 'Undefined varia...', 'C:\\Users\\USER\\D...', 48)
#1 C:\Users\USER\Downloads\SERKOM\web-toko\EVERYDAYMART\vendor\yiisoft\yii2\base\View.php(345): require('C:\\Users\\USER\\D...')
#2 [internal function]: yii\base\View->{closure:yii\base\View::renderPhpFile():343}('C:\\Users\\USER\\D...', Array)
#3 C:\Users\USER\Downloads\SERKOM\web-toko\EVERYDAYMART\vendor\yiisoft\yii2\base\View.php(350): call_user_func_array(Object(Closure), Array)
#4 C:\Users\USER\Downloads\SERKOM\web-toko\EVERYDAYMART\vendor\yiisoft\yii2\base\View.php(257): yii\base\View->renderPhpFile('C:\\Users\\USER\\D...', Array)
#5 C:\Users\USER\Downloads\SERKOM\web-toko\EVERYDAYMART\vendor\yiisoft\yii2\base\View.php(156): yii\base\View->renderFile('C:\\Users\\USER\\D...', Array, Object(app\controllers\SiteController))
#6 C:\Users\USER\Downloads\SERKOM\web-toko\EVERYDAYMART\vendor\yiisoft\yii2\base\Controller.php(423): yii\base\View->render('index', Array, Object(app\controllers\SiteController))
#7 C:\Users\USER\Downloads\SERKOM\web-toko\EVERYDAYMART\controllers\SiteController.php(46): yii\base\Controller->render('index', Array)
#8 [internal function]: app\controllers\SiteController->actionIndex(1)
#9 C:\Users\USER\Downloads\SERKOM\web-toko\EVERYDAYMART\vendor\yiisoft\yii2\base\InlineAction.php(60): call_user_func_array(Array, Array)
#10 C:\Users\USER\Downloads\SERKOM\web-toko\EVERYDAYMART\vendor\yiisoft\yii2\base\Controller.php(182): yii\base\InlineAction->runWithParams(Array)
#11 C:\Users\USER\Downloads\SERKOM\web-toko\EVERYDAYMART\vendor\yiisoft\yii2\base\Module.php(547): yii\base\Controller->runAction('', Array)
#12 C:\Users\USER\Downloads\SERKOM\web-toko\EVERYDAYMART\vendor\yiisoft\yii2\web\Application.php(105): yii\base\Module->runAction('', Array)
#13 C:\Users\USER\Downloads\SERKOM\web-toko\EVERYDAYMART\vendor\yiisoft\yii2\base\Application.php(382): yii\web\Application->handleRequest(Object(yii\web\Request))
#14 C:\Users\USER\Downloads\SERKOM\web-toko\EVERYDAYMART\web\index.php(14): yii\base\Application->run()
#15 {main}
2026-09-17 08:16:14 [::1][3][76df33fb244d2e8507cb7aebeb1830b2][info][application] $_GET = []

$_POST = []

$_FILES = []

$_COOKIE = [
    'PHPSESSID' => '76df33fb244d2e8507cb7aebeb1830b2'
    '_identity' => 'ef7d999dd16846b4ca752da9ffc96ccc3926929c8867673a4a424da8437c5ffba:2:{i:0;s:9:\"_identity\";i:1;s:16:\"[3,null,2592000]\";}'
    '_csrf' => '5f66a5f78fcd3428fded26a8b58b866d2adc0fba7d8c3a9f9466f351191168f8a:2:{i:0;s:5:\"_csrf\";i:1;s:32:\"CG4-cok4DGSl1Xj7ys7TRts7oM-ecqov\";}'
]

$_SESSION = [
    '__flash' => []
    '__id' => 3
    '__authKey' => null
]

$_SERVER = [
    'DOCUMENT_ROOT' => 'C:\\Users\\USER\\Downloads\\SERKOM\\web-toko\\EVERYDAYMART\\web'
    'REMOTE_ADDR' => '::1'
    'REMOTE_PORT' => '58369'
    'SERVER_SOFTWARE' => 'PHP/8.4.13 (Development Server)'
    'SERVER_PROTOCOL' => 'HTTP/1.1'
    'SERVER_NAME' => 'localhost'
    'SERVER_PORT' => '8080'
    'REQUEST_URI' => '/index.php'
    'REQUEST_METHOD' => 'GET'
    'SCRIPT_NAME' => '/index.php'
    'SCRIPT_FILENAME' => 'C:\\Users\\USER\\Downloads\\SERKOM\\web-toko\\EVERYDAYMART\\web\\index.php'
    'PHP_SELF' => '/index.php'
    'HTTP_HOST' => 'localhost:8080'
    'HTTP_CONNECTION' => 'keep-alive'
    'HTTP_CACHE_CONTROL' => 'max-age=0'
    'HTTP_UPGRADE_INSECURE_REQUESTS' => '1'
    'HTTP_USER_AGENT' => 'Mozilla/5.0 (Windows NT 10.0; Win64; x64) AppleWebKit/537.36 (KHTML, like Gecko) Chrome/153.0.0.0 Safari/537.36 Edg/153.0.0.0'
    'HTTP_ACCEPT' => 'text/html,application/xhtml+xml,application/xml;q=0.9,image/avif,image/webp,image/apng,*/*;q=0.8,application/signed-exchange;v=b3;q=0.7'
    'HTTP_SEC_FETCH_SITE' => 'same-origin'
    'HTTP_SEC_FETCH_MODE' => 'navigate'
    'HTTP_SEC_FETCH_USER' => '?1'
    'HTTP_SEC_FETCH_DEST' => 'document'
    'HTTP_SEC_CH_UA' => '\"Microsoft Edge\";v=\"153\", \"Not_A Brand\";v=\"8\", \"Chromium\";v=\"153\"'
    'HTTP_SEC_CH_UA_MOBILE' => '?0'
    'HTTP_SEC_CH_UA_PLATFORM' => '\"Windows\"'
    'HTTP_REFERER' => 'http://localhost:8080/index.php?r=site%2Flogin'
    'HTTP_ACCEPT_ENCODING' => 'gzip, deflate, br, zstd'
    'HTTP_ACCEPT_LANGUAGE' => 'en-US,en;q=0.9,id;q=0.8,en-ID;q=0.7,id-ID;q=0.6'
    'HTTP_COOKIE' => 'PHPSESSID=76df33fb244d2e8507cb7aebeb1830b2; _identity=ef7d999dd16846b4ca752da9ffc96ccc3926929c8867673a4a424da8437c5ffba%3A2%3A%7Bi%3A0%3Bs%3A9%3A%22_identity%22%3Bi%3A1%3Bs%3A16%3A%22%5B3%2Cnull%2C2592000%5D%22%3B%7D; _csrf=5f66a5f78fcd3428fded26a8b58b866d2adc0fba7d8c3a9f9466f351191168f8a%3A2%3A%7Bi%3A0%3Bs%3A5%3A%22_csrf%22%3Bi%3A1%3Bs%3A32%3A%22CG4-cok4DGSl1Xj7ys7TRts7oM-ecqov%22%3B%7D'
    'REQUEST_TIME_FLOAT' => 1789607774.4623
    'REQUEST_TIME' => 1789607774
]
2026-09-17 08:16:16 [::1][3][76df33fb244d2e8507cb7aebeb1830b2][error][yii\base\ErrorException:2] yii\base\ErrorException: Undefined variable $selectedOutletId in C:\Users\USER\Downloads\SERKOM\web-toko\EVERYDAYMART\views\site\index.php:48
Stack trace:
#0 C:\Users\USER\Downloads\SERKOM\web-toko\EVERYDAYMART\views\site\index.php(48): yii\base\ErrorHandler->handleError(2, 'Undefined varia...', 'C:\\Users\\USER\\D...', 48)
#1 C:\Users\USER\Downloads\SERKOM\web-toko\EVERYDAYMART\vendor\yiisoft\yii2\base\View.php(345): require('C:\\Users\\USER\\D...')
#2 [internal function]: yii\base\View->{closure:yii\base\View::renderPhpFile():343}('C:\\Users\\USER\\D...', Array)
#3 C:\Users\USER\Downloads\SERKOM\web-toko\EVERYDAYMART\vendor\yiisoft\yii2\base\View.php(350): call_user_func_array(Object(Closure), Array)
#4 C:\Users\USER\Downloads\SERKOM\web-toko\EVERYDAYMART\vendor\yiisoft\yii2\base\View.php(257): yii\base\View->renderPhpFile('C:\\Users\\USER\\D...', Array)
#5 C:\Users\USER\Downloads\SERKOM\web-toko\EVERYDAYMART\vendor\yiisoft\yii2\base\View.php(156): yii\base\View->renderFile('C:\\Users\\USER\\D...', Array, Object(app\controllers\SiteController))
#6 C:\Users\USER\Downloads\SERKOM\web-toko\EVERYDAYMART\vendor\yiisoft\yii2\base\Controller.php(423): yii\base\View->render('index', Array, Object(app\controllers\SiteController))
#7 C:\Users\USER\Downloads\SERKOM\web-toko\EVERYDAYMART\controllers\SiteController.php(46): yii\base\Controller->render('index', Array)
#8 [internal function]: app\controllers\SiteController->actionIndex(1)
#9 C:\Users\USER\Downloads\SERKOM\web-toko\EVERYDAYMART\vendor\yiisoft\yii2\base\InlineAction.php(60): call_user_func_array(Array, Array)
#10 C:\Users\USER\Downloads\SERKOM\web-toko\EVERYDAYMART\vendor\yiisoft\yii2\base\Controller.php(182): yii\base\InlineAction->runWithParams(Array)
#11 C:\Users\USER\Downloads\SERKOM\web-toko\EVERYDAYMART\vendor\yiisoft\yii2\base\Module.php(547): yii\base\Controller->runAction('', Array)
#12 C:\Users\USER\Downloads\SERKOM\web-toko\EVERYDAYMART\vendor\yiisoft\yii2\web\Application.php(105): yii\base\Module->runAction('', Array)
#13 C:\Users\USER\Downloads\SERKOM\web-toko\EVERYDAYMART\vendor\yiisoft\yii2\base\Application.php(382): yii\web\Application->handleRequest(Object(yii\web\Request))
#14 C:\Users\USER\Downloads\SERKOM\web-toko\EVERYDAYMART\web\index.php(14): yii\base\Application->run()
#15 {main}
2026-09-17 08:16:16 [::1][3][76df33fb244d2e8507cb7aebeb1830b2][info][application] $_GET = []

$_POST = []

$_FILES = []

$_COOKIE = [
    'PHPSESSID' => '76df33fb244d2e8507cb7aebeb1830b2'
    '_identity' => 'ef7d999dd16846b4ca752da9ffc96ccc3926929c8867673a4a424da8437c5ffba:2:{i:0;s:9:\"_identity\";i:1;s:16:\"[3,null,2592000]\";}'
    '_csrf' => '5f66a5f78fcd3428fded26a8b58b866d2adc0fba7d8c3a9f9466f351191168f8a:2:{i:0;s:5:\"_csrf\";i:1;s:32:\"CG4-cok4DGSl1Xj7ys7TRts7oM-ecqov\";}'
]

$_SESSION = [
    '__flash' => []
    '__id' => 3
    '__authKey' => null
]

$_SERVER = [
    'DOCUMENT_ROOT' => 'C:\\Users\\USER\\Downloads\\SERKOM\\web-toko\\EVERYDAYMART\\web'
    'REMOTE_ADDR' => '::1'
    'REMOTE_PORT' => '62446'
    'SERVER_SOFTWARE' => 'PHP/8.4.13 (Development Server)'
    'SERVER_PROTOCOL' => 'HTTP/1.1'
    'SERVER_NAME' => 'localhost'
    'SERVER_PORT' => '8080'
    'REQUEST_URI' => '/.well-known/appspecific/com.chrome.devtools.json'
    'REQUEST_METHOD' => 'GET'
    'SCRIPT_NAME' => '/index.php'
    'SCRIPT_FILENAME' => 'C:\\Users\\USER\\Downloads\\SERKOM\\web-toko\\EVERYDAYMART\\web\\index.php'
    'PATH_INFO' => '/.well-known/appspecific/com.chrome.devtools.json'
    'PHP_SELF' => '/index.php/.well-known/appspecific/com.chrome.devtools.json'
    'HTTP_HOST' => 'localhost:8080'
    'HTTP_CONNECTION' => 'keep-alive'
    'HTTP_SEC_FETCH_SITE' => 'same-origin'
    'HTTP_SEC_FETCH_MODE' => 'no-cors'
    'HTTP_SEC_FETCH_DEST' => 'empty'
    'HTTP_USER_AGENT' => 'Mozilla/5.0 (Windows NT 10.0; Win64; x64) AppleWebKit/537.36 (KHTML, like Gecko) Chrome/153.0.0.0 Safari/537.36 Edg/153.0.0.0'
    'HTTP_ACCEPT_ENCODING' => 'gzip, deflate, br, zstd'
    'HTTP_ACCEPT_LANGUAGE' => 'en-US,en;q=0.9,id;q=0.8,en-ID;q=0.7,id-ID;q=0.6'
    'HTTP_COOKIE' => 'PHPSESSID=76df33fb244d2e8507cb7aebeb1830b2; _identity=ef7d999dd16846b4ca752da9ffc96ccc3926929c8867673a4a424da8437c5ffba%3A2%3A%7Bi%3A0%3Bs%3A9%3A%22_identity%22%3Bi%3A1%3Bs%3A16%3A%22%5B3%2Cnull%2C2592000%5D%22%3B%7D; _csrf=5f66a5f78fcd3428fded26a8b58b866d2adc0fba7d8c3a9f9466f351191168f8a%3A2%3A%7Bi%3A0%3Bs%3A5%3A%22_csrf%22%3Bi%3A1%3Bs%3A32%3A%22CG4-cok4DGSl1Xj7ys7TRts7oM-ecqov%22%3B%7D'
    'REQUEST_TIME_FLOAT' => 1789607775.994
    'REQUEST_TIME' => 1789607775
]
2026-09-17 10:31:19 [::1][3][fcbd0d7b802f64401a4abce226c5f4f1][error][yii\web\HttpException:404] yii\base\InvalidRouteException: Unable to resolve the request: transaksi/create-ajax in C:\Users\USER\Downloads\SERKOM\web-toko\EVERYDAYMART\vendor\yiisoft\yii2\base\Controller.php:153
Stack trace:
#0 C:\Users\USER\Downloads\SERKOM\web-toko\EVERYDAYMART\vendor\yiisoft\yii2\base\Module.php(547): yii\base\Controller->runAction('create-ajax', Array)
#1 C:\Users\USER\Downloads\SERKOM\web-toko\EVERYDAYMART\vendor\yiisoft\yii2\web\Application.php(105): yii\base\Module->runAction('transaksi/creat...', Array)
#2 C:\Users\USER\Downloads\SERKOM\web-toko\EVERYDAYMART\vendor\yiisoft\yii2\base\Application.php(382): yii\web\Application->handleRequest(Object(yii\web\Request))
#3 C:\Users\USER\Downloads\SERKOM\web-toko\EVERYDAYMART\web\index.php(14): yii\base\Application->run()
#4 {main}

Next yii\web\NotFoundHttpException: Page not found. in C:\Users\USER\Downloads\SERKOM\web-toko\EVERYDAYMART\vendor\yiisoft\yii2\web\Application.php:117
Stack trace:
#0 C:\Users\USER\Downloads\SERKOM\web-toko\EVERYDAYMART\vendor\yiisoft\yii2\base\Application.php(382): yii\web\Application->handleRequest(Object(yii\web\Request))
#1 C:\Users\USER\Downloads\SERKOM\web-toko\EVERYDAYMART\web\index.php(14): yii\base\Application->run()
#2 {main}
2026-09-17 10:31:18 [::1][3][fcbd0d7b802f64401a4abce226c5f4f1][info][application] $_GET = [
    'r' => 'transaksi/create-ajax'
]

$_POST = [
    'items' => [
        0 => [
            'id' => '3'
            'nama' => 'Kemeja Flanel Premium Unisex - L'
            'harga' => '145000'
            'qty' => '1'
            'maxStok' => '15'
        ]
    ]
    'bayar' => '200000'
    'total' => '145000'
]

$_FILES = []

$_COOKIE = [
    'PHPSESSID' => 'fcbd0d7b802f64401a4abce226c5f4f1'
    '_identity' => 'ef7d999dd16846b4ca752da9ffc96ccc3926929c8867673a4a424da8437c5ffba:2:{i:0;s:9:\"_identity\";i:1;s:16:\"[3,null,2592000]\";}'
    '_csrf' => '971c6bc47e3d51ac548696f682a5b80ee1d5015620a54d56e5fdbac75635c65ea:2:{i:0;s:5:\"_csrf\";i:1;s:32:\"I_S1aYaIHE0oZS2k-yZ8t4EOMNQGzUHp\";}'
]

$_SESSION = [
    '__flash' => []
    '__id' => 3
    '__authKey' => null
]

$_SERVER = [
    'DOCUMENT_ROOT' => 'C:\\Users\\USER\\Downloads\\SERKOM\\web-toko\\EVERYDAYMART\\web'
    'REMOTE_ADDR' => '::1'
    'REMOTE_PORT' => '58214'
    'SERVER_SOFTWARE' => 'PHP/8.4.13 (Development Server)'
    'SERVER_PROTOCOL' => 'HTTP/1.1'
    'SERVER_NAME' => 'localhost'
    'SERVER_PORT' => '8080'
    'REQUEST_URI' => '/index.php?r=transaksi%2Fcreate-ajax'
    'REQUEST_METHOD' => 'POST'
    'SCRIPT_NAME' => '/index.php'
    'SCRIPT_FILENAME' => 'C:\\Users\\USER\\Downloads\\SERKOM\\web-toko\\EVERYDAYMART\\web\\index.php'
    'PHP_SELF' => '/index.php'
    'QUERY_STRING' => 'r=transaksi%2Fcreate-ajax'
    'HTTP_HOST' => 'localhost:8080'
    'HTTP_CONNECTION' => 'keep-alive'
    'CONTENT_LENGTH' => '188'
    'HTTP_CONTENT_LENGTH' => '188'
    'HTTP_SEC_CH_UA_PLATFORM' => '\"Windows\"'
    'HTTP_X_CSRF_TOKEN' => '36u3-Y5ZK_ZUPPvVXsqKFNdYGTqzaN1bpTEKfgpqB8uW9OTI7wBKvxx5y7oEmbh_-iFDAsdcmBTof1s5cD9Puw=='
    'HTTP_SEC_CH_UA' => '\"Microsoft Edge\";v=\"153\", \"Not_A Brand\";v=\"8\", \"Chromium\";v=\"153\"'
    'HTTP_SEC_CH_UA_MOBILE' => '?0'
    'HTTP_X_REQUESTED_WITH' => 'XMLHttpRequest'
    'HTTP_USER_AGENT' => 'Mozilla/5.0 (Windows NT 10.0; Win64; x64) AppleWebKit/537.36 (KHTML, like Gecko) Chrome/153.0.0.0 Safari/537.36 Edg/153.0.0.0'
    'HTTP_ACCEPT' => '*/*'
    'CONTENT_TYPE' => 'application/x-www-form-urlencoded; charset=UTF-8'
    'HTTP_CONTENT_TYPE' => 'application/x-www-form-urlencoded; charset=UTF-8'
    'HTTP_ORIGIN' => 'http://localhost:8080'
    'HTTP_SEC_FETCH_SITE' => 'same-origin'
    'HTTP_SEC_FETCH_MODE' => 'cors'
    'HTTP_SEC_FETCH_DEST' => 'empty'
    'HTTP_REFERER' => 'http://localhost:8080/index.php?r=site%2Findex'
    'HTTP_ACCEPT_ENCODING' => 'gzip, deflate, br, zstd'
    'HTTP_ACCEPT_LANGUAGE' => 'en-US,en;q=0.9,id;q=0.8,en-ID;q=0.7,id-ID;q=0.6'
    'HTTP_COOKIE' => 'PHPSESSID=fcbd0d7b802f64401a4abce226c5f4f1; _identity=ef7d999dd16846b4ca752da9ffc96ccc3926929c8867673a4a424da8437c5ffba%3A2%3A%7Bi%3A0%3Bs%3A9%3A%22_identity%22%3Bi%3A1%3Bs%3A16%3A%22%5B3%2Cnull%2C2592000%5D%22%3B%7D; _csrf=971c6bc47e3d51ac548696f682a5b80ee1d5015620a54d56e5fdbac75635c65ea%3A2%3A%7Bi%3A0%3Bs%3A5%3A%22_csrf%22%3Bi%3A1%3Bs%3A32%3A%22I_S1aYaIHE0oZS2k-yZ8t4EOMNQGzUHp%22%3B%7D'
    'REQUEST_TIME_FLOAT' => 1789615878.7992
    'REQUEST_TIME' => 1789615878
]
2026-09-17 10:32:02 [::1][3][fcbd0d7b802f64401a4abce226c5f4f1][error][yii\web\HttpException:404] yii\base\InvalidRouteException: Unable to resolve the request: transaksi/create-ajax in C:\Users\USER\Downloads\SERKOM\web-toko\EVERYDAYMART\vendor\yiisoft\yii2\base\Controller.php:153
Stack trace:
#0 C:\Users\USER\Downloads\SERKOM\web-toko\EVERYDAYMART\vendor\yiisoft\yii2\base\Module.php(547): yii\base\Controller->runAction('create-ajax', Array)
#1 C:\Users\USER\Downloads\SERKOM\web-toko\EVERYDAYMART\vendor\yiisoft\yii2\web\Application.php(105): yii\base\Module->runAction('transaksi/creat...', Array)
#2 C:\Users\USER\Downloads\SERKOM\web-toko\EVERYDAYMART\vendor\yiisoft\yii2\base\Application.php(382): yii\web\Application->handleRequest(Object(yii\web\Request))
#3 C:\Users\USER\Downloads\SERKOM\web-toko\EVERYDAYMART\web\index.php(14): yii\base\Application->run()
#4 {main}

Next yii\web\NotFoundHttpException: Page not found. in C:\Users\USER\Downloads\SERKOM\web-toko\EVERYDAYMART\vendor\yiisoft\yii2\web\Application.php:117
Stack trace:
#0 C:\Users\USER\Downloads\SERKOM\web-toko\EVERYDAYMART\vendor\yiisoft\yii2\base\Application.php(382): yii\web\Application->handleRequest(Object(yii\web\Request))
#1 C:\Users\USER\Downloads\SERKOM\web-toko\EVERYDAYMART\web\index.php(14): yii\base\Application->run()
#2 {main}
2026-09-17 10:32:02 [::1][3][fcbd0d7b802f64401a4abce226c5f4f1][info][application] $_GET = [
    'r' => 'transaksi/create-ajax'
]

$_POST = [
    'items' => [
        0 => [
            'id' => '1'
            'nama' => 'Kaos Polos Cotton Combed 30s - M'
            'harga' => '65000'
            'qty' => '1'
            'maxStok' => '45'
        ]
    ]
    'bayar' => '100000'
    'total' => '65000'
]

$_FILES = []

$_COOKIE = [
    'PHPSESSID' => 'fcbd0d7b802f64401a4abce226c5f4f1'
    '_identity' => 'ef7d999dd16846b4ca752da9ffc96ccc3926929c8867673a4a424da8437c5ffba:2:{i:0;s:9:\"_identity\";i:1;s:16:\"[3,null,2592000]\";}'
    '_csrf' => '971c6bc47e3d51ac548696f682a5b80ee1d5015620a54d56e5fdbac75635c65ea:2:{i:0;s:5:\"_csrf\";i:1;s:32:\"I_S1aYaIHE0oZS2k-yZ8t4EOMNQGzUHp\";}'
]

$_SESSION = [
    '__flash' => []
    '__id' => 3
    '__authKey' => null
]

$_SERVER = [
    'DOCUMENT_ROOT' => 'C:\\Users\\USER\\Downloads\\SERKOM\\web-toko\\EVERYDAYMART\\web'
    'REMOTE_ADDR' => '::1'
    'REMOTE_PORT' => '63818'
    'SERVER_SOFTWARE' => 'PHP/8.4.13 (Development Server)'
    'SERVER_PROTOCOL' => 'HTTP/1.1'
    'SERVER_NAME' => 'localhost'
    'SERVER_PORT' => '8080'
    'REQUEST_URI' => '/index.php?r=transaksi%2Fcreate-ajax'
    'REQUEST_METHOD' => 'POST'
    'SCRIPT_NAME' => '/index.php'
    'SCRIPT_FILENAME' => 'C:\\Users\\USER\\Downloads\\SERKOM\\web-toko\\EVERYDAYMART\\web\\index.php'
    'PHP_SELF' => '/index.php'
    'QUERY_STRING' => 'r=transaksi%2Fcreate-ajax'
    'HTTP_HOST' => 'localhost:8080'
    'HTTP_CONNECTION' => 'keep-alive'
    'CONTENT_LENGTH' => '186'
    'HTTP_CONTENT_LENGTH' => '186'
    'HTTP_SEC_CH_UA_PLATFORM' => '\"Windows\"'
    'HTTP_X_CSRF_TOKEN' => 'pt_NDWfdz6EVDpdoONbwvSahQWh-WNS84jGwVlFOdoXvgJ48BoSu6F1LpwdihcLWC9gbUApskfOvf-ERKxs-9Q=='
    'HTTP_SEC_CH_UA' => '\"Microsoft Edge\";v=\"153\", \"Not_A Brand\";v=\"8\", \"Chromium\";v=\"153\"'
    'HTTP_SEC_CH_UA_MOBILE' => '?0'
    'HTTP_X_REQUESTED_WITH' => 'XMLHttpRequest'
    'HTTP_USER_AGENT' => 'Mozilla/5.0 (Windows NT 10.0; Win64; x64) AppleWebKit/537.36 (KHTML, like Gecko) Chrome/153.0.0.0 Safari/537.36 Edg/153.0.0.0'
    'HTTP_ACCEPT' => '*/*'
    'CONTENT_TYPE' => 'application/x-www-form-urlencoded; charset=UTF-8'
    'HTTP_CONTENT_TYPE' => 'application/x-www-form-urlencoded; charset=UTF-8'
    'HTTP_ORIGIN' => 'http://localhost:8080'
    'HTTP_SEC_FETCH_SITE' => 'same-origin'
    'HTTP_SEC_FETCH_MODE' => 'cors'
    'HTTP_SEC_FETCH_DEST' => 'empty'
    'HTTP_REFERER' => 'http://localhost:8080/index.php?r=site%2Findex'
    'HTTP_ACCEPT_ENCODING' => 'gzip, deflate, br, zstd'
    'HTTP_ACCEPT_LANGUAGE' => 'en-US,en;q=0.9,id;q=0.8,en-ID;q=0.7,id-ID;q=0.6'
    'HTTP_COOKIE' => 'PHPSESSID=fcbd0d7b802f64401a4abce226c5f4f1; _identity=ef7d999dd16846b4ca752da9ffc96ccc3926929c8867673a4a424da8437c5ffba%3A2%3A%7Bi%3A0%3Bs%3A9%3A%22_identity%22%3Bi%3A1%3Bs%3A16%3A%22%5B3%2Cnull%2C2592000%5D%22%3B%7D; _csrf=971c6bc47e3d51ac548696f682a5b80ee1d5015620a54d56e5fdbac75635c65ea%3A2%3A%7Bi%3A0%3Bs%3A5%3A%22_csrf%22%3Bi%3A1%3Bs%3A32%3A%22I_S1aYaIHE0oZS2k-yZ8t4EOMNQGzUHp%22%3B%7D'
    'REQUEST_TIME_FLOAT' => 1789615922.5715
    'REQUEST_TIME' => 1789615922
]
2026-09-17 05:40:06 [-][-][-][error][yii\console\UnknownCommandException] yii\base\InvalidRouteException: Unable to resolve the request "SERVE". in C:\Users\USER\Downloads\SERKOM\web-toko\EVERYDAYMART\vendor\yiisoft\yii2\base\Module.php:556
Stack trace:
#0 C:\Users\USER\Downloads\SERKOM\web-toko\EVERYDAYMART\vendor\yiisoft\yii2\console\Application.php(180): yii\base\Module->runAction('SERVE', Array)
#1 C:\Users\USER\Downloads\SERKOM\web-toko\EVERYDAYMART\vendor\yiisoft\yii2\console\Application.php(147): yii\console\Application->runAction('SERVE', Array)
#2 C:\Users\USER\Downloads\SERKOM\web-toko\EVERYDAYMART\vendor\yiisoft\yii2\base\Application.php(382): yii\console\Application->handleRequest(Object(yii\console\Request))
#3 C:\Users\USER\Downloads\SERKOM\web-toko\EVERYDAYMART\yii(20): yii\base\Application->run()
#4 {main}

Next yii\console\UnknownCommandException: Unknown command "SERVE". in C:\Users\USER\Downloads\SERKOM\web-toko\EVERYDAYMART\vendor\yiisoft\yii2\console\Application.php:183
Stack trace:
#0 C:\Users\USER\Downloads\SERKOM\web-toko\EVERYDAYMART\vendor\yiisoft\yii2\console\Application.php(147): yii\console\Application->runAction('SERVE', Array)
#1 C:\Users\USER\Downloads\SERKOM\web-toko\EVERYDAYMART\vendor\yiisoft\yii2\base\Application.php(382): yii\console\Application->handleRequest(Object(yii\console\Request))
#2 C:\Users\USER\Downloads\SERKOM\web-toko\EVERYDAYMART\yii(20): yii\base\Application->run()
#3 {main}
2026-09-17 05:40:03 [-][-][-][info][application] $_GET = []

$_POST = []

$_FILES = []

$_COOKIE = []

$_SERVER = [
    'ALLUSERSPROFILE' => 'C:\\ProgramData'
    'APPDATA' => 'C:\\Users\\USER\\AppData\\Roaming'
    'CHROME_CRASHPAD_PIPE_NAME' => '\\\\.\\pipe\\crashpad_16052_FFWZVRPXQCOHHPAH'
    'COMPUTERNAME' => 'LAPTOP-N8DBASUB'
    'ComSpec' => 'C:\\WINDOWS\\system32\\cmd.exe'
    'CommonProgramFiles' => 'C:\\Program Files\\Common Files'
    'CommonProgramFiles(x86)' => 'C:\\Program Files (x86)\\Common Files'
    'CommonProgramW6432' => 'C:\\Program Files\\Common Files'
    'DriverData' => 'C:\\Windows\\System32\\Drivers\\DriverData'
    'HOMEDRIVE' => 'C:'
    'HOMEPATH' => '\\Users\\USER'
    'LOCALAPPDATA' => 'C:\\Users\\USER\\AppData\\Local'
    'LOGONSERVER' => '\\\\LAPTOP-N8DBASUB'
    'MEmu_Path' => 'C:\\Program Files (x86)'
    'NUMBER_OF_PROCESSORS' => '4'
    'OS' => 'Windows_NT'
    'OneDrive' => 'C:\\Users\\USER\\OneDrive'
    'OnlineServices' => 'Online Services'
    'PATHEXT' => '.COM;.EXE;.BAT;.CMD;.VBS;.VBE;.JS;.JSE;.WSF;.WSH;.MSC'
    'PROCESSOR_ARCHITECTURE' => 'AMD64'
    'PROCESSOR_IDENTIFIER' => 'AMD64 Family 23 Model 24 Stepping 1, AuthenticAMD'
    'PROCESSOR_LEVEL' => '23'
    'PROCESSOR_REVISION' => '1801'
    'PROMPT' => '$P$G'
    'PSModulePath' => '%ProgramFiles%\\WindowsPowerShell\\Modules;C:\\WINDOWS\\system32\\WindowsPowerShell\\v1.0\\Modules'
    'PUBLIC' => 'C:\\Users\\Public'
    'Path' => 'c:\\Users\\USER\\AppData\\Roaming\\Code\\User\\globalStorage\\github.copilot-chat\\debugCommand;c:\\Users\\USER\\AppData\\Roaming\\Code\\User\\globalStorage\\github.copilot-chat\\copilotCli;C:\\WINDOWS\\system32;C:\\WINDOWS;C:\\WINDOWS\\System32\\Wbem;C:\\WINDOWS\\System32\\WindowsPowerShell\\v1.0\\;C:\\WINDOWS\\System32\\OpenSSH\\;C:\\Program Files\\PostgreSQL\\17\\bin;C:\\Program Files\\nodejs\\;C:\\Users\\USER\\AppData\\Local\\Yarn\\config\\global\\node_modules\\.bin;C:\\Users\\USER\\AppData\\Roaming\\Composer\\vendor\\bin;C:\\Users\\USER\\AppData\\Roaming\\npm;D:\\laragon\\bin;D:\\laragon\\bin\\apache\\httpd-2.4.54-win64-VS16\\bin;D:\\laragon\\bin\\composer;D:\\laragon\\bin\\git\\bin;D:\\laragon\\bin\\git\\cmd;D:\\laragon\\bin\\git\\mingw64\\bin;D:\\laragon\\bin\\git\\usr\\bin;D:\\laragon\\bin\\laragon\\utils;D:\\laragon\\bin\\mysql\\mysql-8.0.30-winx64\\bin;D:\\laragon\\bin\\nginx\\nginx-1.22.0;D:\\laragon\\bin\\ngrok;D:\\laragon\\bin\\nodejs\\node-v18;D:\\laragon\\bin\\notepad++;D:\\laragon\\bin\\php\\php-8.4.13-nts-Win32-vs17-x64;D:\\laragon\\bin\\python\\python-3.10;D:\\laragon\\bin\\python\\python-3.10\\Scripts;D:\\laragon\\bin\\redis\\redis-x64-5.0.14.1;D:\\laragon\\bin\\telnet;D:\\laragon\\usr\\bin;C:\\Users\\USER\\AppData\\Local\\Programs\\Python\\Launcher\\;C:\\Users\\USER\\AppData\\Local\\Microsoft\\WindowsApps;C:\\Users\\USER\\AppData\\Local\\Programs\\Microsoft VS Code\\bin;C:\\Users\\USER\\AppData\\Local\\Programs\\Python\\Python312\\;C:\\Users\\USER\\AppData\\Local\\Programs\\Python\\Python312\\Scripts\\'
    'ProgramData' => 'C:\\ProgramData'
    'ProgramFiles' => 'C:\\Program Files'
    'ProgramFiles(x86)' => 'C:\\Program Files (x86)'
    'ProgramW6432' => 'C:\\Program Files'
    'RegionCode' => 'APJ'
    'SystemDrive' => 'C:'
    'SystemRoot' => 'C:\\WINDOWS'
    'TEMP' => 'C:\\Users\\USER\\AppData\\Local\\Temp'
    'TMP' => 'C:\\Users\\USER\\AppData\\Local\\Temp'
    'USERDOMAIN' => 'LAPTOP-N8DBASUB'
    'USERDOMAIN_ROAMINGPROFILE' => 'LAPTOP-N8DBASUB'
    'USERNAME' => 'Iqbass'
    'USERPROFILE' => 'C:\\Users\\USER'
    'VBOX_HWVIRTEX_IGNORE_SVM_IN_USE' => '1'
    'platformcode' => 'KV'
    'windir' => 'C:\\WINDOWS'
    'TERM_PROGRAM' => 'vscode'
    'TERM_PROGRAM_VERSION' => '1.138.0'
    'LANG' => 'en_US.UTF-8'
    'COLORTERM' => 'truecolor'
    'COPILOT_DEBUG_NONCE' => '23223738121a86bec4df1adf2c9f2b09'
    'GIT_ASKPASS' => 'c:\\Users\\USER\\AppData\\Roaming\\Code\\User\\globalStorage\\vscode.git\\askpass\\70789581cae28aa7\\askpass.sh'
    'VSCODE_GIT_ASKPASS_NODE' => 'C:\\Users\\USER\\AppData\\Local\\Programs\\Microsoft VS Code\\Code.exe'
    'VSCODE_GIT_ASKPASS_EXTRA_ARGS' => ''
    'VSCODE_GIT_ASKPASS_MAIN' => 'c:\\Users\\USER\\AppData\\Roaming\\Code\\User\\globalStorage\\vscode.git\\askpass\\70789581cae28aa7\\askpass-main.js'
    'VSCODE_GIT_IPC_HANDLE' => '\\\\.\\pipe\\vscode-git-415b23d33f-sock'
    'VSCODE_NONCE' => '6ac93a9d-8fde-44a5-b9f7-dcd286c5a1e1'
    'PHP_SELF' => 'YII'
    'SCRIPT_NAME' => 'YII'
    'SCRIPT_FILENAME' => 'YII'
    'PATH_TRANSLATED' => 'YII'
    'DOCUMENT_ROOT' => ''
    'REQUEST_TIME_FLOAT' => 1789623603.4975
    'REQUEST_TIME' => 1789623603
    'argv' => [
        0 => 'YII'
        1 => 'SERVE'
    ]
    'argc' => 2
]
2026-09-17 13:53:17 [::1][1][8995238bd48b0f11a63eed1d6c6e78c7][error][yii\db\Exception] PDOException: SQLSTATE[HY000]: General error: 1364 Field 'id_outlet' doesn't have a default value in C:\Users\USER\Downloads\SERKOM\web-toko\EVERYDAYMART\vendor\yiisoft\yii2\db\Command.php:1320
Stack trace:
#0 C:\Users\USER\Downloads\SERKOM\web-toko\EVERYDAYMART\vendor\yiisoft\yii2\db\Command.php(1320): PDOStatement->execute()
#1 C:\Users\USER\Downloads\SERKOM\web-toko\EVERYDAYMART\vendor\yiisoft\yii2\db\Command.php(1120): yii\db\Command->internalExecute('INSERT INTO `st...')
#2 C:\Users\USER\Downloads\SERKOM\web-toko\EVERYDAYMART\vendor\yiisoft\yii2\db\Schema.php(432): yii\db\Command->execute()
#3 C:\Users\USER\Downloads\SERKOM\web-toko\EVERYDAYMART\vendor\yiisoft\yii2\db\ActiveRecord.php(627): yii\db\Schema->insert('stok_barang', Array)
#4 C:\Users\USER\Downloads\SERKOM\web-toko\EVERYDAYMART\vendor\yiisoft\yii2\db\ActiveRecord.php(565): yii\db\ActiveRecord->insertInternal(NULL)
#5 C:\Users\USER\Downloads\SERKOM\web-toko\EVERYDAYMART\vendor\yiisoft\yii2\db\BaseActiveRecord.php(695): yii\db\ActiveRecord->insert(false, NULL)
#6 C:\Users\USER\Downloads\SERKOM\web-toko\EVERYDAYMART\controllers\BarangController.php(99): yii\db\BaseActiveRecord->save(false)
#7 [internal function]: app\controllers\BarangController->actionCreate()
#8 C:\Users\USER\Downloads\SERKOM\web-toko\EVERYDAYMART\vendor\yiisoft\yii2\base\InlineAction.php(60): call_user_func_array(Array, Array)
#9 C:\Users\USER\Downloads\SERKOM\web-toko\EVERYDAYMART\vendor\yiisoft\yii2\base\Controller.php(182): yii\base\InlineAction->runWithParams(Array)
#10 C:\Users\USER\Downloads\SERKOM\web-toko\EVERYDAYMART\vendor\yiisoft\yii2\base\Module.php(547): yii\base\Controller->runAction('create', Array)
#11 C:\Users\USER\Downloads\SERKOM\web-toko\EVERYDAYMART\vendor\yiisoft\yii2\web\Application.php(105): yii\base\Module->runAction('barang/create', Array)
#12 C:\Users\USER\Downloads\SERKOM\web-toko\EVERYDAYMART\vendor\yiisoft\yii2\base\Application.php(382): yii\web\Application->handleRequest(Object(yii\web\Request))
#13 C:\Users\USER\Downloads\SERKOM\web-toko\EVERYDAYMART\web\index.php(14): yii\base\Application->run()
#14 {main}

Next yii\db\Exception: SQLSTATE[HY000]: General error: 1364 Field 'id_outlet' doesn't have a default value
The SQL being executed was: INSERT INTO `stok_barang` (`id_barang`, `jumlah_stok`) VALUES (11, 0) in C:\Users\USER\Downloads\SERKOM\web-toko\EVERYDAYMART\vendor\yiisoft\yii2\db\Schema.php:677
Stack trace:
#0 C:\Users\USER\Downloads\SERKOM\web-toko\EVERYDAYMART\vendor\yiisoft\yii2\db\Command.php(1325): yii\db\Schema->convertException(Object(PDOException), 'INSERT INTO `st...')
#1 C:\Users\USER\Downloads\SERKOM\web-toko\EVERYDAYMART\vendor\yiisoft\yii2\db\Command.php(1120): yii\db\Command->internalExecute('INSERT INTO `st...')
#2 C:\Users\USER\Downloads\SERKOM\web-toko\EVERYDAYMART\vendor\yiisoft\yii2\db\Schema.php(432): yii\db\Command->execute()
#3 C:\Users\USER\Downloads\SERKOM\web-toko\EVERYDAYMART\vendor\yiisoft\yii2\db\ActiveRecord.php(627): yii\db\Schema->insert('stok_barang', Array)
#4 C:\Users\USER\Downloads\SERKOM\web-toko\EVERYDAYMART\vendor\yiisoft\yii2\db\ActiveRecord.php(565): yii\db\ActiveRecord->insertInternal(NULL)
#5 C:\Users\USER\Downloads\SERKOM\web-toko\EVERYDAYMART\vendor\yiisoft\yii2\db\BaseActiveRecord.php(695): yii\db\ActiveRecord->insert(false, NULL)
#6 C:\Users\USER\Downloads\SERKOM\web-toko\EVERYDAYMART\controllers\BarangController.php(99): yii\db\BaseActiveRecord->save(false)
#7 [internal function]: app\controllers\BarangController->actionCreate()
#8 C:\Users\USER\Downloads\SERKOM\web-toko\EVERYDAYMART\vendor\yiisoft\yii2\base\InlineAction.php(60): call_user_func_array(Array, Array)
#9 C:\Users\USER\Downloads\SERKOM\web-toko\EVERYDAYMART\vendor\yiisoft\yii2\base\Controller.php(182): yii\base\InlineAction->runWithParams(Array)
#10 C:\Users\USER\Downloads\SERKOM\web-toko\EVERYDAYMART\vendor\yiisoft\yii2\base\Module.php(547): yii\base\Controller->runAction('create', Array)
#11 C:\Users\USER\Downloads\SERKOM\web-toko\EVERYDAYMART\vendor\yiisoft\yii2\web\Application.php(105): yii\base\Module->runAction('barang/create', Array)
#12 C:\Users\USER\Downloads\SERKOM\web-toko\EVERYDAYMART\vendor\yiisoft\yii2\base\Application.php(382): yii\web\Application->handleRequest(Object(yii\web\Request))
#13 C:\Users\USER\Downloads\SERKOM\web-toko\EVERYDAYMART\web\index.php(14): yii\base\Application->run()
#14 {main}
Additional Information:
Array
(
    [0] => HY000
    [1] => 1364
    [2] => Field 'id_outlet' doesn't have a default value
)

2026-09-17 13:53:17 [::1][1][8995238bd48b0f11a63eed1d6c6e78c7][info][application] $_GET = [
    'r' => 'barang/create'
]

$_POST = [
    '_csrf' => 'oeYKL_CYXU50oMuUF2LnKH5ezN3I5vEaCowLKio-0_LkkkYdgtIqJ0H2-q1VMIMQPD21t7GFl0x4wjxaHmTksQ=='
    'Barang' => [
        'nama' => 'hufdguk'
        'satuan' => '2'
        'harga' => '200000'
        'id_group' => '2'
        'id_stock_rak' => '1'
        'id_ppn' => ''
        'imageFile' => ''
    ]
]

$_FILES = [
    'Barang' => [
        'name' => [
            'imageFile' => 'kaos polo.jpg'
        ]
        'full_path' => [
            'imageFile' => 'kaos polo.jpg'
        ]
        'type' => [
            'imageFile' => 'image/jpeg'
        ]
        'tmp_name' => [
            'imageFile' => 'C:\\Users\\USER\\AppData\\Local\\Temp\\phpE8D2.tmp'
        ]
        'error' => [
            'imageFile' => 0
        ]
        'size' => [
            'imageFile' => 15184
        ]
    ]
]

$_COOKIE = [
    'PHPSESSID' => '8995238bd48b0f11a63eed1d6c6e78c7'
    '_identity' => '315de64354e447141d4474079587fddbf24651f74f13e00a13a49b181dda432ba:2:{i:0;s:9:\"_identity\";i:1;s:16:\"[1,null,2592000]\";}'
    '_csrf' => '6e76457fc7f44db49c2753bd41e0bb991ffaa68271951a3acfbb13e32ecb2a9fa:2:{i:0;s:5:\"_csrf\";i:1;s:32:\"EtL2rJwi5V19BRd8BcyjycfVrN7p4Z7C\";}'
]

$_SESSION = [
    '__flash' => []
    '__id' => 1
    '__authKey' => null
]

$_SERVER = [
    'DOCUMENT_ROOT' => 'C:\\Users\\USER\\Downloads\\SERKOM\\web-toko\\EVERYDAYMART\\web'
    'REMOTE_ADDR' => '::1'
    'REMOTE_PORT' => '53068'
    'SERVER_SOFTWARE' => 'PHP/8.4.13 (Development Server)'
    'SERVER_PROTOCOL' => 'HTTP/1.1'
    'SERVER_NAME' => 'localhost'
    'SERVER_PORT' => '8080'
    'REQUEST_URI' => '/index.php?r=barang%2Fcreate'
    'REQUEST_METHOD' => 'POST'
    'SCRIPT_NAME' => '/index.php'
    'SCRIPT_FILENAME' => 'C:\\Users\\USER\\Downloads\\SERKOM\\web-toko\\EVERYDAYMART\\web\\index.php'
    'PHP_SELF' => '/index.php'
    'QUERY_STRING' => 'r=barang%2Fcreate'
    'HTTP_HOST' => 'localhost:8080'
    'HTTP_CONNECTION' => 'keep-alive'
    'CONTENT_LENGTH' => '16295'
    'HTTP_CONTENT_LENGTH' => '16295'
    'HTTP_CACHE_CONTROL' => 'max-age=0'
    'HTTP_SEC_CH_UA' => '\"Microsoft Edge\";v=\"153\", \"Not_A Brand\";v=\"8\", \"Chromium\";v=\"153\"'
    'HTTP_SEC_CH_UA_MOBILE' => '?0'
    'HTTP_SEC_CH_UA_PLATFORM' => '\"Windows\"'
    'HTTP_UPGRADE_INSECURE_REQUESTS' => '1'
    'CONTENT_TYPE' => 'multipart/form-data; boundary=----WebKitFormBoundarylcXWYuxeZ1rd7fXY'
    'HTTP_CONTENT_TYPE' => 'multipart/form-data; boundary=----WebKitFormBoundarylcXWYuxeZ1rd7fXY'
    'HTTP_USER_AGENT' => 'Mozilla/5.0 (Windows NT 10.0; Win64; x64) AppleWebKit/537.36 (KHTML, like Gecko) Chrome/153.0.0.0 Safari/537.36 Edg/153.0.0.0'
    'HTTP_ORIGIN' => 'http://localhost:8080'
    'HTTP_ACCEPT' => 'text/html,application/xhtml+xml,application/xml;q=0.9,image/avif,image/webp,image/apng,*/*;q=0.8,application/signed-exchange;v=b3;q=0.7'
    'HTTP_SEC_FETCH_SITE' => 'same-origin'
    'HTTP_SEC_FETCH_MODE' => 'navigate'
    'HTTP_SEC_FETCH_USER' => '?1'
    'HTTP_SEC_FETCH_DEST' => 'document'
    'HTTP_REFERER' => 'http://localhost:8080/index.php?r=barang%2Fcreate'
    'HTTP_ACCEPT_ENCODING' => 'gzip, deflate, br, zstd'
    'HTTP_ACCEPT_LANGUAGE' => 'en-US,en;q=0.9,id;q=0.8,en-ID;q=0.7,id-ID;q=0.6'
    'HTTP_COOKIE' => 'PHPSESSID=8995238bd48b0f11a63eed1d6c6e78c7; _identity=315de64354e447141d4474079587fddbf24651f74f13e00a13a49b181dda432ba%3A2%3A%7Bi%3A0%3Bs%3A9%3A%22_identity%22%3Bi%3A1%3Bs%3A16%3A%22%5B1%2Cnull%2C2592000%5D%22%3B%7D; _csrf=6e76457fc7f44db49c2753bd41e0bb991ffaa68271951a3acfbb13e32ecb2a9fa%3A2%3A%7Bi%3A0%3Bs%3A5%3A%22_csrf%22%3Bi%3A1%3Bs%3A32%3A%22EtL2rJwi5V19BRd8BcyjycfVrN7p4Z7C%22%3B%7D'
    'REQUEST_TIME_FLOAT' => 1789627997.5028
    'REQUEST_TIME' => 1789627997
]
2026-09-17 14:09:05 [::1][1][7b3061f766b38a6c33766471509e1b75][error][yii\db\Exception] PDOException: SQLSTATE[HY000]: General error: 1364 Field 'id_outlet' doesn't have a default value in C:\Users\USER\Downloads\SERKOM\web-toko\EVERYDAYMART\vendor\yiisoft\yii2\db\Command.php:1320
Stack trace:
#0 C:\Users\USER\Downloads\SERKOM\web-toko\EVERYDAYMART\vendor\yiisoft\yii2\db\Command.php(1320): PDOStatement->execute()
#1 C:\Users\USER\Downloads\SERKOM\web-toko\EVERYDAYMART\vendor\yiisoft\yii2\db\Command.php(1120): yii\db\Command->internalExecute('INSERT INTO `st...')
#2 C:\Users\USER\Downloads\SERKOM\web-toko\EVERYDAYMART\vendor\yiisoft\yii2\db\Schema.php(432): yii\db\Command->execute()
#3 C:\Users\USER\Downloads\SERKOM\web-toko\EVERYDAYMART\vendor\yiisoft\yii2\db\ActiveRecord.php(627): yii\db\Schema->insert('stok_barang', Array)
#4 C:\Users\USER\Downloads\SERKOM\web-toko\EVERYDAYMART\vendor\yiisoft\yii2\db\ActiveRecord.php(565): yii\db\ActiveRecord->insertInternal(NULL)
#5 C:\Users\USER\Downloads\SERKOM\web-toko\EVERYDAYMART\vendor\yiisoft\yii2\db\BaseActiveRecord.php(695): yii\db\ActiveRecord->insert(false, NULL)
#6 C:\Users\USER\Downloads\SERKOM\web-toko\EVERYDAYMART\controllers\BarangController.php(99): yii\db\BaseActiveRecord->save(false)
#7 [internal function]: app\controllers\BarangController->actionCreate()
#8 C:\Users\USER\Downloads\SERKOM\web-toko\EVERYDAYMART\vendor\yiisoft\yii2\base\InlineAction.php(60): call_user_func_array(Array, Array)
#9 C:\Users\USER\Downloads\SERKOM\web-toko\EVERYDAYMART\vendor\yiisoft\yii2\base\Controller.php(182): yii\base\InlineAction->runWithParams(Array)
#10 C:\Users\USER\Downloads\SERKOM\web-toko\EVERYDAYMART\vendor\yiisoft\yii2\base\Module.php(547): yii\base\Controller->runAction('create', Array)
#11 C:\Users\USER\Downloads\SERKOM\web-toko\EVERYDAYMART\vendor\yiisoft\yii2\web\Application.php(105): yii\base\Module->runAction('barang/create', Array)
#12 C:\Users\USER\Downloads\SERKOM\web-toko\EVERYDAYMART\vendor\yiisoft\yii2\base\Application.php(382): yii\web\Application->handleRequest(Object(yii\web\Request))
#13 C:\Users\USER\Downloads\SERKOM\web-toko\EVERYDAYMART\web\index.php(14): yii\base\Application->run()
#14 {main}

Next yii\db\Exception: SQLSTATE[HY000]: General error: 1364 Field 'id_outlet' doesn't have a default value
The SQL being executed was: INSERT INTO `stok_barang` (`id_barang`, `jumlah_stok`) VALUES (12, 0) in C:\Users\USER\Downloads\SERKOM\web-toko\EVERYDAYMART\vendor\yiisoft\yii2\db\Schema.php:677
Stack trace:
#0 C:\Users\USER\Downloads\SERKOM\web-toko\EVERYDAYMART\vendor\yiisoft\yii2\db\Command.php(1325): yii\db\Schema->convertException(Object(PDOException), 'INSERT INTO `st...')
#1 C:\Users\USER\Downloads\SERKOM\web-toko\EVERYDAYMART\vendor\yiisoft\yii2\db\Command.php(1120): yii\db\Command->internalExecute('INSERT INTO `st...')
#2 C:\Users\USER\Downloads\SERKOM\web-toko\EVERYDAYMART\vendor\yiisoft\yii2\db\Schema.php(432): yii\db\Command->execute()
#3 C:\Users\USER\Downloads\SERKOM\web-toko\EVERYDAYMART\vendor\yiisoft\yii2\db\ActiveRecord.php(627): yii\db\Schema->insert('stok_barang', Array)
#4 C:\Users\USER\Downloads\SERKOM\web-toko\EVERYDAYMART\vendor\yiisoft\yii2\db\ActiveRecord.php(565): yii\db\ActiveRecord->insertInternal(NULL)
#5 C:\Users\USER\Downloads\SERKOM\web-toko\EVERYDAYMART\vendor\yiisoft\yii2\db\BaseActiveRecord.php(695): yii\db\ActiveRecord->insert(false, NULL)
#6 C:\Users\USER\Downloads\SERKOM\web-toko\EVERYDAYMART\controllers\BarangController.php(99): yii\db\BaseActiveRecord->save(false)
#7 [internal function]: app\controllers\BarangController->actionCreate()
#8 C:\Users\USER\Downloads\SERKOM\web-toko\EVERYDAYMART\vendor\yiisoft\yii2\base\InlineAction.php(60): call_user_func_array(Array, Array)
#9 C:\Users\USER\Downloads\SERKOM\web-toko\EVERYDAYMART\vendor\yiisoft\yii2\base\Controller.php(182): yii\base\InlineAction->runWithParams(Array)
#10 C:\Users\USER\Downloads\SERKOM\web-toko\EVERYDAYMART\vendor\yiisoft\yii2\base\Module.php(547): yii\base\Controller->runAction('create', Array)
#11 C:\Users\USER\Downloads\SERKOM\web-toko\EVERYDAYMART\vendor\yiisoft\yii2\web\Application.php(105): yii\base\Module->runAction('barang/create', Array)
#12 C:\Users\USER\Downloads\SERKOM\web-toko\EVERYDAYMART\vendor\yiisoft\yii2\base\Application.php(382): yii\web\Application->handleRequest(Object(yii\web\Request))
#13 C:\Users\USER\Downloads\SERKOM\web-toko\EVERYDAYMART\web\index.php(14): yii\base\Application->run()
#14 {main}
Additional Information:
Array
(
    [0] => HY000
    [1] => 1364
    [2] => Field 'id_outlet' doesn't have a default value
)

2026-09-17 14:09:04 [::1][1][7b3061f766b38a6c33766471509e1b75][info][application] $_GET = [
    'r' => 'barang/create'
]

$_POST = [
    '_csrf' => 'wxDSFmHyr8r4LZMOmTbKxeHlGaLaeLfSeYfFGUTe_kSuaeojB7jYj5QU5ljdT5qL15Jg6rkZhaEp8r93aay6cA=='
    'Barang' => [
        'nama' => 'hjebwufhbs'
        'satuan' => '1'
        'harga' => '1'
        'id_group' => '2'
        'id_stock_rak' => '1'
        'id_ppn' => ''
        'imageFile' => ''
    ]
]

$_FILES = [
    'Barang' => [
        'name' => [
            'imageFile' => 'kaos polo.jpg'
        ]
        'full_path' => [
            'imageFile' => 'kaos polo.jpg'
        ]
        'type' => [
            'imageFile' => 'image/jpeg'
        ]
        'tmp_name' => [
            'imageFile' => 'C:\\Users\\USER\\AppData\\Local\\Temp\\php5D05.tmp'
        ]
        'error' => [
            'imageFile' => 0
        ]
        'size' => [
            'imageFile' => 15184
        ]
    ]
]

$_COOKIE = [
    'PHPSESSID' => '7b3061f766b38a6c33766471509e1b75'
    '_identity' => '315de64354e447141d4474079587fddbf24651f74f13e00a13a49b181dda432ba:2:{i:0;s:9:\"_identity\";i:1;s:16:\"[1,null,2592000]\";}'
    '_csrf' => 'bbabb1a7e569ddef09a682c2b4728b831ced03337ef3f670047fb75ea729aed9a:2:{i:0;s:5:\"_csrf\";i:1;s:32:\"my85fJwEl9uVDyPN6wyHca2sPuzn-rD4\";}'
]

$_SESSION = [
    '__flash' => []
    '__id' => 1
    '__authKey' => null
]

$_SERVER = [
    'DOCUMENT_ROOT' => 'C:\\Users\\USER\\Downloads\\SERKOM\\web-toko\\EVERYDAYMART\\web'
    'REMOTE_ADDR' => '::1'
    'REMOTE_PORT' => '53713'
    'SERVER_SOFTWARE' => 'PHP/8.4.13 (Development Server)'
    'SERVER_PROTOCOL' => 'HTTP/1.1'
    'SERVER_NAME' => 'localhost'
    'SERVER_PORT' => '8080'
    'REQUEST_URI' => '/index.php?r=barang%2Fcreate'
    'REQUEST_METHOD' => 'POST'
    'SCRIPT_NAME' => '/index.php'
    'SCRIPT_FILENAME' => 'C:\\Users\\USER\\Downloads\\SERKOM\\web-toko\\EVERYDAYMART\\web\\index.php'
    'PHP_SELF' => '/index.php'
    'QUERY_STRING' => 'r=barang%2Fcreate'
    'HTTP_HOST' => 'localhost:8080'
    'HTTP_CONNECTION' => 'keep-alive'
    'CONTENT_LENGTH' => '16293'
    'HTTP_CONTENT_LENGTH' => '16293'
    'HTTP_CACHE_CONTROL' => 'max-age=0'
    'HTTP_SEC_CH_UA' => '\"Microsoft Edge\";v=\"153\", \"Not_A Brand\";v=\"8\", \"Chromium\";v=\"153\"'
    'HTTP_SEC_CH_UA_MOBILE' => '?0'
    'HTTP_SEC_CH_UA_PLATFORM' => '\"Windows\"'
    'HTTP_UPGRADE_INSECURE_REQUESTS' => '1'
    'CONTENT_TYPE' => 'multipart/form-data; boundary=----WebKitFormBoundarykAnoSydvwTtXBqmo'
    'HTTP_CONTENT_TYPE' => 'multipart/form-data; boundary=----WebKitFormBoundarykAnoSydvwTtXBqmo'
    'HTTP_USER_AGENT' => 'Mozilla/5.0 (Windows NT 10.0; Win64; x64) AppleWebKit/537.36 (KHTML, like Gecko) Chrome/153.0.0.0 Safari/537.36 Edg/153.0.0.0'
    'HTTP_ORIGIN' => 'http://localhost:8080'
    'HTTP_ACCEPT' => 'text/html,application/xhtml+xml,application/xml;q=0.9,image/avif,image/webp,image/apng,*/*;q=0.8,application/signed-exchange;v=b3;q=0.7'
    'HTTP_SEC_FETCH_SITE' => 'same-origin'
    'HTTP_SEC_FETCH_MODE' => 'navigate'
    'HTTP_SEC_FETCH_USER' => '?1'
    'HTTP_SEC_FETCH_DEST' => 'document'
    'HTTP_REFERER' => 'http://localhost:8080/index.php?r=barang%2Fcreate'
    'HTTP_ACCEPT_ENCODING' => 'gzip, deflate, br, zstd'
    'HTTP_ACCEPT_LANGUAGE' => 'en-US,en;q=0.9,id;q=0.8,en-ID;q=0.7,id-ID;q=0.6'
    'HTTP_COOKIE' => 'PHPSESSID=7b3061f766b38a6c33766471509e1b75; _identity=315de64354e447141d4474079587fddbf24651f74f13e00a13a49b181dda432ba%3A2%3A%7Bi%3A0%3Bs%3A9%3A%22_identity%22%3Bi%3A1%3Bs%3A16%3A%22%5B1%2Cnull%2C2592000%5D%22%3B%7D; _csrf=bbabb1a7e569ddef09a682c2b4728b831ced03337ef3f670047fb75ea729aed9a%3A2%3A%7Bi%3A0%3Bs%3A5%3A%22_csrf%22%3Bi%3A1%3Bs%3A32%3A%22my85fJwEl9uVDyPN6wyHca2sPuzn-rD4%22%3B%7D'
    'REQUEST_TIME_FLOAT' => 1789628944.7991
    'REQUEST_TIME' => 1789628944
]
